query_genome	query_id	query_length_bp	query_start_0based	query_end_0based	ref_id	ref_length_bp	ref_start_0based	ref_end_0based	orientation	matching_bases	alignment_block_length_bp	ref_span_bp	percent_identity	mapping_quality
FoCL57	KK035846.1	137471	133371	136145	NC_030986.1	6854980	45582	48328	opposite	2666	2774	2746	96.1067	60
FoCL57	KK035846.1	137471	100595	106783	NC_030986.1	6854980	48739	54942	opposite	6099	6205	6203	98.2917	60
FoCL57	KK035846.1	137471	62715	98899	NC_030986.1	6854980	56638	93526	opposite	35579	36897	36888	96.4279	60
FoCL57	KK035846.1	137471	60766	61128	NC_030986.1	6854980	107481	107843	opposite	346	362	362	95.5801	60
FoCL57	KK035846.1	137471	52487	60910	NC_030986.1	6854980	107699	115654	opposite	7723	8424	7955	91.6785	60
FoCL57	KK035846.1	137471	38939	41555	NC_030986.1	6854980	117253	119867	opposite	2528	2618	2614	96.5623	60
FoCL57	KK035846.1	137471	31715	32573	NC_030986.1	6854980	124236	125093	opposite	802	858	857	93.4732	60
FoCL57	KK035846.1	137471	18362	31412	NC_030986.1	6854980	126862	139888	opposite	12517	12983	13026	96.4107	60
FoCL57	KK035846.1	137471	5978	14788	NC_030986.1	6854980	140775	152314	opposite	8546	11555	11539	73.9593	60
FoCL57	KK035846.1	137471	4775	5553	NC_030986.1	6854980	152740	153518	opposite	755	778	778	97.0437	60
FoCL57	KK035840.1	1038905	419471	421612	NC_030986.1	6854980	157844	159987	same	1927	2147	2143	89.7531	24
FoCL57	JH651385.1	5064356	69421	71547	NC_030986.1	6854980	158084	160210	opposite	1911	2126	2126	89.8871	41
FoCL57	JH651407.1	111915	64957	67072	NC_030986.1	6854980	158091	160210	same	1916	2142	2119	89.4491	16
FoCL57	KK035847.1	91901	82709	84754	NC_030986.1	6854980	158165	160210	opposite	1874	2046	2045	91.5934	28
FoCL57	JH651388.1	2947611	9767	11480	NC_030986.1	6854980	158181	159894	same	1573	1713	1713	91.8272	2
FoCL57	JH651391.1	2471847	22241	25337	NC_030986.1	6854980	159291	162857	opposite	2758	3580	3566	77.0391	60
FoCL57	KK035847.1	91901	81339	82031	NC_030986.1	6854980	161360	162052	opposite	644	692	692	93.0636	27
FoCL57	JH651393.1	2142601	10365	11799	NC_030986.1	6854980	161384	162816	same	1312	1434	1432	91.4923	60
FoCL57	KK035846.1	137471	1110	1702	NC_030986.1	6854980	164159	164751	opposite	554	592	592	93.5811	60
FoCL57	KK035846.1	137471	324	987	NC_030986.1	6854980	170591	171256	opposite	635	665	665	95.4887	60
FoCL57	JH651395.1	1675914	131	22341	NC_030986.1	6854980	171605	193920	same	21722	22366	22315	97.1206	60
FoCL57	JH651395.1	1675914	22584	36806	NC_030986.1	6854980	194160	208351	same	13924	14244	14191	97.7534	60
FoCL57	JH651395.1	1675914	36894	41432	NC_030986.1	6854980	210537	215079	same	4451	4542	4542	97.9965	60
FoCL57	JH651395.1	1675914	41727	66413	NC_030986.1	6854980	215374	240725	same	24321	25360	25351	95.9030	60
FoCL57	JH651395.1	1675914	68424	113491	NC_030986.1	6854980	243297	274794	same	30753	45180	31497	68.0677	60
FoCL57	JH651395.1	1675914	113707	209005	NC_030986.1	6854980	275031	365576	same	88622	95551	90545	92.7484	60
FoCL57	JH651395.1	1675914	209063	232972	NC_030986.1	6854980	365644	389807	same	23395	24182	24163	96.7455	60
FoCL57	JH651395.1	1675914	239171	248871	NC_030986.1	6854980	395460	405336	same	9418	9886	9876	95.2660	60
FoCL57	JH651395.1	1675914	277480	299604	NC_030986.1	6854980	409620	431753	same	21627	22158	22133	97.6036	60
FoCL57	JH651395.1	1675914	301759	306594	NC_030986.1	6854980	434010	438830	same	4712	4841	4820	97.3353	60
FoCL57	JH651395.1	1675914	306727	346350	NC_030986.1	6854980	438976	478601	same	38842	39733	39625	97.7575	60
FoCL57	JH651395.1	1675914	346458	374382	NC_030986.1	6854980	478708	506601	same	26625	28284	27893	94.1345	60
FoCL57	JH651395.1	1675914	384011	399085	NC_030986.1	6854980	517109	532304	same	14764	15209	15195	97.0741	60
FoCL57	JH651395.1	1675914	405890	410830	NC_030986.1	6854980	533350	538290	same	4873	4940	4940	98.6437	60
FoCL57	JH651395.1	1675914	411450	412332	NC_030986.1	6854980	538912	539794	same	856	882	882	97.0522	60
FoCL57	JH651395.1	1675914	412462	412974	NC_030986.1	6854980	539940	540452	same	488	512	512	95.3125	60
FoCL57	JH651395.1	1675914	413171	450456	NC_030986.1	6854980	540649	577955	same	36850	37265	37306	98.8864	60
FoCL57	JH651395.1	1675914	450647	510064	NC_030986.1	6854980	578147	637593	same	58908	59477	59446	99.0433	60
FoCL57	JH651395.1	1675914	511349	512976	NC_030986.1	6854980	638789	640417	same	1611	1628	1628	98.9558	60
FoCL57	JH651395.1	1675914	513152	514812	NC_030986.1	6854980	640736	642387	same	1631	1660	1651	98.2530	60
FoCL57	JH651395.1	1675914	515221	563604	NC_030986.1	6854980	643087	691454	same	48090	48391	48367	99.3780	60
FoCL57	JH651395.1	1675914	563712	609580	NC_030986.1	6854980	691580	737427	same	45517	45889	45847	99.1893	60
FoCL57	JH651395.1	1675914	610222	721118	NC_030986.1	6854980	738266	847960	same	108105	111125	109694	97.2823	60
FoCL57	JH651395.1	1675914	721279	728947	NC_030986.1	6854980	848104	855767	same	7589	7678	7663	98.8408	60
FoCL57	JH651395.1	1675914	729546	810517	NC_030986.1	6854980	856363	937471	same	80010	81087	81108	98.6718	60
FoCL57	JH651395.1	1675914	811109	816454	NC_030986.1	6854980	937996	943358	same	5284	5364	5362	98.5086	60
FoCL57	JH651395.1	1675914	816531	846751	NC_030986.1	6854980	943440	973717	same	29905	30305	30277	98.6801	60
FoCL57	JH651395.1	1675914	846899	898929	NC_030986.1	6854980	973871	1025821	same	51590	52054	51950	99.1086	60
FoCL57	JH651395.1	1675914	899151	935781	NC_030986.1	6854980	1026045	1062598	same	36334	36663	36553	99.1026	60
FoCL57	JH651395.1	1675914	935889	997139	NC_030986.1	6854980	1062723	1123966	same	60761	61289	61243	99.1385	60
FoCL57	JH651395.1	1675914	1000485	1011256	NC_030986.1	6854980	1127152	1137952	same	10695	10805	10800	98.9820	60
FoCL57	JH651395.1	1675914	1011406	1088237	NC_030986.1	6854980	1138113	1215128	same	76241	76946	77015	99.0838	60
FoCL57	JH651395.1	1675914	1090893	1116748	NC_030986.1	6854980	1217556	1243454	same	25670	25909	25898	99.0775	60
FoCL57	JH651395.1	1675914	1117690	1195341	NC_030986.1	6854980	1244348	1322616	same	76973	78417	78268	98.1586	60
FoCL57	JH651395.1	1675914	1195502	1272911	NC_030986.1	6854980	1322784	1400307	same	76788	77413	77523	99.1926	60
FoCL57	JH651395.1	1675914	1273495	1304496	NC_030986.1	6854980	1401054	1432060	same	30797	31023	31006	99.2715	60
FoCL57	JH651395.1	1675914	1311460	1314139	NC_030986.1	6854980	1439409	1442090	same	2626	2681	2681	97.9485	60
FoCL57	JH651395.1	1675914	1314402	1437353	NC_030986.1	6854980	1442279	1565615	same	120995	124114	123336	97.4870	60
FoCL57	JH651395.1	1675914	1437751	1446651	NC_030986.1	6854980	1566074	1574979	same	8847	8905	8905	99.3487	60
FoCL57	JH651395.1	1675914	1446816	1475517	NC_030986.1	6854980	1575156	1603673	same	28269	28624	28517	98.7598	60
FoCL57	JH651395.1	1675914	1536804	1637827	NC_030986.1	6854980	1610369	1711439	same	100247	101226	101070	99.0329	60
FoCL57	JH651395.1	1675914	1637933	1659973	NC_030986.1	6854980	1711541	1733541	same	21791	22118	22000	98.5216	60
FoCL57	JH651395.1	1675914	1660469	1675513	NC_030986.1	6854980	1734176	1749057	same	14798	14960	14881	98.9171	60
FoCL57	JH651392.1	2218604	1267	7507	NC_030986.1	6854980	1749055	1755293	same	6176	6261	6238	98.6424	60
FoCL57	JH651392.1	2218604	7626	90940	NC_030986.1	6854980	1755401	1838835	same	82645	83295	83434	99.2196	60
FoCL57	JH651392.1	2218604	91550	117409	NC_030986.1	6854980	1839452	1866150	same	25675	26727	26698	96.0639	60
FoCL57	JH651392.1	2218604	118957	130159	NC_030986.1	6854980	1867885	1879114	same	11097	11259	11229	98.5612	60
FoCL57	JH651392.1	2218604	130667	161864	NC_030986.1	6854980	1879754	1910582	same	30503	31204	30828	97.7535	60
FoCL57	JH651392.1	2218604	162312	211427	NC_030986.1	6854980	1911218	1960778	same	48677	49138	49560	99.0618	60
FoCL57	JH651392.1	2218604	211953	238710	NC_030986.1	6854980	1961368	1988142	same	26554	26801	26774	99.0784	60
FoCL57	JH651392.1	2218604	239080	286157	NC_030986.1	6854980	1988594	2035931	same	46536	47223	47337	98.5452	60
FoCL57	JH651392.1	2218604	286699	289996	NC_030986.1	6854980	2036756	2040066	same	3272	3313	3310	98.7625	60
FoCL57	JH651392.1	2218604	290572	303387	NC_030986.1	6854980	2040554	2053373	same	12742	12821	12819	99.3838	60
FoCL57	JH651392.1	2218604	304577	336677	NC_030986.1	6854980	2054359	2087439	same	31871	33118	33080	96.2347	60
FoCL57	JH651392.1	2218604	337334	500189	NC_030986.1	6854980	2087927	2250772	same	161778	163011	162845	99.2436	60
FoCL57	JH651392.1	2218604	500590	558136	NC_030986.1	6854980	2251302	2308623	same	56833	57398	57321	99.0156	60
FoCL57	JH651392.1	2218604	558249	810239	NC_030986.1	6854980	2308742	2560625	same	249937	252261	251883	99.0787	60
FoCL57	JH651392.1	2218604	810551	836440	NC_030986.1	6854980	2561055	2586920	same	25579	25957	25865	98.5437	60
FoCL57	JH651392.1	2218604	836770	837908	NC_030986.1	6854980	2587174	2588332	same	1113	1158	1158	96.1140	60
FoCL57	JH651392.1	2218604	838165	841066	NC_030986.1	6854980	2588590	2591509	same	2661	2935	2919	90.6644	60
FoCL57	JH651392.1	2218604	842333	860969	NC_030986.1	6854980	2598024	2616198	same	17897	18708	18174	95.6650	60
FoCL57	JH651392.1	2218604	861050	877312	NC_030986.1	6854980	2616280	2632513	same	16122	16266	16233	99.1147	60
FoCL57	JH651392.1	2218604	878200	907157	NC_030986.1	6854980	2634085	2662913	same	28620	28899	28828	99.0346	60
FoCL57	JH651392.1	2218604	907383	922283	NC_030986.1	6854980	2663281	2678180	same	14805	14909	14899	99.3024	60
FoCL57	JH651392.1	2218604	922591	942618	NC_030986.1	6854980	2678480	2698506	same	19905	20027	20026	99.3908	60
FoCL57	JH651392.1	2218604	942747	948327	NC_030986.1	6854980	2698479	2704155	same	5510	5700	5676	96.6667	60
FoCL57	JH651392.1	2218604	948485	1038655	NC_030986.1	6854980	2704314	2794413	same	89427	90320	90099	99.0113	60
FoCL57	JH651392.1	2218604	1038747	1143343	NC_030986.1	6854980	2794507	2899757	same	103933	105326	105250	98.6774	60
FoCL57	JH651392.1	2218604	1143841	1153269	NC_030986.1	6854980	2900224	2909649	same	9360	9435	9425	99.2051	60
FoCL57	JH651392.1	2218604	1153611	1193778	NC_030986.1	6854980	2910153	2950021	same	39531	39949	39868	98.9537	60
FoCL57	JH651392.1	2218604	1193898	1219461	NC_030986.1	6854980	2950137	2975731	same	25408	25611	25594	99.2074	60
FoCL57	JH651392.1	2218604	1220245	1517346	NC_030986.1	6854980	2977184	3274241	same	294837	297311	297057	99.1679	60
FoCL57	JH651392.1	2218604	1517585	1522181	NC_030986.1	6854980	3274486	3279088	same	4568	4613	4602	99.0245	60
FoCL57	JH651392.1	2218604	1522629	1583865	NC_030986.1	6854980	3279507	3341020	same	60720	61383	61513	98.9199	60
FoCL57	JH651392.1	2218604	1584738	1627532	NC_030986.1	6854980	3341778	3384547	same	42522	42827	42769	99.2878	60
FoCL57	JH651392.1	2218604	1627718	1754553	NC_030986.1	6854980	3384726	3511518	same	125862	126987	126792	99.1141	60
FoCL57	JH651392.1	2218604	1755038	1868795	NC_030986.1	6854980	3511844	3625585	same	112976	113857	113741	99.2262	60
FoCL57	JH651392.1	2218604	1868926	1870235	NC_030986.1	6854980	3625718	3627027	same	1297	1309	1309	99.0833	60
FoCL57	JH651392.1	2218604	1870529	1874010	NC_030986.1	6854980	3627347	3630814	same	3433	3481	3467	98.6211	60
FoCL57	JH651392.1	2218604	1874141	1875518	NC_030986.1	6854980	3631042	3632427	same	1372	1387	1385	98.9185	60
FoCL57	JH651392.1	2218604	1875757	1957701	NC_030986.1	6854980	3632639	3714483	same	81177	81935	81844	99.0749	60
FoCL57	JH651392.1	2218604	1959113	1992898	NC_030986.1	6854980	3715878	3749639	same	33532	33816	33761	99.1602	60
FoCL57	JH651392.1	2218604	1993014	2146104	NC_030986.1	6854980	3749762	3903657	same	151844	153603	153895	98.8548	60
FoCL57	JH651392.1	2218604	2146898	2167972	NC_030986.1	6854980	3905362	3927150	same	20840	21716	21788	95.9661	60
FoCL57	JH651392.1	2218604	2168236	2193095	NC_030986.1	6854980	3927500	3952299	same	24605	24916	24799	98.7518	60
FoCL57	JH651392.1	2218604	2193186	2218598	NC_030986.1	6854980	3952389	3977850	same	25119	25398	25461	98.9015	60
FoCL57	JH651398.1	1468334	1	58183	NC_030986.1	6854980	3973249	4031489	same	57580	58138	58240	99.0402	60
FoCL57	JH651398.1	1468334	58840	64747	NC_030986.1	6854980	4032226	4038134	same	5880	5908	5908	99.5261	60
FoCL57	JH651398.1	1468334	64999	70370	NC_030986.1	6854980	4038496	4043866	same	5346	5375	5370	99.4605	60
FoCL57	JH651398.1	1468334	70455	302047	NC_030986.1	6854980	4043960	4276331	same	229785	232657	232371	98.7656	60
FoCL57	JH651398.1	1468334	302549	307759	NC_030986.1	6854980	4276883	4282043	same	5135	5210	5160	98.5605	60
FoCL57	JH651398.1	1468334	308130	320107	NC_030986.1	6854980	4282857	4294882	same	11928	12030	12025	99.1521	60
FoCL57	JH651398.1	1468334	321511	368634	NC_030986.1	6854980	4295989	4343292	same	46747	47133	47303	99.1810	60
FoCL57	JH651398.1	1468334	368899	469754	NC_030986.1	6854980	4343647	4444539	same	99842	100976	100892	98.8770	60
FoCL57	JH651398.1	1468334	470014	476445	NC_030986.1	6854980	4447683	4454121	same	6383	6439	6438	99.1303	60
FoCL57	JH651398.1	1468334	476727	509476	NC_030986.1	6854980	4454410	4485563	same	30447	32731	31153	93.0219	60
FoCL57	JH651398.1	1468334	509941	511420	NC_030986.1	6854980	4487523	4489001	same	1471	1481	1478	99.3248	60
FoCL57	JH651398.1	1468334	513773	539780	NC_030986.1	6854980	4491869	4517636	same	25373	25968	25767	97.7087	60
FoCL57	JH651398.1	1468334	543462	546985	NC_030986.1	6854980	4521289	4524813	same	3496	3524	3524	99.2054	60
FoCL57	JH651398.1	1468334	547147	605700	NC_030986.1	6854980	4524976	4580341	same	54698	58865	55365	92.9211	60
FoCL57	JH651398.1	1468334	605891	722725	NC_030986.1	6854980	4580548	4697682	same	116125	117245	117134	99.0447	60
FoCL57	JH651398.1	1468334	722789	837904	NC_030986.1	6854980	4697755	4812752	same	114148	115106	114997	99.1677	60
FoCL57	JH651398.1	1468334	838055	951018	NC_030986.1	6854980	4812901	4927291	same	111781	114459	114390	97.6603	60
FoCL57	JH651398.1	1468334	951255	972317	NC_030986.1	6854980	4927857	4948985	same	20734	21091	21128	98.3073	60
FoCL57	JH651398.1	1468334	972703	975661	NC_030986.1	6854980	4949469	4952425	same	2945	2958	2956	99.5605	60
FoCL57	JH651398.1	1468334	975922	978499	NC_030986.1	6854980	4952818	4955393	same	2564	2578	2575	99.4569	60
FoCL57	JH651398.1	1468334	979269	1000479	NC_030986.1	6854980	4955991	4977347	same	20825	21320	21356	97.6782	60
FoCL57	JH651398.1	1468334	1000583	1081214	NC_030986.1	6854980	4977456	5058122	same	80046	80715	80666	99.1712	60
FoCL57	JH651398.1	1468334	1090764	1096376	NC_030986.1	6854980	5064366	5070046	same	5233	5734	5680	91.2626	60
FoCL57	JH651398.1	1468334	1096783	1150797	NC_030986.1	6854980	5070450	5124491	same	53467	54169	54041	98.7041	60
FoCL57	JH651398.1	1468334	1151929	1184612	NC_030986.1	6854980	5125635	5158303	same	32407	32719	32668	99.0464	60
FoCL57	JH651398.1	1468334	1184802	1318471	NC_030986.1	6854980	5158564	5292335	same	132773	133742	133771	99.2755	60
FoCL57	JH651398.1	1468334	1318573	1372658	NC_030986.1	6854980	5292446	5346577	same	53442	54083	54131	98.8148	60
FoCL57	JH651398.1	1468334	1373265	1425650	NC_030986.1	6854980	5347194	5399582	same	51535	52195	52388	98.7355	60
FoCL57	JH651398.1	1468334	1428376	1439556	NC_030986.1	6854980	5401371	5412580	same	11002	11215	11209	98.1008	60
FoCL57	JH651398.1	1468334	1439668	1461376	NC_030986.1	6854980	5412704	5434408	same	21459	21720	21704	98.7983	60
FoCL57	JH651398.1	1468334	1461949	1462687	NC_030986.1	6854980	5435537	5436277	same	720	740	740	97.2973	60
FoCL57	JH651398.1	1468334	1462931	1464629	NC_030986.1	6854980	5436527	5438270	same	1595	1761	1743	90.5735	60
FoCL57	JH651398.1	1468334	1465684	1468334	NC_030986.1	6854980	5438777	5441409	same	2602	2651	2632	98.1516	60
FoCL57	KK035842.1	272278	174320	272278	NC_030986.1	6854980	5438832	5534022	opposite	93251	97915	95190	95.2367	60
FoCL57	KK035842.1	272278	155546	174044	NC_030986.1	6854980	5534378	5552646	opposite	18017	18508	18268	97.3471	60
FoCL57	KK035842.1	272278	154565	155118	NC_030986.1	6854980	5553107	5553660	opposite	546	553	553	98.7342	60
FoCL57	KK035842.1	272278	73253	154508	NC_030986.1	6854980	5553717	5634948	opposite	80520	81317	81231	99.0199	60
FoCL57	KK035842.1	272278	66434	71457	NC_030986.1	6854980	5637912	5642945	opposite	4972	5037	5033	98.7095	60
FoCL57	KK035842.1	272278	59121	66185	NC_030986.1	6854980	5643252	5650316	opposite	7017	7067	7064	99.2925	60
FoCL57	KK035842.1	272278	1215	58877	NC_030986.1	6854980	5650546	5708063	opposite	56663	57702	57517	98.1994	60
FoCL57	JH651402.1	711798	210	21160	NC_030986.1	6854980	5708732	5729728	same	20552	21014	20996	97.8015	60
FoCL57	JH651402.1	711798	21813	51430	NC_030986.1	6854980	5730363	5759985	same	29178	29697	29622	98.2523	60
FoCL57	JH651402.1	711798	52105	53047	NC_030986.1	6854980	5760634	5761576	same	929	942	942	98.6200	60
FoCL57	JH651402.1	711798	55273	68552	NC_030986.1	6854980	5764865	5778266	same	12872	13410	13401	95.9881	60
FoCL57	JH651402.1	711798	68979	124352	NC_030986.1	6854980	5778682	5831924	same	51551	56034	53242	91.9995	60
FoCL57	JH651402.1	711798	124514	151926	NC_030986.1	6854980	5832086	5859616	same	26560	27421	27530	96.8601	60
FoCL57	JH651402.1	711798	152425	155737	NC_030986.1	6854980	5860203	5863575	same	3217	3393	3372	94.8128	60
FoCL57	KK036076.1	1418	8	682	NC_030986.1	6854980	5940553	5941228	same	635	675	675	94.0741	41
FoCL57	JH651422.1	50541	2958	5948	NC_030986.1	6854980	5966773	5969729	opposite	2826	2991	2956	94.4835	60
FoCL57	JH651436.1	34711	630	1214	NC_030986.1	6854980	5967519	5968100	opposite	551	584	581	94.3493	15
FoCL57	JH651422.1	50541	0	1978	NC_030986.1	6854980	5970708	5972686	opposite	1926	1979	1978	97.3219	60
FoCL57	KK035967.1	2791	0	2791	NC_030986.1	6854980	5975146	5977895	same	2662	2794	2749	95.2756	0
FoCL57	KK035894.1	6486	3089	6486	NC_030986.1	6854980	5981307	5984966	same	3185	3682	3659	86.5019	0
FoCL57	JH651446.1	26737	0	837	NC_030986.1	6854980	5990254	5991091	same	810	837	837	96.7742	0
FoCL57	JH651417.1	57168	26906	27442	NC_030986.1	6854980	6005381	6005917	opposite	522	536	536	97.3881	0
FoCL57	JH651430.1	40904	40652	40904	NC_030986.1	6854980	6032400	6032652	same	250	252	252	99.2063	0
FoCL57	JH651421.1	50000	34736	35400	NC_030986.1	6854980	6034701	6035365	opposite	654	664	664	98.4940	0
FoCL57	KK035849.1	61333	2293	2756	NC_030986.1	6854980	6064750	6065215	opposite	443	470	465	94.2553	0
FoCL57	JH651390.1	2759859	2729097	2729436	NC_030986.1	6854980	6073592	6073931	same	333	339	339	98.2301	15
FoCL57	JH651456.1	17309	5891	6352	NC_030986.1	6854980	6073982	6074443	same	453	461	461	98.2646	0
FoCL57	JH651390.1	2759859	2731970	2733435	NC_030986.1	6854980	6074965	6076427	same	1430	1465	1462	97.6109	0
FoCL57	JH651415.1	57426	29483	32326	NC_030986.1	6854980	6130118	6133004	same	2727	2886	2886	94.4906	51
FoCL57	JH651402.1	711798	336198	337996	NC_030986.1	6854980	6149372	6151172	same	1660	1804	1800	92.0177	0
FoCL57	JH651402.1	711798	338938	341052	NC_030986.1	6854980	6152182	6154334	same	1975	2155	2152	91.6473	0
FoCL57	JH651435.1	35525	6069	7830	NC_030986.1	6854980	6173560	6175321	same	1686	1762	1761	95.6867	8
FoCL57	JH651440.1	30340	30062	30337	NC_030986.1	6854980	6242471	6242746	opposite	269	275	275	97.8182	0
FoCL57	JH651427.1	45697	19301	19900	NC_030986.1	6854980	6276623	6277222	same	592	599	599	98.8314	0
FoCL57	JH651466.1	15004	10410	10840	NC_030986.1	6854980	6281561	6281991	same	408	430	430	94.8837	0
FoCL57	JH651415.1	57426	14977	16280	NC_030986.1	6854980	6293458	6294762	same	1279	1304	1304	98.0828	60
FoCL57	JH651443.1	27152	16643	17244	NC_030986.1	6854980	6347300	6347901	opposite	600	601	601	99.8336	0
FoCL57	JH651390.1	2759859	116806	117552	NC_030986.1	6854980	6423106	6423852	same	692	746	746	92.7614	0
FoCL57	JH651402.1	711798	602920	604430	NC_030986.1	6854980	6429523	6431033	same	1379	1510	1510	91.3245	0
FoCL57	JH651402.1	711798	614365	616155	NC_030986.1	6854980	6438472	6440263	same	1704	1791	1791	95.1424	60
FoCL57	KK035955.1	3012	5	3004	NC_030986.1	6854980	6446308	6449322	same	2887	3015	3014	95.7546	22
FoCL57	KK035952.1	3166	1456	3150	NC_030986.1	6854980	6448357	6450051	same	1632	1694	1694	96.3400	60
FoCL57	JH651459.1	17145	15999	16256	NC_030986.1	6854980	6478843	6479100	opposite	256	257	257	99.6109	0
FoCL57	JH651428.1	44983	14085	14496	NC_030986.1	6854980	6480745	6481156	same	392	411	411	95.3771	0
FoCL57	JH651388.1	2947611	73075	73568	NC_030986.1	6854980	6483615	6484099	opposite	463	493	484	93.9148	0
FoCL57	KK035840.1	1038905	69793	72407	NC_030986.1	6854980	6487201	6489819	same	2490	2623	2618	94.9295	0
FoCL57	JH651400.1	1058449	877639	880395	NC_030986.1	6854980	6513401	6516157	opposite	2513	2756	2756	91.1829	0
FoCL57	JH651478.1	10109	9382	10109	NC_030986.1	6854980	6551075	6551802	same	700	731	727	95.7592	8
FoCL57	JH651390.1	2759859	2570091	2583134	NC_030986.1	6854980	6611483	6624529	opposite	12755	13048	13046	97.7544	60
FoCL57	JH651390.1	2759859	2545035	2553830	NC_030986.1	6854980	6650589	6660646	opposite	8743	10058	10057	86.9258	60
FoCL57	JH651390.1	2759859	2592028	2607909	NC_030986.1	6854980	6671248	6683601	same	12239	15922	12353	76.8685	60
FoCL57	JH651422.1	50541	38198	38633	NC_030986.1	6854980	6690209	6690646	opposite	418	437	437	95.6522	0
FoCL57	JH651390.1	2759859	2638852	2640760	NC_030986.1	6854980	6714451	6716361	same	1743	1911	1910	91.2088	32
FoCL57	KK036033.1	1638	0	325	NC_030986.1	6854980	6716346	6716671	same	319	325	325	98.1538	0
FoCL57	JH651466.1	15004	13572	14497	NC_030986.1	6854980	6767001	6767917	same	898	926	916	96.9762	0
FoCL57	JH651386.1	4537458	0	2296	NC_030986.1	6854980	6841185	6843482	opposite	2211	2297	2297	96.2560	24
FoCL57	KK035845.1	143271	0	2339	NC_030986.1	6854980	6841727	6844066	same	2253	2339	2339	96.3232	31
FoCL57	JH651427.1	45697	3566	5428	NC_030986.1	6854980	6852497	6854359	same	1850	1862	1862	99.3555	32
FoCL57	JH651420.1	52559	27712	27960	NC_030986.1	6854980	6854406	6854654	opposite	245	248	248	98.7903	0
FoCL57	KK035845.1	143271	77725	107490	NC_030987.1	5577357	36402	66480	opposite	29088	30057	30078	96.7761	60
FoCL57	KK035845.1	143271	39243	67691	NC_030987.1	5577357	104699	132563	opposite	27228	28482	27864	95.5972	60
FoCL57	KK035845.1	143271	24501	35464	NC_030987.1	5577357	138341	149293	opposite	10637	10977	10952	96.9026	60
FoCL57	KK035845.1	143271	2337	15785	NC_030987.1	5577357	149759	162737	opposite	12423	13415	12978	92.6053	60
FoCL57	JH651386.1	4537458	2298	2526	NC_030987.1	5577357	162734	162960	same	226	228	226	99.1228	60
FoCL57	JH651386.1	4537458	2517	8735	NC_030987.1	5577357	165847	171987	same	6006	6224	6140	96.4974	60
FoCL57	JH651386.1	4537458	8787	9653	NC_030987.1	5577357	178144	179009	same	850	866	865	98.1524	60
FoCL57	JH651386.1	4537458	10613	12371	NC_030987.1	5577357	179980	181735	same	1724	1758	1755	98.0660	60
FoCL57	JH651386.1	4537458	13328	19253	NC_030987.1	5577357	182808	188731	same	5818	5928	5923	98.1444	60
FoCL57	JH651386.1	4537458	19346	34285	NC_030987.1	5577357	188826	203691	same	14599	14943	14865	97.6979	60
FoCL57	JH651386.1	4537458	34293	34781	NC_030987.1	5577357	203848	204334	opposite	460	488	486	94.2623	60
FoCL57	JH651386.1	4537458	34841	62833	NC_030987.1	5577357	204340	232609	same	27288	28003	28269	97.4467	60
FoCL57	JH651386.1	4537458	62941	70010	NC_030987.1	5577357	232719	239787	same	6946	7073	7068	98.2044	60
FoCL57	JH651386.1	4537458	70310	73842	NC_030987.1	5577357	240090	243623	same	3221	3545	3533	90.8604	60
FoCL57	JH651386.1	4537458	74191	84975	NC_030987.1	5577357	243973	254721	same	10580	10797	10748	97.9902	60
FoCL57	JH651386.1	4537458	96280	113946	NC_030987.1	5577357	256609	274672	same	17252	18147	18063	95.0681	60
FoCL57	JH651386.1	4537458	114225	117722	NC_030987.1	5577357	274947	278587	same	3357	3654	3640	91.8719	60
FoCL57	JH651386.1	4537458	118764	125599	NC_030987.1	5577357	280002	286874	same	6650	6946	6872	95.7386	60
FoCL57	JH651386.1	4537458	126412	127623	NC_030987.1	5577357	287728	288936	same	1200	1212	1208	99.0099	60
FoCL57	JH651386.1	4537458	128399	144359	NC_030987.1	5577357	289684	305807	same	15634	15967	16123	97.9144	60
FoCL57	JH651386.1	4537458	144474	146788	NC_030987.1	5577357	305944	308258	same	2280	2315	2314	98.4881	60
FoCL57	JH651386.1	4537458	147086	176743	NC_030987.1	5577357	308699	338987	same	29018	30405	30288	95.4383	60
FoCL57	JH651386.1	4537458	177083	197762	NC_030987.1	5577357	339359	360202	same	20218	20605	20843	98.1218	60
FoCL57	JH651386.1	4537458	197887	198490	NC_030987.1	5577357	360310	360909	same	589	604	599	97.5166	60
FoCL57	JH651386.1	4537458	202003	204291	NC_030987.1	5577357	365144	367711	same	2133	2573	2567	82.8993	60
FoCL57	JH651386.1	4537458	214613	227279	NC_030987.1	5577357	381704	395746	same	12362	14068	14042	87.8732	60
FoCL57	JH651386.1	4537458	227845	239193	NC_030987.1	5577357	396692	408047	same	11110	11430	11355	97.2003	60
FoCL57	JH651386.1	4537458	239382	248229	NC_030987.1	5577357	408231	417102	same	8748	8880	8871	98.5135	60
FoCL57	JH651386.1	4537458	248421	286362	NC_030987.1	5577357	417279	455229	same	37472	37991	37950	98.6339	60
FoCL57	JH651386.1	4537458	286478	317810	NC_030987.1	5577357	455345	486213	same	29506	31899	30868	92.4982	60
FoCL57	JH651386.1	4537458	318023	318719	NC_030987.1	5577357	486400	487098	same	650	698	698	93.1232	60
FoCL57	JH651386.1	4537458	319678	328972	NC_030987.1	5577357	487758	497620	same	9042	9868	9862	91.6295	60
FoCL57	JH651386.1	4537458	329272	349584	NC_030987.1	5577357	497897	518222	same	20124	20332	20325	98.9770	60
FoCL57	JH651386.1	4537458	349441	352520	NC_030987.1	5577357	518079	521154	same	2879	3079	3075	93.5044	60
FoCL57	JH651386.1	4537458	356156	370726	NC_030987.1	5577357	525065	539525	same	14069	14603	14460	96.3432	60
FoCL57	JH651386.1	4537458	375916	449578	NC_030987.1	5577357	541599	621183	same	72010	79782	79584	90.2585	60
FoCL57	JH651386.1	4537458	451160	455573	NC_030987.1	5577357	627309	631721	same	4345	4414	4412	98.4368	60
FoCL57	JH651386.1	4537458	455701	480343	NC_030987.1	5577357	631877	656521	same	23807	24604	24644	96.7607	60
FoCL57	JH651386.1	4537458	484859	517809	NC_030987.1	5577357	660378	693676	same	32231	33339	33298	96.6766	60
FoCL57	JH651386.1	4537458	520266	657135	NC_030987.1	5577357	694377	831278	same	134814	137087	136901	98.3419	60
FoCL57	JH651386.1	4537458	657264	773626	NC_030987.1	5577357	831433	944922	same	111685	117155	113489	95.3310	60
FoCL57	JH651386.1	4537458	773878	900337	NC_030987.1	5577357	945176	1071864	same	125263	126649	126688	98.9056	60
FoCL57	JH651386.1	4537458	900337	900678	NC_030987.1	5577357	1071864	1072205	opposite	338	341	341	99.1202	60
FoCL57	JH651386.1	4537458	900678	910798	NC_030987.1	5577357	1072205	1082321	same	10022	10127	10116	98.9632	60
FoCL57	JH651386.1	4537458	911023	936416	NC_030987.1	5577357	1082859	1109637	same	25167	26851	26778	93.7284	60
FoCL57	JH651386.1	4537458	936490	966613	NC_030987.1	5577357	1109731	1139932	same	29865	30114	30201	99.1731	60
FoCL57	JH651386.1	4537458	968374	969887	NC_030987.1	5577357	1140141	1141654	opposite	1480	1513	1513	97.8189	60
FoCL57	JH651386.1	4537458	969887	1012750	NC_030987.1	5577357	1142750	1185955	same	42509	43010	43205	98.8352	60
FoCL57	JH651386.1	4537458	1012889	1081149	NC_030987.1	5577357	1186118	1254407	same	67790	68363	68289	99.1618	60
FoCL57	JH651386.1	4537458	1081568	1086318	NC_030987.1	5577357	1254836	1259592	same	4695	4756	4756	98.7174	60
FoCL57	JH651386.1	4537458	1086531	1131542	NC_030987.1	5577357	1259822	1304769	same	44619	45058	44947	99.0257	60
FoCL57	JH651386.1	4537458	1132325	1187303	NC_030987.1	5577357	1306469	1361102	same	53986	55005	54633	98.1474	60
FoCL57	JH651386.1	4537458	1187497	1189830	NC_030987.1	5577357	1361358	1363687	same	2304	2334	2329	98.7147	60
FoCL57	JH651386.1	4537458	1190270	1228182	NC_030987.1	5577357	1365408	1403852	same	37573	38486	38444	97.6277	60
FoCL57	JH651386.1	4537458	1228642	1283179	NC_030987.1	5577357	1404505	1458993	same	53831	54663	54488	98.4779	60
FoCL57	JH651386.1	4537458	1283380	1345719	NC_030987.1	5577357	1459226	1522998	same	61838	63720	63772	97.0465	60
FoCL57	JH651386.1	4537458	1346852	1429105	NC_030987.1	5577357	1523954	1606735	same	81351	82777	82781	98.2773	60
FoCL57	JH651386.1	4537458	1429626	1563820	NC_030987.1	5577357	1606989	1741634	same	132858	134607	134645	98.7007	60
FoCL57	JH651386.1	4537458	1564063	1592575	NC_030987.1	5577357	1742027	1770495	same	28309	28515	28468	99.2776	60
FoCL57	JH651386.1	4537458	1592784	1665066	NC_030987.1	5577357	1779082	1850871	same	71325	72229	71789	98.7484	60
FoCL57	JH651386.1	4537458	1665221	1843338	NC_030987.1	5577357	1851042	2029157	same	176884	178163	178115	99.2821	60
FoCL57	JH651386.1	4537458	1843581	1885038	NC_030987.1	5577357	2029418	2070892	same	41219	41492	41474	99.3420	60
FoCL57	JH651386.1	4537458	1885099	1887341	NC_030987.1	5577357	2071108	2073346	same	2228	2242	2238	99.3756	60
FoCL57	JH651386.1	4537458	1889251	1966424	NC_030987.1	5577357	2075235	2152511	same	76683	77143	77276	99.4037	60
FoCL57	JH651386.1	4537458	1966670	1967076	NC_030987.1	5577357	2152774	2153172	same	395	406	398	97.2906	60
FoCL57	JH651386.1	4537458	1967562	1988684	NC_030987.1	5577357	2153639	2174767	same	20973	21161	21128	99.1116	60
FoCL57	JH651386.1	4537458	1988816	2010524	NC_030987.1	5577357	2174912	2196626	same	21560	21732	21714	99.2085	60
FoCL57	JH651386.1	4537458	2010690	2034110	NC_030987.1	5577357	2196795	2220237	same	23227	23333	23442	99.5457	60
FoCL57	JH651386.1	4537458	2034605	2039512	NC_030987.1	5577357	2220825	2225723	same	4861	4908	4898	99.0424	60
FoCL57	JH651386.1	4537458	2039787	2044605	NC_030987.1	5577357	2226040	2230870	same	4782	4832	4830	98.9652	60
FoCL57	JH651386.1	4537458	2044971	2063616	NC_030987.1	5577357	2231304	2249960	same	18517	18672	18656	99.1699	60
FoCL57	JH651386.1	4537458	2063704	2151604	NC_030987.1	5577357	2250043	2339339	same	87058	89478	89296	97.2954	60
FoCL57	JH651386.1	4537458	2151818	2230737	NC_030987.1	5577357	2339580	2418720	same	78040	79046	79140	98.7273	60
FoCL57	JH651386.1	4537458	2230982	2269137	NC_030987.1	5577357	2418967	2457423	same	37735	38182	38456	98.8293	60
FoCL57	JH651386.1	4537458	2269603	2327266	NC_030987.1	5577357	2457954	2515623	same	57225	57778	57669	99.0429	60
FoCL57	JH651386.1	4537458	2327528	2349606	NC_030987.1	5577357	2516058	2538132	same	21951	22094	22074	99.3528	60
FoCL57	JH651386.1	4537458	2350033	2353445	NC_030987.1	5577357	2538637	2542048	same	3406	3412	3411	99.8242	60
FoCL57	JH651386.1	4537458	2353992	2384042	NC_030987.1	5577357	2542662	2572681	same	29847	30074	30019	99.2452	60
FoCL57	JH651386.1	4537458	2384527	2395963	NC_030987.1	5577357	2573657	2585233	same	11357	11578	11576	98.0912	60
FoCL57	JH651386.1	4537458	2396270	2438818	NC_030987.1	5577357	2585576	2628181	same	42269	42566	42605	99.3023	60
FoCL57	JH651386.1	4537458	2439643	2467523	NC_030987.1	5577357	2629066	2657023	same	27750	27878	27957	99.5409	60
FoCL57	JH651386.1	4537458	2511124	2522645	NC_030987.1	5577357	2658023	2669555	same	11474	11533	11532	99.4884	60
FoCL57	JH651386.1	4537458	2522882	2550488	NC_030987.1	5577357	2669796	2697422	same	27427	27631	27626	99.2617	60
FoCL57	JH651386.1	4537458	2551017	2750607	NC_030987.1	5577357	2698151	2899922	same	197352	202286	201771	97.5609	60
FoCL57	JH651386.1	4537458	2750954	2800561	NC_030987.1	5577357	2900387	2949992	same	49402	49621	49605	99.5587	60
FoCL57	JH651386.1	4537458	2800868	2827917	NC_030987.1	5577357	2950370	2977376	same	26857	27055	27006	99.2682	60
FoCL57	JH651386.1	4537458	2828106	2833441	NC_030987.1	5577357	2977648	2982983	same	5309	5335	5335	99.5127	60
FoCL57	JH651386.1	4537458	2833554	2837120	NC_030987.1	5577357	2983083	2986649	same	3555	3566	3566	99.6915	60
FoCL57	JH651386.1	4537458	2837226	2845936	NC_030987.1	5577357	2986765	2995472	same	8670	8711	8707	99.5293	60
FoCL57	JH651386.1	4537458	2846060	2918311	NC_030987.1	5577357	2995601	3067882	same	71874	72336	72281	99.3613	60
FoCL57	JH651386.1	4537458	2919367	2937286	NC_030987.1	5577357	3069137	3087055	same	17744	17950	17918	98.8524	60
FoCL57	JH651386.1	4537458	2937599	2957258	NC_030987.1	5577357	3087614	3107255	same	19431	19705	19641	98.6095	60
FoCL57	JH651386.1	4537458	2957362	2983457	NC_030987.1	5577357	3107354	3136418	same	25939	29069	29064	89.2325	60
FoCL57	JH651386.1	4537458	2983526	3136205	NC_030987.1	5577357	3136480	3288904	same	150846	152508	152424	98.9102	60
FoCL57	JH651386.1	4537458	3136358	3200506	NC_030987.1	5577357	3289211	3353679	same	63278	64888	64468	97.5188	60
FoCL57	JH651386.1	4537458	3201393	3228507	NC_030987.1	5577357	3354269	3381449	same	26908	27084	27180	99.3502	60
FoCL57	JH651386.1	4537458	3228726	3322313	NC_030987.1	5577357	3381816	3475442	same	92880	93751	93626	99.0709	60
FoCL57	JH651386.1	4537458	3322625	3367428	NC_030987.1	5577357	3475717	3520216	same	44228	44719	44499	98.9020	60
FoCL57	JH651386.1	4537458	3367681	3423836	NC_030987.1	5577357	3520481	3576624	same	55596	56295	56143	98.7583	60
FoCL57	JH651386.1	4537458	3423994	3486465	NC_030987.1	5577357	3576783	3639219	same	61957	62529	62436	99.0852	60
FoCL57	JH651386.1	4537458	3486587	3521033	NC_030987.1	5577357	3639343	3673758	same	34208	34468	34415	99.2457	60
FoCL57	JH651386.1	4537458	3521096	3591083	NC_030987.1	5577357	3673840	3743849	same	69512	70057	70009	99.2221	60
FoCL57	JH651386.1	4537458	3591283	3623009	NC_030987.1	5577357	3744063	3775846	same	31376	31682	31783	99.0342	60
FoCL57	JH651386.1	4537458	3624323	3742241	NC_030987.1	5577357	3777189	3895056	same	116883	118051	117867	99.0106	60
FoCL57	JH651386.1	4537458	3742582	3776041	NC_030987.1	5577357	3895519	3928951	same	33175	33476	33432	99.1008	60
FoCL57	JH651386.1	4537458	3776344	3812794	NC_030987.1	5577357	3929361	3965835	same	36140	36519	36474	98.9622	60
FoCL57	JH651386.1	4537458	3813023	3879710	NC_030987.1	5577357	3966089	4033039	same	65691	66463	66950	98.8385	60
FoCL57	JH651386.1	4537458	3880107	4022119	NC_030987.1	5577357	4033460	4175514	same	140323	142192	142054	98.6856	60
FoCL57	JH651386.1	4537458	4028135	4122224	NC_030987.1	5577357	4182635	4276549	same	92347	94249	93914	97.9819	60
FoCL57	JH651386.1	4537458	4122585	4134553	NC_030987.1	5577357	4276909	4288691	same	11606	11986	11782	96.8296	60
FoCL57	JH651386.1	4537458	4134902	4201976	NC_030987.1	5577357	4304241	4362915	same	57131	67385	58674	84.7830	60
FoCL57	JH651386.1	4537458	4206601	4289300	NC_030987.1	5577357	4369149	4451558	same	81164	82772	82409	98.0573	60
FoCL57	JH651386.1	4537458	4290133	4293382	NC_030987.1	5577357	4452404	4455667	same	3173	3266	3263	97.1525	60
FoCL57	JH651386.1	4537458	4293552	4299019	NC_030987.1	5577357	4455857	4462092	same	5349	6245	6235	85.6525	60
FoCL57	JH651386.1	4537458	4299273	4332962	NC_030987.1	5577357	4462345	4496993	same	32700	34134	34648	95.7989	60
FoCL57	JH651386.1	4537458	4367987	4371287	NC_030987.1	5577357	4536662	4539961	opposite	3238	3300	3299	98.1212	60
FoCL57	JH651386.1	4537458	4342346	4367905	NC_030987.1	5577357	4540058	4566217	opposite	24922	26382	26159	94.4659	60
FoCL57	JH651386.1	4537458	4373555	4439596	NC_030987.1	5577357	4573797	4646003	same	64857	72299	72206	89.7066	60
FoCL57	JH651386.1	4537458	4441254	4455746	NC_030987.1	5577357	4647570	4661982	same	14192	14495	14412	97.9096	60
FoCL57	JH651386.1	4537458	4456572	4490141	NC_030987.1	5577357	4662845	4696419	same	33250	33616	33574	98.9112	60
FoCL57	JH651386.1	4537458	4492394	4506780	NC_030987.1	5577357	4697640	4712076	same	14156	14447	14436	97.9857	60
FoCL57	JH651386.1	4537458	4507087	4512720	NC_030987.1	5577357	4712338	4717956	same	5411	5644	5618	95.8717	60
FoCL57	JH651385.1	5064356	5016041	5019340	NC_030987.1	5577357	4903195	4906425	same	2955	3304	3230	89.4370	60
FoCL57	JH651441.1	31881	7858	8232	NC_030987.1	5577357	4906722	4907066	opposite	333	374	344	89.0374	60
FoCL57	JH651441.1	31881	20679	21053	NC_030987.1	5577357	4906722	4907066	opposite	333	374	344	89.0374	10
FoCL57	JH651420.1	52559	34373	38939	NC_030987.1	5577357	4920367	4925112	same	4370	4745	4745	92.0969	60
FoCL57	JH651385.1	5064356	4970846	4974953	NC_030987.1	5577357	4925122	4929254	opposite	3889	4136	4132	94.0280	59
FoCL57	JH651408.1	106902	23179	23569	NC_030987.1	5577357	4935668	4936058	opposite	379	390	390	97.1795	44
FoCL57	JH651412.1	84110	0	785	NC_030987.1	5577357	4937741	4938526	same	734	785	785	93.5032	60
FoCL57	JH651393.1	2142601	73481	76577	NC_030987.1	5577357	4976610	4979726	opposite	2785	3119	3116	89.2914	54
FoCL57	JH651438.1	32620	31673	31988	NC_030987.1	5577357	5051132	5051450	same	311	318	318	97.7987	55
FoCL57	JH651420.1	52559	5197	5867	NC_030987.1	5577357	5061247	5061917	same	649	670	670	96.8657	60
FoCL57	KK035887.1	7395	75	6531	NC_030987.1	5577357	5109863	5116327	opposite	6259	6464	6464	96.8286	60
FoCL57	KK035899.1	6058	1418	6058	NC_030987.1	5577357	5114394	5119049	opposite	4491	4656	4655	96.4562	60
FoCL57	JH651425.1	44689	33117	34989	NC_030987.1	5577357	5125663	5127545	same	1807	1882	1882	96.0149	60
FoCL57	JH651415.1	57426	19611	20832	NC_030987.1	5577357	5144062	5145287	same	1125	1225	1225	91.8367	60
FoCL57	KK035862.1	17569	8096	9929	NC_030987.1	5577357	5191511	5193349	same	1744	1842	1838	94.6797	60
FoCL57	JH651390.1	2759859	6071	6735	NC_030987.1	5577357	5218960	5219624	same	647	664	664	97.4398	0
FoCL57	JH651406.1	152588	108869	110230	NC_030987.1	5577357	5227750	5229089	opposite	1226	1368	1339	89.6199	6
FoCL57	JH651406.1	152588	129922	130576	NC_030987.1	5577357	5229208	5229867	same	632	663	659	95.3243	60
FoCL57	JH651412.1	84110	32945	34745	NC_030987.1	5577357	5244626	5246424	opposite	1654	1800	1798	91.8889	60
FoCL57	KK035917.1	4072	2487	4072	NC_030987.1	5577357	5259015	5260314	same	1237	1589	1299	77.8477	60
FoCL57	KK035934.1	3760	2684	3759	NC_030987.1	5577357	5259473	5260409	same	875	1091	936	80.2016	60
FoCL57	JH651476.1	11037	3837	6340	NC_030987.1	5577357	5260241	5262733	same	2245	2509	2492	89.4779	60
FoCL57	JH651425.1	44689	41786	43784	NC_030987.1	5577357	5264057	5266125	opposite	1864	2076	2068	89.7881	60
FoCL57	JH651435.1	35525	905	2903	NC_030987.1	5577357	5264057	5266125	same	1864	2076	2068	89.7881	60
FoCL57	JH651394.1	2019370	2017846	2018831	NC_030987.1	5577357	5304153	5305017	opposite	787	1002	864	78.5429	60
FoCL57	JH651424.1	46602	8446	9401	NC_030987.1	5577357	5304156	5305017	opposite	770	997	861	77.2317	60
FoCL57	JH651389.1	2870791	2715156	2717022	NC_030987.1	5577357	5310472	5312338	opposite	1723	1866	1866	92.3365	60
FoCL57	JH651402.1	711798	392435	394280	NC_030987.1	5577357	5310474	5312320	same	1692	1846	1846	91.6576	60
FoCL57	JH651408.1	106902	35189	36455	NC_030987.1	5577357	5489189	5490423	same	1165	1268	1234	91.8770	60
FoCL57	JH651421.1	50000	35400	38494	NC_030988.1	5634991	17190	20493	opposite	3028	3303	3303	91.6742	40
FoCL57	JH651406.1	152588	131808	132402	NC_030988.1	5634991	24791	25385	same	588	594	594	98.9899	60
FoCL57	JH651385.1	5064356	4998722	5001725	NC_030988.1	5634991	47221	50200	same	2819	3004	2979	93.8415	0
FoCL57	JH651433.1	36238	7600	9936	NC_030988.1	5634991	53538	55876	same	2285	2338	2338	97.7331	0
FoCL57	JH651460.1	16346	12371	13066	NC_030988.1	5634991	66406	67101	same	682	695	695	98.1295	0
FoCL57	JH651408.1	106902	6083	10496	NC_030988.1	5634991	88853	93316	opposite	4162	4463	4463	93.2557	60
FoCL57	KK036054.1	1453	207	1013	NC_030988.1	5634991	136436	137242	opposite	770	806	806	95.5335	60
FoCL57	JH651481.1	8585	4318	5509	NC_030988.1	5634991	494916	496106	opposite	1150	1191	1190	96.5575	0
FoCL57	KK035871.1	12766	2203	2597	NC_030988.1	5634991	545588	545984	opposite	385	396	396	97.2222	0
FoCL57	JH651404.1	282688	208839	209183	NC_030988.1	5634991	545640	545984	same	337	344	344	97.9651	0
FoCL57	JH651406.1	152588	147355	148519	NC_030988.1	5634991	560485	561647	same	1114	1164	1162	95.7045	1
FoCL57	KK035866.1	14714	5530	6629	NC_030988.1	5634991	617236	618329	opposite	1034	1099	1093	94.0855	0
FoCL57	KK035965.1	2824	1067	1501	NC_030988.1	5634991	689015	689451	same	414	436	436	94.9541	0
FoCL57	KK035862.1	17569	13479	15311	NC_030988.1	5634991	876890	878713	opposite	1736	1832	1823	94.7598	0
FoCL57	JH651406.1	152588	36723	38017	NC_030988.1	5634991	996610	997916	opposite	1281	1306	1306	98.0858	0
FoCL57	KK035858.1	22213	3717	5649	NC_030988.1	5634991	1143127	1145058	opposite	1831	1934	1931	94.6743	0
FoCL57	KK036040.1	1610	758	1575	NC_030988.1	5634991	1187134	1187951	opposite	766	817	817	93.7576	0
FoCL57	JH651394.1	2019370	0	562	NC_030988.1	5634991	1218593	1219155	opposite	559	562	562	99.4662	0
FoCL57	JH651424.1	46602	26621	28149	NC_030988.1	5634991	1290504	1292032	opposite	1425	1528	1528	93.2592	0
FoCL57	JH651404.1	282688	206494	208842	NC_030988.1	5634991	1304737	1307085	same	2306	2348	2348	98.2112	0
FoCL57	KK035892.1	6662	4144	6456	NC_030988.1	5634991	1388676	1390781	opposite	1943	2314	2105	83.9672	0
FoCL57	KK035890.1	6783	6375	6783	NC_030988.1	5634991	1480143	1480552	opposite	408	409	409	99.7555	0
FoCL57	JH651470.1	13873	0	1670	NC_030988.1	5634991	1546154	1547822	opposite	1589	1670	1668	95.1497	0
FoCL57	JH651482.1	8750	7201	8750	NC_030988.1	5634991	1550630	1551904	opposite	1149	1460	1274	78.6986	0
FoCL57	JH651453.1	19639	2571	3931	NC_030988.1	5634991	1561053	1562412	opposite	1246	1360	1359	91.6176	60
FoCL57	KK035950.1	3163	11	585	NC_030988.1	5634991	1568312	1568879	same	543	576	567	94.2708	0
FoCL57	JH651498.1	5352	1468	5156	NC_030988.1	5634991	1574861	1578588	same	3452	3735	3727	92.4230	0
FoCL57	KK035976.1	2443	0	2443	NC_030988.1	5634991	1579189	1581622	opposite	2389	2443	2433	97.7896	0
FoCL57	KK036079.1	1406	246	1406	NC_030988.1	5634991	1639896	1641054	same	1062	1198	1158	88.6477	0
FoCL57	JH651416.1	58138	7197	9570	NC_030988.1	5634991	1662744	1665131	opposite	2241	2387	2387	93.8835	0
FoCL57	JH651474.1	11445	3676	4532	NC_030988.1	5634991	1666257	1667123	same	784	866	866	90.5312	0
FoCL57	KK035889.1	6850	1149	5088	NC_030988.1	5634991	1683944	1687881	opposite	3677	3950	3937	93.0886	0
FoCL57	KK035920.1	4505	0	589	NC_030988.1	5634991	1693071	1693663	opposite	574	592	592	96.9595	0
FoCL57	KK036007.1	1844	1167	1844	NC_030988.1	5634991	1699935	1700612	same	648	677	677	95.7164	0
FoCL57	JH651473.1	14833	9334	10439	NC_030988.1	5634991	1701678	1702788	opposite	1049	1110	1110	94.5045	60
FoCL57	KK036048.1	1539	0	1171	NC_030988.1	5634991	1701744	1702777	same	1007	1171	1033	85.9949	37
FoCL57	JH651473.1	14833	5284	6750	NC_030988.1	5634991	1704398	1705864	opposite	1391	1466	1466	94.8840	60
FoCL57	JH651492.1	6824	4932	5204	NC_030988.1	5634991	1705372	1705644	opposite	266	272	272	97.7941	0
FoCL57	JH651505.1	5873	3549	5863	NC_030988.1	5634991	1707506	1710091	same	2011	2830	2585	71.0601	60
FoCL57	KK035994.1	1980	0	1980	NC_030988.1	5634991	1715466	1717623	same	1879	2157	2157	87.1117	0
FoCL57	JH651512.1	2811	880	1732	NC_030988.1	5634991	1720119	1720971	same	776	852	852	91.0798	0
FoCL57	JH651459.1	17145	5507	7229	NC_030988.1	5634991	1795640	1797359	opposite	1615	1722	1719	93.7863	0
FoCL57	KK036063.1	1433	559	1322	NC_030988.1	5634991	1806455	1807218	opposite	716	763	763	93.8401	60
FoCL57	JH651390.1	2759859	2454433	2457476	NC_030988.1	5634991	1814558	1817577	same	2768	3051	3019	90.7244	0
FoCL57	JH651408.1	106902	46340	50347	NC_030988.1	5634991	1827277	1831290	same	3910	4013	4013	97.4333	0
FoCL57	JH651430.1	40904	14687	15846	NC_030988.1	5634991	1857285	1858444	same	1065	1159	1159	91.8896	0
FoCL57	KK035851.1	48835	16752	18164	NC_030988.1	5634991	1894376	1895789	opposite	1339	1413	1413	94.7629	1
FoCL57	JH651390.1	2759859	2686875	2692178	NC_030988.1	5634991	2014300	2019600	opposite	5258	5304	5300	99.1327	0
FoCL57	JH651479.1	10663	0	710	NC_030988.1	5634991	2089755	2090467	same	701	714	712	98.1793	0
FoCL57	JH651468.1	13910	13528	13910	NC_030988.1	5634991	2128380	2128765	same	378	386	385	97.9275	0
FoCL57	JH651446.1	26737	24443	24931	NC_030988.1	5634991	2129104	2129592	same	486	488	488	99.5902	0
FoCL57	JH651417.1	57168	913	2649	NC_030988.1	5634991	2201477	2203205	opposite	1658	1736	1728	95.5069	0
FoCL57	JH651425.1	44689	15645	17204	NC_030988.1	5634991	2259756	2261273	same	1410	1581	1517	89.1841	0
FoCL57	JH651430.1	40904	19282	21368	NC_030988.1	5634991	2379589	2381670	opposite	1949	2094	2081	93.0755	0
FoCL57	JH651421.1	50000	49690	50000	NC_030988.1	5634991	2409211	2409521	same	307	310	310	99.0323	0
FoCL57	JH651412.1	84110	65883	66407	NC_030988.1	5634991	2459981	2460507	same	514	526	526	97.7186	0
FoCL57	JH651412.1	84110	60436	61784	NC_030988.1	5634991	2474732	2476088	opposite	1263	1358	1356	93.0044	0
FoCL57	JH651447.1	25838	2238	2873	NC_030988.1	5634991	2577529	2578157	same	598	635	628	94.1732	0
FoCL57	JH651455.1	17184	1414	3880	NC_030988.1	5634991	2687908	2690377	opposite	2421	2469	2469	98.0559	0
FoCL57	JH651446.1	26737	13669	18091	NC_030988.1	5634991	2703336	2705919	same	2397	4456	2583	53.7926	60
FoCL57	JH651390.1	2759859	91403	93449	NC_030988.1	5634991	2703452	2705494	opposite	1880	2047	2042	91.8417	0
FoCL57	JH651390.1	2759859	89911	91106	NC_030988.1	5634991	2705992	2707184	opposite	1108	1198	1192	92.4875	0
FoCL57	JH651390.1	2759859	87793	89021	NC_030988.1	5634991	2707742	2708971	opposite	1114	1230	1229	90.5691	0
FoCL57	KK035945.1	3355	0	1646	NC_030988.1	5634991	2712752	2714398	same	1629	1646	1646	98.9672	0
FoCL57	KK035847.1	91901	8772	11891	NC_030988.1	5634991	2885070	2888189	opposite	3109	3119	3119	99.6794	0
FoCL57	KK035864.1	16437	3	3122	NC_030988.1	5634991	2885070	2888189	opposite	3109	3119	3119	99.6794	0
FoCL57	JH651400.1	1058449	1055471	1058449	NC_030988.1	5634991	2885211	2888189	opposite	2969	2978	2978	99.6978	0
FoCL57	JH651449.1	24628	66	5734	NC_030988.1	5634991	2904220	2909890	opposite	5540	5674	5670	97.6384	0
FoCL57	JH651417.1	57168	25273	26233	NC_030988.1	5634991	2942226	2943187	opposite	923	961	961	96.0458	0
FoCL57	JH651385.1	5064356	4991464	4992492	NC_030988.1	5634991	2942226	2943254	same	978	1028	1028	95.1362	0
FoCL57	JH651427.1	45697	11987	18083	NC_030988.1	5634991	2943441	2949793	same	5792	6367	6352	90.9691	0
FoCL57	JH651454.1	17300	17061	17300	NC_030988.1	5634991	2975994	2976233	same	238	239	239	99.5816	0
FoCL57	JH651409.1	91740	66466	67265	NC_030988.1	5634991	3008236	3009013	same	746	813	777	91.7589	22
FoCL57	JH651438.1	32620	8707	9028	NC_030988.1	5634991	3029916	3030237	same	317	321	321	98.7539	0
FoCL57	KK035921.1	4471	523	3955	NC_030988.1	5634991	3038561	3041986	opposite	3103	3436	3425	90.3085	0
FoCL57	JH651411.1	89040	25262	25840	NC_030988.1	5634991	3123969	3124550	same	554	581	581	95.3528	0
FoCL57	KK035842.1	272278	0	1196	NC_030988.1	5634991	3162364	3163565	opposite	1165	1201	1201	97.0025	0
FoCL57	KK036108.1	1213	131	1213	NC_030988.1	5634991	3233074	3234159	opposite	1058	1085	1085	97.5115	0
FoCL57	JH651487.1	9811	4441	7002	NC_030988.1	5634991	3256234	3258955	opposite	2299	2625	2721	87.5810	0
FoCL57	KK036008.1	1881	1060	1866	NC_030988.1	5634991	3321093	3321900	same	774	807	807	95.9108	0
FoCL57	JH651390.1	2759859	2673030	2676034	NC_030988.1	5634991	3324724	3327692	opposite	2920	3004	2968	97.2037	0
FoCL57	KK035846.1	137471	121699	123538	NC_030988.1	5634991	3338747	3340586	same	1744	1839	1839	94.8341	0
FoCL57	JH651408.1	106902	79170	91969	NC_030988.1	5634991	3348038	3367646	opposite	12340	19636	19608	62.8438	1
FoCL57	JH651455.1	17184	13175	14103	NC_030988.1	5634991	3420564	3421493	same	898	929	929	96.6631	0
FoCL57	JH651390.1	2759859	89560	90815	NC_030988.1	5634991	3424404	3425659	same	1161	1258	1255	92.2893	60
FoCL57	JH651447.1	25838	19819	21282	NC_030988.1	5634991	3432373	3433820	opposite	1331	1464	1447	90.9153	0
FoCL57	JH651390.1	2759859	2729434	2731643	NC_030988.1	5634991	3447821	3450031	same	2109	2210	2210	95.4299	0
FoCL57	JH651390.1	2759859	121996	123631	NC_030988.1	5634991	3502851	3504488	same	1584	1637	1637	96.7624	0
FoCL57	JH651462.1	16763	0	744	NC_030988.1	5634991	3557705	3558445	opposite	724	744	740	97.3118	1
FoCL57	JH651464.1	15866	0	3229	NC_030988.1	5634991	3567954	3571021	same	2948	3232	3067	91.2129	0
FoCL57	KK036038.1	1620	0	801	NC_030988.1	5634991	3619956	3620807	opposite	776	859	851	90.3376	0
FoCL57	KK035931.1	3875	0	897	NC_030988.1	5634991	3619956	3620887	opposite	884	931	931	94.9517	0
FoCL57	JH651406.1	152588	99472	101306	NC_030988.1	5634991	3640979	3642812	same	1820	1834	1833	99.2366	60
FoCL57	JH651390.1	2759859	2685373	2686083	NC_030988.1	5634991	3672731	3673442	opposite	663	712	711	93.1180	0
FoCL57	KK035971.1	2616	0	2616	NC_030988.1	5634991	3708386	3711000	same	2546	2617	2614	97.2870	60
FoCL57	KK035857.1	22503	11950	13563	NC_030988.1	5634991	3751852	3753465	same	1497	1625	1613	92.1231	0
FoCL57	JH651417.1	57168	27555	28197	NC_030988.1	5634991	3792166	3792809	opposite	607	643	643	94.4012	46
FoCL57	JH651408.1	106902	50346	53896	NC_030988.1	5634991	3982350	3985900	opposite	3216	3569	3550	90.1093	1
FoCL57	KK035847.1	91901	24544	27702	NC_030988.1	5634991	3996076	3999245	opposite	2923	3188	3169	91.6876	51
FoCL57	JH651419.1	52215	5378	5664	NC_030988.1	5634991	4080333	4080621	opposite	280	288	288	97.2222	60
FoCL57	JH651427.1	45697	3209	3565	NC_030988.1	5634991	4165239	4165595	same	350	356	356	98.3146	0
FoCL57	KK035877.1	11365	10708	11365	NC_030988.1	5634991	4180373	4181031	opposite	635	658	658	96.5046	0
FoCL57	JH651448.1	24904	14228	15075	NC_030988.1	5634991	4188153	4189000	same	839	847	847	99.0555	0
FoCL57	KK035847.1	91901	55519	61675	NC_030988.1	5634991	4306423	4312573	opposite	5809	6179	6150	94.0120	19
FoCL57	KK035847.1	91901	50517	53896	NC_030988.1	5634991	4315198	4318628	opposite	3144	3441	3430	91.3688	0
FoCL57	JH651421.1	50000	38494	43006	NC_030988.1	5634991	4347693	4352207	opposite	4437	4516	4514	98.2507	0
FoCL57	KK035874.1	12640	10828	12640	NC_030988.1	5634991	4408357	4410168	same	1743	1812	1811	96.1921	0
FoCL57	JH651456.1	17309	9911	11147	NC_030988.1	5634991	4413054	4414296	same	1217	1242	1242	97.9871	0
FoCL57	KK035849.1	61333	44034	45384	NC_030988.1	5634991	4419417	4420766	same	1312	1350	1349	97.1852	0
FoCL57	JH651440.1	30340	4315	5322	NC_030988.1	5634991	4469292	4470298	opposite	984	1007	1006	97.7160	0
FoCL57	KK036075.1	1380	0	530	NC_030988.1	5634991	4476449	4476979	same	504	530	530	95.0943	0
FoCL57	JH651511.1	2795	214	2050	NC_030988.1	5634991	4486171	4487836	same	1469	1612	1665	91.1290	0
FoCL57	JH651505.1	5873	0	1584	NC_030988.1	5634991	4487193	4488771	opposite	1566	1584	1578	98.8636	0
FoCL57	KK036020.1	1731	9	1731	NC_030988.1	5634991	4495273	4496993	opposite	1697	1722	1720	98.5482	0
FoCL57	KK035958.1	2937	0	2937	NC_030988.1	5634991	4516624	4519561	opposite	2761	2946	2937	93.7203	0
FoCL57	JH651502.1	4477	3907	4477	NC_030988.1	5634991	4517705	4518314	same	556	609	609	91.2972	0
FoCL57	KK036096.1	1284	0	732	NC_030988.1	5634991	4517851	4518583	opposite	715	732	732	97.6776	0
FoCL57	KK035975.1	2392	0	2148	NC_030988.1	5634991	4521837	4523957	same	2022	2155	2120	93.8283	0
FoCL57	JH651416.1	58138	5195	6597	NC_030988.1	5634991	4526914	4528319	same	1303	1412	1405	92.2805	0
FoCL57	KK036078.1	1409	0	1409	NC_030988.1	5634991	4534645	4536054	same	1407	1409	1409	99.8581	0
FoCL57	KK036052.1	1430	35	1430	NC_030988.1	5634991	4544971	4546349	opposite	1295	1414	1378	91.5842	0
FoCL57	KK035913.1	4672	0	2325	NC_030988.1	5634991	4561335	4563659	same	2124	2326	2324	91.3156	0
FoCL57	JH651506.1	4125	1653	4125	NC_030988.1	5634991	4576200	4578678	opposite	2376	2484	2478	95.6522	1
FoCL57	KK036109.1	1220	0	1220	NC_030988.1	5634991	4596232	4597453	same	1169	1221	1221	95.7412	1
FoCL57	KK036086.1	1262	0	1254	NC_030988.1	5634991	4597027	4598278	opposite	1201	1254	1251	95.7735	0
FoCL57	KK035990.1	2107	0	2107	NC_030988.1	5634991	4603642	4605749	same	2013	2109	2107	95.4481	0
FoCL57	JH651495.1	5672	0	3834	NC_030988.1	5634991	4603763	4607077	same	3158	3318	3314	95.1778	0
FoCL57	KK036106.1	1230	143	1230	NC_030988.1	5634991	4610199	4611286	opposite	1051	1087	1087	96.6881	0
FoCL57	JH651453.1	19639	858	2263	NC_030988.1	5634991	4629529	4630937	same	1289	1408	1408	91.5483	21
FoCL57	JH651450.1	22731	20642	22731	NC_030988.1	5634991	4630183	4632266	opposite	1900	2089	2083	90.9526	0
FoCL57	JH651453.1	19639	16669	19555	NC_030988.1	5634991	4648274	4651125	same	2716	2905	2851	93.4940	0
FoCL57	JH651450.1	22731	0	2447	NC_030988.1	5634991	4648617	4651014	opposite	2263	2450	2397	92.3673	0
FoCL57	JH651470.1	13873	6634	12590	NC_030988.1	5634991	4658683	4667601	same	5375	9181	8918	58.5448	2
FoCL57	KK035859.1	21276	16147	18223	NC_030988.1	5634991	4662442	4664522	opposite	1899	2124	2080	89.4068	60
FoCL57	KK035859.1	21276	0	7044	NC_030988.1	5634991	4681938	4688823	opposite	6740	7048	6885	95.6300	60
FoCL57	KK035858.1	22213	151	394	NC_030988.1	5634991	4691865	4692108	same	243	243	243	100.0000	60
FoCL57	KK035904.1	5526	468	2103	NC_030988.1	5634991	4691865	4693500	same	1627	1635	1635	99.5107	60
FoCL57	KK035904.1	5526	3207	5319	NC_030988.1	5634991	4694814	4696920	same	2077	2112	2106	98.3428	60
FoCL57	JH651426.1	44953	2977	6965	NC_030988.1	5634991	4697474	4701454	opposite	3777	4030	3980	93.7221	60
FoCL57	JH651432.1	39416	19	3947	NC_030988.1	5634991	4698257	4702160	opposite	3688	3972	3903	92.8499	60
FoCL57	KK035968.1	2682	1496	2682	NC_030988.1	5634991	4700422	4701611	same	1118	1190	1189	93.9496	60
FoCL57	KK036081.1	1390	0	1381	NC_030988.1	5634991	4701141	4702524	opposite	1325	1385	1383	95.6679	60
FoCL57	KK035909.1	4833	3397	4833	NC_030988.1	5634991	4705436	4706872	opposite	1349	1436	1436	93.9415	60
FoCL57	KK036089.1	1286	848	1286	NC_030988.1	5634991	4716790	4717228	same	425	438	438	97.0320	60
FoCL57	JH651434.1	35650	33730	35307	NC_030988.1	5634991	4717757	4719327	opposite	1471	1595	1570	92.2257	60
FoCL57	JH651422.1	50541	48259	49105	NC_030988.1	5634991	4718352	4719198	opposite	795	846	846	93.9716	60
FoCL57	JH651428.1	44983	7	2272	NC_030988.1	5634991	4718575	4720839	same	2198	2265	2264	97.0419	60
FoCL57	JH651484.1	7798	3329	3766	NC_030988.1	5634991	4718772	4719209	opposite	420	437	437	96.1098	30
FoCL57	JH651484.1	7798	1747	3014	NC_030988.1	5634991	4719455	4720681	opposite	1156	1267	1226	91.2391	60
FoCL57	JH651428.1	44983	2401	5171	NC_030988.1	5634991	4720968	4723729	same	2636	2774	2761	95.0252	60
FoCL57	JH651484.1	7798	0	1317	NC_030988.1	5634991	4721111	4722427	opposite	1275	1317	1316	96.8109	60
FoCL57	JH651422.1	50541	43096	45456	NC_030988.1	5634991	4721692	4724414	opposite	2152	2630	2722	81.8251	60
FoCL57	KK035923.1	4269	935	1890	NC_030988.1	5634991	4721713	4722670	opposite	926	957	957	96.7607	60
FoCL57	JH651434.1	35650	286	1700	NC_030988.1	5634991	4722922	4724330	same	1327	1415	1408	93.7809	60
FoCL57	KK035923.1	4269	56	567	NC_030988.1	5634991	4722962	4723472	opposite	480	511	510	93.9335	60
FoCL57	KK035912.1	4752	4	4656	NC_030988.1	5634991	4725723	4730366	opposite	4442	4655	4643	95.4243	60
FoCL57	JH651496.1	6317	4273	6317	NC_030988.1	5634991	4732620	4734730	opposite	1869	2022	2110	92.4332	60
FoCL57	KK035942.1	3454	0	3281	NC_030988.1	5634991	4735276	4737994	opposite	2648	3288	2718	80.5353	60
FoCL57	JH651439.1	33739	0	1626	NC_030988.1	5634991	4739742	4741380	same	1525	1647	1638	92.5926	60
FoCL57	KK036055.1	1499	924	1499	NC_030988.1	5634991	4740836	4741414	opposite	558	578	578	96.5398	60
FoCL57	JH651507.1	4392	0	522	NC_030988.1	5634991	4740889	4741414	same	507	525	525	96.5714	60
FoCL57	KK036044.1	1552	0	523	NC_030988.1	5634991	4740889	4741414	same	501	525	525	95.4286	60
FoCL57	KK035861.1	17746	0	2853	NC_030988.1	5634991	4744590	4747445	same	2812	2855	2855	98.4939	60
FoCL57	KK035929.1	3935	1078	3935	NC_030988.1	5634991	4744590	4747449	opposite	2816	2859	2859	98.4960	60
FoCL57	KK036044.1	1552	509	1552	NC_030988.1	5634991	4747447	4748485	same	1004	1044	1038	96.1686	60
FoCL57	KK036055.1	1499	0	934	NC_030988.1	5634991	4747451	4748387	opposite	882	937	936	94.1302	60
FoCL57	JH651439.1	33739	1671	12184	NC_030988.1	5634991	4747476	4757654	same	9596	10557	10178	90.8970	60
FoCL57	JH651507.1	4392	2148	4392	NC_030988.1	5634991	4748000	4750236	same	2123	2244	2236	94.6078	60
FoCL57	KK036030.1	1608	0	1608	NC_030988.1	5634991	4749478	4751086	opposite	1581	1608	1608	98.3209	60
FoCL57	JH651439.1	33739	18214	32640	NC_030988.1	5634991	4768316	4784284	same	13269	15760	15968	84.1942	60
FoCL57	KK036047.1	1485	0	1485	NC_030988.1	5634991	4771193	4772678	opposite	1460	1486	1485	98.2503	60
FoCL57	KK035966.1	2779	0	2779	NC_030988.1	5634991	4774356	4777477	opposite	2699	3185	3121	84.7410	60
FoCL57	KK036001.1	2004	0	1699	NC_030988.1	5634991	4775605	4777294	opposite	1584	1699	1689	93.2313	60
FoCL57	KK036013.1	1699	0	1604	NC_030988.1	5634991	4779982	4781587	same	1535	1605	1605	95.6386	60
FoCL57	KK036111.1	1087	413	1087	NC_030988.1	5634991	4787934	4788617	same	639	683	683	93.5578	11
FoCL57	KK036011.1	1721	0	1721	NC_030988.1	5634991	4789217	4790943	opposite	1667	1726	1726	96.5817	60
FoCL57	KK036102.1	1195	0	1190	NC_030988.1	5634991	4789234	4790401	opposite	1080	1195	1167	90.3766	1
FoCL57	KK035941.1	3458	0	2051	NC_030988.1	5634991	4791940	4793975	same	1886	2088	2035	90.3257	53
FoCL57	KK036116.1	1101	0	950	NC_030988.1	5634991	4791985	4792926	opposite	887	960	941	92.3958	1
FoCL57	KK036085.1	1306	7	299	NC_030988.1	5634991	4803759	4804064	opposite	286	305	305	93.7705	10
FoCL57	KK036046.1	1514	0	1485	NC_030988.1	5634991	4811767	4813246	opposite	1382	1485	1479	93.0640	60
FoCL57	KK035953.1	3093	0	3040	NC_030988.1	5634991	4830397	4833910	same	2809	3523	3513	79.7332	45
FoCL57	KK036074.1	1334	0	1334	NC_030988.1	5634991	4832249	4833582	same	1258	1334	1333	94.3028	60
FoCL57	KK036082.1	1318	0	1318	NC_030988.1	5634991	4834452	4835774	same	1276	1322	1322	96.5204	34
FoCL57	JH651474.1	11445	0	886	NC_030988.1	5634991	4836404	4837287	same	836	889	883	94.0382	60
FoCL57	KK035951.1	3184	2087	2998	NC_030988.1	5634991	4846076	4846988	same	875	912	912	95.9430	60
FoCL57	KK036003.1	1926	939	1926	NC_030988.1	5634991	4851153	4852140	same	986	987	987	99.8987	60
FoCL57	JH651486.1	7306	0	455	NC_030988.1	5634991	4853113	4853567	same	448	455	454	98.4615	0
FoCL57	JH651486.1	7306	6916	7306	NC_030988.1	5634991	4853565	4853956	same	380	391	391	97.1867	0
FoCL57	KK035884.1	8504	2357	8504	NC_030988.1	5634991	4854488	4860454	opposite	5514	6161	5966	89.4985	60
FoCL57	JH651510.1	2958	1521	2958	NC_030988.1	5634991	4859580	4861012	opposite	1390	1438	1432	96.6620	60
FoCL57	KK036033.1	1638	439	1392	NC_030988.1	5634991	4861030	4861985	opposite	915	955	955	95.8115	60
FoCL57	KK035891.1	6740	132	2322	NC_030988.1	5634991	4861972	4864162	same	2156	2190	2190	98.4475	60
FoCL57	KK035891.1	6740	2767	6740	NC_030988.1	5634991	4864675	4868647	same	3901	3983	3972	97.9413	60
FoCL57	KK035884.1	8504	0	574	NC_030988.1	5634991	4868186	4868759	opposite	546	574	573	95.1220	60
FoCL57	JH651492.1	6824	0	2299	NC_030988.1	5634991	4880519	4883039	opposite	2191	2539	2520	86.2938	39
FoCL57	JH651503.1	3880	2402	3880	NC_030988.1	5634991	4885650	4886965	opposite	1244	1479	1315	84.1109	60
FoCL57	KK036014.1	1788	0	1786	NC_030988.1	5634991	4887229	4889015	same	1758	1786	1786	98.4323	60
FoCL57	JH651503.1	3880	0	1300	NC_030988.1	5634991	4887593	4888893	opposite	1244	1300	1300	95.6923	60
FoCL57	KK035852.1	33600	0	927	NC_030988.1	5634991	4893789	4894716	same	922	927	927	99.4606	22
FoCL57	KK035946.1	3282	0	727	NC_030988.1	5634991	4893990	4894717	same	724	727	727	99.5873	60
FoCL57	KK035907.1	4916	1019	2646	NC_030988.1	5634991	4899139	4900765	same	1504	1631	1626	92.2134	1
FoCL57	KK036093.1	1233	0	1233	NC_030988.1	5634991	4909106	4910333	same	1191	1234	1227	96.5154	60
FoCL57	KK035988.1	2156	0	273	NC_030988.1	5634991	4909674	4909947	opposite	272	273	273	99.6337	60
FoCL57	KK035937.1	3623	2990	3623	NC_030988.1	5634991	4910751	4911385	opposite	596	636	634	93.7107	60
FoCL57	JH651485.1	7924	0	3991	NC_030988.1	5634991	4915026	4919261	same	3561	4172	4235	85.3547	60
FoCL57	JH651456.1	17309	0	927	NC_030988.1	5634991	4925624	4926551	same	912	928	927	98.2759	58
FoCL57	JH651463.1	16871	1233	2715	NC_030988.1	5634991	4929394	4930876	same	1430	1482	1482	96.4912	60
FoCL57	JH651494.1	5871	2226	2906	NC_030988.1	5634991	4929746	4930426	opposite	641	680	680	94.2647	60
FoCL57	KK036098.1	1280	0	1280	NC_030988.1	5634991	4930775	4932052	same	1244	1285	1277	96.8093	60
FoCL57	JH651449.1	24628	23773	24475	NC_030988.1	5634991	4931770	4932472	opposite	685	702	702	97.5783	60
FoCL57	JH651504.1	3671	0	997	NC_030988.1	5634991	4933544	4934546	same	968	1008	1002	96.0317	60
FoCL57	JH651464.1	15866	8219	9017	NC_030988.1	5634991	4940956	4941753	same	755	798	797	94.6115	60
FoCL57	JH651447.1	25838	22014	23752	NC_030988.1	5634991	4940956	4942694	same	1667	1738	1738	95.9148	60
FoCL57	JH651412.1	84110	39064	39532	NC_030988.1	5634991	4969673	4970141	same	461	468	468	98.5043	60
FoCL57	JH651412.1	84110	39547	42758	NC_030988.1	5634991	4973361	4976572	same	3157	3211	3211	98.3183	60
FoCL57	KK036070.1	1457	0	981	NC_030988.1	5634991	5003910	5004891	opposite	950	981	981	96.8400	32
FoCL57	JH651449.1	24628	14970	15735	NC_030988.1	5634991	5024839	5025623	opposite	710	790	784	89.8734	20
FoCL57	KK036069.1	1460	906	1212	NC_030988.1	5634991	5037308	5037614	opposite	297	306	306	97.0588	29
FoCL57	JH651409.1	91740	73276	73991	NC_030988.1	5634991	5038746	5039462	same	692	716	716	96.6480	1
FoCL57	JH651431.1	41155	16722	19839	NC_030988.1	5634991	5045066	5048131	same	3034	3117	3065	97.3372	30
FoCL57	JH651403.1	281853	56523	59543	NC_030988.1	5634991	5055093	5058092	same	2784	3035	2999	91.7298	60
FoCL57	JH651417.1	57168	7073	14482	NC_030988.1	5634991	5069238	5076643	opposite	7093	7431	7405	95.4515	60
FoCL57	JH651414.1	68668	24034	25161	NC_030988.1	5634991	5127868	5128994	same	1014	1134	1126	89.4180	60
FoCL57	KK035863.1	17522	1147	2778	NC_030988.1	5634991	5129830	5131462	opposite	1480	1643	1632	90.0791	60
FoCL57	JH651388.1	2947611	125845	129071	NC_030988.1	5634991	5133025	5136253	opposite	2987	3250	3228	91.9077	60
FoCL57	JH651419.1	52215	49313	51028	NC_030988.1	5634991	5150205	5151921	opposite	1650	1718	1716	96.0419	60
FoCL57	KK036059.1	1487	619	1044	NC_030988.1	5634991	5159402	5159818	opposite	407	425	416	95.7647	1
FoCL57	JH651409.1	91740	57590	59282	NC_030988.1	5634991	5165985	5167676	same	1668	1692	1691	98.5816	60
FoCL57	JH651404.1	282688	263034	263282	NC_030988.1	5634991	5170675	5170923	opposite	244	248	248	98.3871	60
FoCL57	JH651463.1	16871	13614	14037	NC_030988.1	5634991	5179841	5180264	same	420	423	423	99.2908	39
FoCL57	JH651417.1	57168	54817	56491	NC_030988.1	5634991	5179842	5181516	same	1653	1674	1674	98.7455	56
FoCL57	JH651423.1	45983	0	884	NC_030988.1	5634991	5180122	5181008	opposite	860	886	886	97.0655	18
FoCL57	JH651420.1	52559	38935	39262	NC_030988.1	5634991	5196866	5197193	opposite	317	327	327	96.9419	1
FoCL57	JH651385.1	5064356	5028418	5029179	NC_030988.1	5634991	5198792	5199555	same	709	763	763	92.9227	60
FoCL57	JH651390.1	2759859	2644785	2646247	NC_030988.1	5634991	5219928	5221389	opposite	1365	1463	1461	93.3014	60
FoCL57	JH651415.1	57426	17635	19413	NC_030988.1	5634991	5221985	5223761	opposite	1730	1778	1776	97.3003	60
FoCL57	JH651406.1	152588	111613	112538	NC_030988.1	5634991	5252403	5253328	same	866	925	925	93.6216	34
FoCL57	JH651385.1	5064356	5038958	5041656	NC_030988.1	5634991	5255051	5257753	opposite	2621	2702	2702	97.0022	60
FoCL57	KK035871.1	12766	9145	12365	NC_030988.1	5634991	5271635	5274914	same	3128	3304	3279	94.6731	60
FoCL57	JH651404.1	282688	267923	268375	NC_030988.1	5634991	5279772	5280224	opposite	435	452	452	96.2389	58
FoCL57	KK035868.1	14025	10212	11495	NC_030988.1	5634991	5286227	5287510	opposite	1224	1295	1283	94.5174	60
FoCL57	KK035868.1	14025	212	10225	NC_030988.1	5634991	5293045	5302899	opposite	9696	10023	9854	96.7375	60
FoCL57	KK035932.1	3839	293	3038	NC_030988.1	5634991	5302890	5305632	opposite	2646	2745	2742	96.3934	60
FoCL57	JH651441.1	31881	3623	7022	NC_030988.1	5634991	5320679	5324014	same	3061	3303	3335	92.6733	60
FoCL57	JH651478.1	10109	5611	7842	NC_030988.1	5634991	5351088	5353319	opposite	2058	2231	2231	92.2456	54
FoCL57	JH651443.1	27152	0	1455	NC_030988.1	5634991	5351864	5353319	same	1406	1455	1455	96.6323	1
FoCL57	JH651411.1	89040	26644	29657	NC_030988.1	5634991	5367175	5370188	opposite	2979	3013	3013	98.8716	60
FoCL57	KK035849.1	61333	5968	20014	NC_030988.1	5634991	5370215	5384221	same	13308	14044	14006	94.7593	60
FoCL57	JH651464.1	15866	13113	14401	NC_030988.1	5634991	5389028	5390520	opposite	1190	1494	1492	79.6519	60
FoCL57	JH651409.1	91740	50559	51808	NC_030988.1	5634991	5389087	5390520	same	1166	1435	1433	81.2544	60
FoCL57	JH651388.1	2947611	2946424	2947566	NC_030988.1	5634991	5398161	5399306	opposite	1100	1146	1145	95.9860	60
FoCL57	JH651392.1	2218604	45	1187	NC_030988.1	5634991	5398161	5399306	same	1099	1146	1145	95.8988	60
FoCL57	KK035849.1	61333	27419	32544	NC_030988.1	5634991	5402584	5407577	opposite	4616	5177	4993	89.1636	60
FoCL57	JH651417.1	57168	45256	47644	NC_030988.1	5634991	5421328	5423717	opposite	2167	2397	2389	90.4047	51
FoCL57	JH651417.1	57168	4579	6019	NC_030988.1	5634991	5426525	5427963	same	1342	1461	1438	91.8549	60
FoCL57	JH651414.1	68668	882	2317	NC_030988.1	5634991	5428363	5429815	same	1319	1452	1452	90.8402	38
FoCL57	JH651404.1	282688	192157	204406	NC_030988.1	5634991	5432683	5444165	same	10297	12870	11482	80.0078	60
FoCL57	KK035845.1	143271	121381	130102	NC_030988.1	5634991	5466620	5475341	same	8485	8725	8721	97.2493	60
FoCL57	KK035845.1	143271	130699	136800	NC_030988.1	5634991	5475419	5481526	same	5975	6109	6107	97.8065	60
FoCL57	KK035856.1	24018	11922	15421	NC_030988.1	5634991	5481813	5485303	same	3437	3501	3490	98.1720	60
FoCL57	JH651439.1	33739	32649	33739	NC_030988.1	5634991	5494506	5495736	same	1078	1230	1230	87.6423	1
FoCL57	JH651431.1	41155	0	387	NC_030988.1	5634991	5497278	5497665	same	387	387	387	100.0000	21
FoCL57	JH651420.1	52559	30280	30612	NC_030988.1	5634991	5497334	5497666	opposite	330	332	332	99.3976	6
FoCL57	KK036043.1	1565	0	510	NC_030988.1	5634991	5546272	5546782	same	496	510	510	97.2549	0
FoCL57	KK035954.1	3022	795	2070	NC_030988.1	5634991	5575818	5577083	same	1195	1275	1265	93.7255	60
FoCL57	JH651411.1	89040	8746	10904	NC_030988.1	5634991	5576418	5578572	opposite	1943	2160	2154	89.9537	60
FoCL57	JH651412.1	84110	52854	53547	NC_030988.1	5634991	5583521	5584214	same	661	693	693	95.3824	60
FoCL57	JH651404.1	282688	231333	232252	NC_030988.1	5634991	5603089	5604011	opposite	851	924	922	92.0996	60
FoCL57	JH651440.1	30340	7064	9740	NC_030988.1	5634991	5603089	5605714	same	2510	2682	2625	93.5869	60
FoCL57	JH651389.1	2870791	2640323	2668561	NC_030989.1	5212762	56	28295	opposite	27754	28253	28239	98.2338	60
FoCL57	JH651389.1	2870791	2626521	2628732	NC_030989.1	5212762	39399	41610	opposite	2183	2211	2211	98.7336	60
FoCL57	JH651389.1	2870791	2597763	2618761	NC_030989.1	5212762	42969	64036	opposite	20425	21151	21067	96.5675	60
FoCL57	JH651389.1	2870791	2571554	2587077	NC_030989.1	5212762	87951	103387	opposite	14883	15536	15436	95.7969	60
FoCL57	JH651389.1	2870791	2565149	2566268	NC_030989.1	5212762	108729	109848	opposite	1036	1119	1119	92.5827	60
FoCL57	JH651389.1	2870791	2558342	2565012	NC_030989.1	5212762	109986	116632	opposite	6483	6678	6646	97.0800	60
FoCL57	JH651389.1	2870791	2426158	2558254	NC_030989.1	5212762	116728	218600	opposite	96717	135473	101872	71.3921	60
FoCL57	JH651404.1	282688	188042	198193	NC_030989.1	5212762	164007	174085	same	9602	10168	10078	94.4335	51
FoCL57	JH651389.1	2870791	2400110	2425993	NC_030989.1	5212762	218761	248799	opposite	25268	30070	30038	84.0306	60
FoCL57	JH651389.1	2870791	2387899	2395389	NC_030989.1	5212762	250305	261027	opposite	7334	10722	10722	68.4014	60
FoCL57	JH651389.1	2870791	2333990	2387505	NC_030989.1	5212762	261478	296188	opposite	34005	53432	34710	63.6416	60
FoCL57	JH651389.1	2870791	2318539	2333912	NC_030989.1	5212762	296263	314710	opposite	15116	18475	18447	81.8187	60
FoCL57	JH651389.1	2870791	2317740	2318396	NC_030989.1	5212762	314852	315508	opposite	649	656	656	98.9329	60
FoCL57	JH651389.1	2870791	2297287	2316964	NC_030989.1	5212762	316373	337041	opposite	19233	20262	20668	94.9215	60
FoCL57	JH651389.1	2870791	2294083	2296925	NC_030989.1	5212762	337403	340256	opposite	2686	2856	2853	94.0476	60
FoCL57	JH651389.1	2870791	2269764	2293423	NC_030989.1	5212762	340915	364531	opposite	23077	23671	23616	97.4906	60
FoCL57	JH651389.1	2870791	2256208	2269449	NC_030989.1	5212762	364815	378043	opposite	13129	13242	13228	99.1467	60
FoCL57	JH651389.1	2870791	2187143	2256104	NC_030989.1	5212762	378163	447840	opposite	66746	70965	69677	94.0548	60
FoCL57	JH651389.1	2870791	2152662	2187081	NC_030989.1	5212762	447909	482328	opposite	34108	34474	34419	98.9383	60
FoCL57	JH651389.1	2870791	2150419	2152452	NC_030989.1	5212762	482741	484774	opposite	2015	2034	2033	99.0659	60
FoCL57	JH651389.1	2870791	1951362	2149675	NC_030989.1	5212762	485588	685358	opposite	195971	200037	199770	97.9674	60
FoCL57	JH651389.1	2870791	1752320	1951255	NC_030989.1	5212762	685477	883861	opposite	196411	199006	198384	98.6960	60
FoCL57	JH651389.1	2870791	1731450	1752011	NC_030989.1	5212762	884011	904545	opposite	20400	20575	20534	99.1495	60
FoCL57	JH651389.1	2870791	1659629	1731223	NC_030989.1	5212762	904757	975355	opposite	69785	71473	70598	97.6383	60
FoCL57	JH651389.1	2870791	1598269	1659056	NC_030989.1	5212762	976551	1037066	opposite	59948	60836	60515	98.5403	60
FoCL57	JH651389.1	2870791	1464422	1598178	NC_030989.1	5212762	1037178	1170762	opposite	132384	133895	133584	98.8715	60
FoCL57	JH651389.1	2870791	1426906	1458935	NC_030989.1	5212762	1176323	1208360	opposite	31817	32046	32037	99.2854	60
FoCL57	JH651389.1	2870791	1398586	1426745	NC_030989.1	5212762	1208547	1236686	opposite	27957	28170	28139	99.2439	60
FoCL57	JH651389.1	2870791	1390568	1398462	NC_030989.1	5212762	1236810	1244708	opposite	7849	7900	7898	99.3544	60
FoCL57	JH651389.1	2870791	1268715	1390381	NC_030989.1	5212762	1244904	1367001	opposite	120399	121975	122097	98.7079	60
FoCL57	JH651389.1	2870791	1228700	1267832	NC_030989.1	5212762	1367961	1407053	opposite	38809	39149	39092	99.1315	60
FoCL57	JH651389.1	2870791	1198387	1228600	NC_030989.1	5212762	1407151	1437465	opposite	29989	30219	30314	99.2389	60
FoCL57	JH651389.1	2870791	1034261	1195691	NC_030989.1	5212762	1440340	1602766	opposite	160016	162502	162426	98.4702	60
FoCL57	JH651389.1	2870791	841861	1033924	NC_030989.1	5212762	1603191	1795353	opposite	190414	192429	192162	98.9529	60
FoCL57	JH651389.1	2870791	836555	840731	NC_030989.1	5212762	1796692	1800878	opposite	4121	4190	4186	98.3532	60
FoCL57	JH651389.1	2870791	832917	835848	NC_030989.1	5212762	1801643	1804577	opposite	2913	2935	2934	99.2504	60
FoCL57	JH651389.1	2870791	830724	831792	NC_030989.1	5212762	1805188	1806242	opposite	1031	1069	1054	96.4453	60
FoCL57	JH651389.1	2870791	827113	829629	NC_030989.1	5212762	1807841	1810352	opposite	2444	2522	2511	96.9072	60
FoCL57	JH651389.1	2870791	688487	826634	NC_030989.1	5212762	1810845	1949030	opposite	136978	138360	138185	99.0012	60
FoCL57	JH651389.1	2870791	624289	688008	NC_030989.1	5212762	1949337	2013098	opposite	63219	63792	63761	99.1018	60
FoCL57	JH651389.1	2870791	394373	624058	NC_030989.1	5212762	2013317	2243201	opposite	228049	229969	229884	99.1651	60
FoCL57	JH651389.1	2870791	381812	394225	NC_030989.1	5212762	2243357	2255807	opposite	12319	12455	12450	98.9081	60
FoCL57	JH651389.1	2870791	367822	380749	NC_030989.1	5212762	2256849	2269835	opposite	12852	12991	12986	98.9300	60
FoCL57	JH651389.1	2870791	315871	367642	NC_030989.1	5212762	2270015	2321880	opposite	51312	51678	51865	99.2918	60
FoCL57	JH651389.1	2870791	309811	315034	NC_030989.1	5212762	2322863	2328038	opposite	5135	5230	5175	98.1836	60
FoCL57	JH651389.1	2870791	208371	248916	NC_030989.1	5212762	2329038	2369608	opposite	40234	40509	40570	99.3211	60
FoCL57	JH651389.1	2870791	19351	207867	NC_030989.1	5212762	2370133	2561273	opposite	185911	191138	191140	97.2653	60
FoCL57	JH651389.1	2870791	15094	18838	NC_030989.1	5212762	2561775	2565520	opposite	3678	3745	3745	98.2109	60
FoCL57	JH651389.1	2870791	87	14461	NC_030989.1	5212762	2566147	2580487	opposite	14078	14394	14340	97.8046	60
FoCL57	KK035841.1	590168	205	38759	NC_030989.1	5212762	2580476	2619044	same	38211	38591	38568	99.0153	60
FoCL57	KK035841.1	590168	38926	46091	NC_030989.1	5212762	2619222	2626388	same	7062	7167	7166	98.5350	60
FoCL57	KK035841.1	590168	47486	172916	NC_030989.1	5212762	2627796	2753773	same	120652	129088	125977	93.4649	60
FoCL57	KK035841.1	590168	173973	264204	NC_030989.1	5212762	2757030	2847888	same	88733	91193	90858	97.3024	60
FoCL57	KK035841.1	590168	264532	325423	NC_030989.1	5212762	2848343	2910441	same	59510	62248	62098	95.6015	60
FoCL57	JH651466.1	15004	12915	13520	NC_030989.1	5212762	2855841	2856450	opposite	586	610	609	96.0656	0
FoCL57	KK035841.1	590168	325568	342065	NC_030989.1	5212762	2910594	2927077	same	16152	16501	16483	97.8850	60
FoCL57	KK035841.1	590168	351419	370417	NC_030989.1	5212762	2931717	2951120	same	18680	19421	19403	96.1845	60
FoCL57	KK035841.1	590168	370711	501538	NC_030989.1	5212762	2951612	3095882	same	128902	144385	144270	89.2766	60
FoCL57	JH651425.1	44689	57	1380	NC_030989.1	5212762	3079486	3080809	same	1305	1323	1323	98.6395	0
FoCL57	KK035841.1	590168	503413	589760	NC_030989.1	5212762	3097059	3185241	same	85073	88046	88182	96.6234	60
FoCL57	JH651394.1	2019370	559	62104	NC_030989.1	5212762	3185231	3252211	same	58498	69097	66980	84.6607	60
FoCL57	JH651403.1	281853	281491	281853	NC_030989.1	5212762	3205824	3206186	opposite	362	362	362	100.0000	0
FoCL57	JH651431.1	41155	40513	41155	NC_030989.1	5212762	3258888	3259530	same	633	642	642	98.5981	1
FoCL57	JH651394.1	2019370	63376	115378	NC_030989.1	5212762	3265416	3318063	same	51023	52743	52647	96.7389	60
FoCL57	JH651394.1	2019370	120491	269517	NC_030989.1	5212762	3323332	3474718	same	146854	151662	151386	96.8298	60
FoCL57	JH651394.1	2019370	269898	271269	NC_030989.1	5212762	3475234	3476599	same	1317	1372	1365	95.9913	60
FoCL57	JH651394.1	2019370	273306	309613	NC_030989.1	5212762	3478504	3518288	same	33936	40893	39784	82.9873	60
FoCL57	JH651394.1	2019370	309741	337129	NC_030989.1	5212762	3518416	3542459	same	23695	27435	24043	86.3678	60
FoCL57	JH651394.1	2019370	337458	354614	NC_030989.1	5212762	3542878	3560087	same	16937	17214	17209	98.3908	60
FoCL57	JH651394.1	2019370	360834	399936	NC_030989.1	5212762	3562327	3601717	same	38692	39498	39390	97.9594	60
FoCL57	JH651394.1	2019370	400182	492161	NC_030989.1	5212762	3601911	3694716	same	91237	92808	92805	98.3073	60
FoCL57	JH651394.1	2019370	492270	581795	NC_030989.1	5212762	3694830	3784471	same	88826	89472	89641	99.2780	60
FoCL57	JH651394.1	2019370	582020	611589	NC_030989.1	5212762	3784708	3814283	same	29347	29618	29575	99.0850	60
FoCL57	JH651394.1	2019370	611770	627945	NC_030989.1	5212762	3814481	3830665	same	16052	16191	16184	99.1415	60
FoCL57	JH651394.1	2019370	628232	652366	NC_030989.1	5212762	3830932	3855104	same	23977	24193	24172	99.1072	60
FoCL57	JH651394.1	2019370	653674	730294	NC_030989.1	5212762	3856476	3933937	same	76100	77444	77461	98.2646	60
FoCL57	JH651394.1	2019370	730720	765082	NC_030989.1	5212762	3934499	3968820	same	33970	34418	34321	98.6984	60
FoCL57	JH651394.1	2019370	765447	766501	NC_030989.1	5212762	3969205	3970259	same	995	1054	1054	94.4023	60
FoCL57	JH651394.1	2019370	766730	780560	NC_030989.1	5212762	3970488	3984357	same	13672	13877	13869	98.5227	60
FoCL57	JH651394.1	2019370	781142	813434	NC_030989.1	5212762	3984937	4017268	same	32069	32342	32331	99.1559	60
FoCL57	JH651394.1	2019370	813631	816980	NC_030989.1	5212762	4017571	4020929	same	3331	3360	3358	99.1369	60
FoCL57	JH651394.1	2019370	817830	865238	NC_030989.1	5212762	4021939	4069377	same	47051	47451	47438	99.1570	60
FoCL57	JH651394.1	2019370	865461	924575	NC_030989.1	5212762	4069624	4129697	same	58453	59891	60073	97.5990	60
FoCL57	JH651394.1	2019370	927163	1041486	NC_030989.1	5212762	4129829	4245217	same	112421	115712	115388	97.1559	60
FoCL57	JH651394.1	2019370	1041821	1056040	NC_030989.1	5212762	4245472	4259836	same	14085	14253	14364	98.8213	60
FoCL57	JH651394.1	2019370	1056977	1068676	NC_030989.1	5212762	4260672	4272371	same	11612	11704	11699	99.2139	60
FoCL57	JH651394.1	2019370	1068864	1146380	NC_030989.1	5212762	4272567	4350128	same	76708	77662	77561	98.7716	60
FoCL57	JH651394.1	2019370	1146441	1149307	NC_030989.1	5212762	4350409	4353281	same	2836	2872	2872	98.7465	60
FoCL57	JH651394.1	2019370	1149985	1339396	NC_030989.1	5212762	4353440	4542034	same	186701	189370	188594	98.5906	60
FoCL57	JH651394.1	2019370	1346262	1359944	NC_030989.1	5212762	4550451	4569266	same	13319	18892	18815	70.5007	60
FoCL57	JH651394.1	2019370	1360043	1401223	NC_030989.1	5212762	4569356	4610571	same	40705	41236	41215	98.7123	60
FoCL57	JH651394.1	2019370	1404079	1435598	NC_030989.1	5212762	4612500	4644030	same	30997	31562	31530	98.2099	60
FoCL57	JH651394.1	2019370	1445274	1448366	NC_030989.1	5212762	4647261	4650353	same	2993	3092	3092	96.7982	60
FoCL57	JH651394.1	2019370	1451173	1456995	NC_030989.1	5212762	4650652	4656449	same	5717	5823	5797	98.1796	60
FoCL57	JH651394.1	2019370	1479252	1557047	NC_030989.1	5212762	4659708	4743224	same	76486	83588	83516	91.5036	60
FoCL57	JH651394.1	2019370	1564827	1569131	NC_030989.1	5212762	4748005	4752336	same	4004	4347	4331	92.1095	60
FoCL57	JH651394.1	2019370	1569527	1584548	NC_030989.1	5212762	4752732	4767491	same	14486	15028	14759	96.3934	60
FoCL57	JH651394.1	2019370	1594120	1595978	NC_030989.1	5212762	4767957	4769787	same	1781	1858	1830	95.8558	60
FoCL57	JH651394.1	2019370	1600885	1604099	NC_030989.1	5212762	4777187	4780396	same	3095	3218	3209	96.1778	60
FoCL57	JH651394.1	2019370	1608871	1620602	NC_030989.1	5212762	4786184	4797920	same	11406	11765	11736	96.9486	60
FoCL57	JH651394.1	2019370	1624531	1630429	NC_030989.1	5212762	4799116	4805021	same	5792	5908	5905	98.0366	60
FoCL57	JH651394.1	2019370	1630767	1684077	NC_030989.1	5212762	4805363	4867636	same	51831	62181	62273	83.3550	60
FoCL57	KK035905.1	5405	4830	5405	NC_030989.1	5212762	4853788	4854363	opposite	575	575	575	100.0000	1
FoCL57	JH651394.1	2019370	1687997	1732304	NC_030989.1	5212762	4870174	4914449	same	43413	44326	44275	97.9403	60
FoCL57	JH651394.1	2019370	1732708	1758284	NC_030989.1	5212762	4914854	4940441	same	24999	25591	25587	97.6867	60
FoCL57	JH651394.1	2019370	1758445	1765653	NC_030989.1	5212762	4941025	4947741	same	6444	7250	6716	88.8828	60
FoCL57	JH651394.1	2019370	1766592	1768757	NC_030989.1	5212762	4948914	4951098	same	2006	2188	2184	91.6819	60
FoCL57	JH651394.1	2019370	1777284	1780310	NC_030989.1	5212762	4961488	4964512	same	2777	3033	3024	91.5595	60
FoCL57	JH651394.1	2019370	1788438	1789725	NC_030989.1	5212762	5007276	5008562	same	1225	1287	1286	95.1826	60
FoCL57	JH651394.1	2019370	1790272	1790821	NC_030989.1	5212762	5009162	5009711	same	520	549	549	94.7177	60
FoCL57	KK035873.1	12431	8415	9363	NC_030989.1	5212762	5024715	5025663	opposite	922	948	948	97.2574	13
FoCL57	JH651394.1	2019370	1811592	1813282	NC_030989.1	5212762	5036253	5037978	same	1620	1730	1725	93.6416	60
FoCL57	JH651394.1	2019370	1820221	1828631	NC_030989.1	5212762	5041359	5049735	same	8120	8436	8376	96.2541	60
FoCL57	JH651394.1	2019370	1828805	1849381	NC_030989.1	5212762	5049909	5070562	same	20039	20687	20653	96.8676	60
FoCL57	JH651394.1	2019370	1861154	1912580	NC_030989.1	5212762	5072937	5119265	same	45061	51411	46328	87.6486	60
FoCL57	JH651394.1	2019370	1912661	1942318	NC_030989.1	5212762	5119350	5149192	same	29020	30017	29842	96.6785	60
FoCL57	JH651394.1	2019370	1942318	1942771	NC_030989.1	5212762	5149192	5149644	opposite	445	454	452	98.0176	60
FoCL57	JH651394.1	2019370	1942771	1951166	NC_030989.1	5212762	5149644	5158096	same	8027	8487	8452	94.5799	60
FoCL57	JH651385.1	5064356	4893977	4900625	NC_030990.1	4914260	1	6640	opposite	6464	6650	6639	97.2030	60
FoCL57	JH651385.1	5064356	4871594	4885315	NC_030990.1	4914260	9359	22800	opposite	13105	13777	13441	95.1223	60
FoCL57	JH651385.1	5064356	4869265	4871452	NC_030990.1	4914260	22964	25144	opposite	2091	2192	2180	95.3923	60
FoCL57	JH651385.1	5064356	4836750	4866937	NC_030990.1	4914260	27816	65793	opposite	27245	40180	37977	67.8074	60
FoCL57	JH651385.1	5064356	4833940	4836608	NC_030990.1	4914260	65941	68549	opposite	2566	2668	2608	96.1769	60
FoCL57	JH651385.1	5064356	4802956	4833844	NC_030990.1	4914260	68656	99542	opposite	30280	30912	30886	97.9555	60
FoCL57	JH651385.1	5064356	4796974	4802805	NC_030990.1	4914260	99698	105514	opposite	5607	5833	5816	96.1255	60
FoCL57	JH651385.1	5064356	4763645	4796551	NC_030990.1	4914260	106109	139038	opposite	32261	32935	32929	97.9535	60
FoCL57	JH651385.1	5064356	4761624	4762675	NC_030990.1	4914260	140002	141053	opposite	1039	1051	1051	98.8582	60
FoCL57	JH651385.1	5064356	4725518	4761456	NC_030990.1	4914260	141221	178695	opposite	35191	37536	37474	93.7527	60
FoCL57	JH651385.1	5064356	4715135	4725233	NC_030990.1	4914260	178982	189125	opposite	9713	10151	10143	95.6852	60
FoCL57	JH651385.1	5064356	4680098	4714253	NC_030990.1	4914260	194293	228419	opposite	33252	34185	34126	97.2707	60
FoCL57	JH651385.1	5064356	4676421	4679850	NC_030990.1	4914260	228708	232134	opposite	3358	3429	3426	97.9294	60
FoCL57	JH651385.1	5064356	4669777	4676228	NC_030990.1	4914260	232328	238783	opposite	6299	6458	6455	97.5379	60
FoCL57	JH651385.1	5064356	4665550	4669571	NC_030990.1	4914260	239013	243079	opposite	3906	4066	4066	96.0649	60
FoCL57	JH651385.1	5064356	4661860	4662488	NC_030990.1	4914260	247394	248020	opposite	602	628	626	95.8599	60
FoCL57	JH651385.1	5064356	4649130	4660831	NC_030990.1	4914260	250326	262028	opposite	11506	11702	11702	98.3251	60
FoCL57	JH651385.1	5064356	4473802	4645593	NC_030990.1	4914260	268576	431526	opposite	157689	173495	162950	90.8897	60
FoCL57	JH651385.1	5064356	4440225	4471033	NC_030990.1	4914260	433917	471455	opposite	30256	37597	37538	80.4745	60
FoCL57	JH651385.1	5064356	4439184	4439928	NC_030990.1	4914260	481858	482602	opposite	738	744	744	99.1935	60
FoCL57	JH651385.1	5064356	4433785	4437744	NC_030990.1	4914260	483910	487909	opposite	3849	4006	3999	96.0809	60
FoCL57	JH651385.1	5064356	4368194	4433456	NC_030990.1	4914260	488146	552216	opposite	62071	66108	64070	93.8933	60
FoCL57	JH651385.1	5064356	4347871	4365917	NC_030990.1	4914260	554496	572590	opposite	17579	18114	18094	97.0465	60
FoCL57	JH651385.1	5064356	4339498	4342260	NC_030990.1	4914260	578322	581046	opposite	2536	2774	2724	91.4203	60
FoCL57	JH651385.1	5064356	4262459	4339170	NC_030990.1	4914260	581374	658311	opposite	75389	77008	76937	97.8976	60
FoCL57	JH651385.1	5064356	4177893	4262086	NC_030990.1	4914260	658676	748802	opposite	82987	90278	90126	91.9238	60
FoCL57	KK035855.1	25391	353	1305	NC_030990.1	4914260	732831	733783	same	927	952	952	97.3739	60
FoCL57	JH651385.1	5064356	4163766	4177538	NC_030990.1	4914260	749175	762966	opposite	13595	13793	13791	98.5645	60
FoCL57	JH651385.1	5064356	4107007	4163321	NC_030990.1	4914260	763528	819839	opposite	55636	56375	56311	98.6891	60
FoCL57	JH651385.1	5064356	4095067	4106753	NC_030990.1	4914260	820484	832173	opposite	11587	11711	11689	98.9412	60
FoCL57	JH651385.1	5064356	4074867	4094433	NC_030990.1	4914260	832813	852366	opposite	19370	19590	19553	98.8770	60
FoCL57	JH651385.1	5064356	4048294	4074593	NC_030990.1	4914260	852781	879105	opposite	25901	26258	26324	98.6404	60
FoCL57	JH651385.1	5064356	3942577	3998425	NC_030990.1	4914260	880251	936138	opposite	55465	55922	55887	99.1828	60
FoCL57	JH651385.1	5064356	3801241	3942441	NC_030990.1	4914260	936290	1077391	opposite	140051	141378	141101	99.0614	60
FoCL57	JH651385.1	5064356	3772963	3801013	NC_030990.1	4914260	1077627	1105673	opposite	27831	28068	28046	99.1556	60
FoCL57	JH651385.1	5064356	3765675	3772855	NC_030990.1	4914260	1105786	1112962	opposite	7137	7181	7176	99.3873	60
FoCL57	JH651385.1	5064356	3761967	3765205	NC_030990.1	4914260	1113542	1116787	opposite	3213	3246	3245	98.9834	60
FoCL57	JH651385.1	5064356	3754520	3761640	NC_030990.1	4914260	1117162	1124299	opposite	7058	7140	7137	98.8515	60
FoCL57	JH651385.1	5064356	3723412	3748788	NC_030990.1	4914260	1133396	1158737	opposite	25087	25410	25341	98.7288	60
FoCL57	JH651385.1	5064356	3701832	3723263	NC_030990.1	4914260	1158895	1180407	opposite	21217	21517	21512	98.6058	60
FoCL57	JH651385.1	5064356	3668894	3701088	NC_030990.1	4914260	1181263	1213458	opposite	31892	32239	32195	98.9237	60
FoCL57	JH651385.1	5064356	3594176	3668821	NC_030990.1	4914260	1213551	1288391	opposite	74086	74875	74840	98.9462	60
FoCL57	JH651385.1	5064356	3569792	3593887	NC_030990.1	4914260	1288876	1312953	opposite	23725	24163	24077	98.1873	60
FoCL57	JH651385.1	5064356	3554163	3569580	NC_030990.1	4914260	1313164	1328597	opposite	15277	15440	15433	98.9443	60
FoCL57	JH651385.1	5064356	3483663	3554069	NC_030990.1	4914260	1328706	1399823	opposite	69753	71093	71117	98.1151	60
FoCL57	JH651385.1	5064356	3441991	3483133	NC_030990.1	4914260	1400426	1441561	opposite	40797	41172	41135	99.0892	60
FoCL57	JH651385.1	5064356	3438431	3441300	NC_030990.1	4914260	1442750	1445632	opposite	2818	2896	2882	97.3066	60
FoCL57	JH651385.1	5064356	3420413	3437089	NC_030990.1	4914260	1447348	1464031	opposite	16545	16684	16683	99.1669	60
FoCL57	JH651385.1	5064356	3371817	3407931	NC_030990.1	4914260	1476812	1513020	opposite	35867	36250	36208	98.9434	60
FoCL57	JH651385.1	5064356	3285936	3370613	NC_030990.1	4914260	1514157	1599203	opposite	83835	85122	85046	98.4881	60
FoCL57	JH651385.1	5064356	3283798	3285700	NC_030990.1	4914260	1599556	1601459	opposite	1891	1904	1903	99.3172	60
FoCL57	JH651385.1	5064356	3282067	3282848	NC_030990.1	4914260	1601975	1602755	opposite	776	781	780	99.3598	60
FoCL57	JH651385.1	5064356	3245366	3281729	NC_030990.1	4914260	1603134	1639540	opposite	36084	36446	36406	99.0067	60
FoCL57	JH651385.1	5064356	3232114	3244933	NC_030990.1	4914260	1639983	1652789	opposite	12671	12832	12806	98.7453	60
FoCL57	JH651385.1	5064356	3227205	3228095	NC_030990.1	4914260	1652786	1653678	opposite	878	892	892	98.4305	60
FoCL57	JH651385.1	5064356	3169325	3224337	NC_030990.1	4914260	1656506	1711680	opposite	54609	55065	55174	99.1719	60
FoCL57	JH651385.1	5064356	3137809	3169235	NC_030990.1	4914260	1711775	1743260	opposite	31222	31505	31485	99.1017	60
FoCL57	JH651385.1	5064356	3102669	3137393	NC_030990.1	4914260	1743982	1778713	opposite	34406	34793	34731	98.8877	60
FoCL57	JH651385.1	5064356	2948741	3102285	NC_030990.1	4914260	1779181	1937867	opposite	152218	158990	158686	95.7406	60
FoCL57	JH651385.1	5064356	2941601	2948617	NC_030990.1	4914260	1937997	1945020	opposite	6823	6882	7023	99.1427	60
FoCL57	JH651385.1	5064356	2936194	2941478	NC_030990.1	4914260	1945150	1950447	opposite	5248	5297	5297	99.0749	60
FoCL57	JH651385.1	5064356	2851721	2936020	NC_030990.1	4914260	1950634	2035318	opposite	83662	84755	84684	98.7104	60
FoCL57	JH651385.1	5064356	2611899	2850919	NC_030990.1	4914260	2036214	2276443	opposite	236560	240819	240229	98.2315	60
FoCL57	JH651385.1	5064356	2590288	2611806	NC_030990.1	4914260	2276536	2298058	opposite	21377	21536	21522	99.2617	60
FoCL57	JH651385.1	5064356	2540246	2590023	NC_030990.1	4914260	2298533	2348600	opposite	49463	50093	50067	98.7423	60
FoCL57	JH651385.1	5064356	2513887	2540088	NC_030990.1	4914260	2348760	2374917	opposite	25925	26265	26157	98.7055	60
FoCL57	JH651385.1	5064356	2434822	2512607	NC_030990.1	4914260	2376626	2455542	opposite	76805	78281	78916	98.1145	60
FoCL57	JH651385.1	5064356	2423517	2434326	NC_030990.1	4914260	2456197	2467005	opposite	10711	10827	10808	98.9286	60
FoCL57	JH651385.1	5064356	2364431	2423372	NC_030990.1	4914260	2467283	2526161	opposite	58520	58983	58878	99.2150	60
FoCL57	JH651385.1	5064356	2276525	2364155	NC_030990.1	4914260	2526573	2613958	opposite	84626	89675	87385	94.3697	60
FoCL57	JH651385.1	5064356	2223562	2275845	NC_030990.1	4914260	2614614	2666681	opposite	51537	52236	52067	98.6618	60
FoCL57	JH651385.1	5064356	2156381	2223444	NC_030990.1	4914260	2666819	2733485	opposite	66158	67143	66666	98.5330	60
FoCL57	JH651385.1	5064356	2105832	2156310	NC_030990.1	4914260	2733564	2783909	opposite	49995	50427	50345	99.1433	60
FoCL57	JH651385.1	5064356	2052646	2105056	NC_030990.1	4914260	2784340	2836751	opposite	52069	52466	52411	99.2433	60
FoCL57	JH651385.1	5064356	1997239	2052542	NC_030990.1	4914260	2836866	2892199	opposite	54796	55389	55333	98.9294	60
FoCL57	JH651385.1	5064356	1972164	1996890	NC_030990.1	4914260	2892708	2917474	opposite	24560	24789	24766	99.0762	60
FoCL57	JH651385.1	5064356	1834778	1971802	NC_030990.1	4914260	2918054	3053862	opposite	134628	137109	135808	98.1905	60
FoCL57	JH651385.1	5064356	1687391	1834363	NC_030990.1	4914260	3054346	3201469	opposite	145679	147125	147123	99.0172	60
FoCL57	JH651385.1	5064356	1676732	1687247	NC_030990.1	4914260	3201617	3212138	opposite	10432	10522	10521	99.1446	60
FoCL57	JH651385.1	5064356	1492323	1676038	NC_030990.1	4914260	3212913	3398310	opposite	182390	185269	185397	98.4460	60
FoCL57	JH651385.1	5064356	1459448	1491137	NC_030990.1	4914260	3399483	3431185	opposite	31533	31716	31702	99.4230	60
FoCL57	JH651385.1	5064356	1399239	1459045	NC_030990.1	4914260	3431464	3491487	opposite	59249	59845	60023	99.0041	60
FoCL57	JH651385.1	5064356	1365888	1398730	NC_030990.1	4914260	3491997	3525558	opposite	32626	33584	33561	97.1475	60
FoCL57	JH651385.1	5064356	1350568	1362547	NC_030990.1	4914260	3526699	3538560	opposite	11734	12059	11861	97.3049	60
FoCL57	JH651385.1	5064356	1295796	1350335	NC_030990.1	4914260	3538803	3593882	opposite	54031	55286	55079	97.7300	60
FoCL57	JH651385.1	5064356	1253940	1295536	NC_030990.1	4914260	3594216	3635814	opposite	41387	41629	41598	99.4187	60
FoCL57	JH651385.1	5064356	1165657	1253607	NC_030990.1	4914260	3636543	3724782	opposite	87313	88355	88239	98.8207	60
FoCL57	JH651385.1	5064356	1145971	1164609	NC_030990.1	4914260	3725545	3744298	opposite	18430	18655	18753	98.7939	60
FoCL57	JH651385.1	5064356	1076740	1145708	NC_030990.1	4914260	3744690	3813655	opposite	68424	69086	68965	99.0418	60
FoCL57	JH651385.1	5064356	1076205	1076597	NC_030990.1	4914260	3813810	3814202	opposite	390	392	392	99.4898	60
FoCL57	JH651385.1	5064356	1045231	1075620	NC_030990.1	4914260	3814837	3844926	opposite	29517	29778	30089	99.1235	60
FoCL57	JH651385.1	5064356	952923	1045139	NC_030990.1	4914260	3845010	3937041	opposite	91222	92201	92031	98.9382	60
FoCL57	JH651385.1	5064356	935194	951727	NC_030990.1	4914260	3939039	3955555	opposite	16366	16542	16516	98.9360	60
FoCL57	JH651385.1	5064356	930603	934717	NC_030990.1	4914260	3956205	3960323	opposite	4016	4118	4118	97.5231	60
FoCL57	JH651385.1	5064356	872418	930526	NC_030990.1	4914260	3960402	4019093	opposite	57410	58805	58691	97.6278	60
FoCL57	JH651385.1	5064356	868058	872124	NC_030990.1	4914260	4019383	4023430	opposite	3947	4067	4047	97.0494	60
FoCL57	JH651385.1	5064356	837223	867920	NC_030990.1	4914260	4023569	4054245	opposite	30383	30716	30676	98.9159	60
FoCL57	JH651385.1	5064356	807434	836948	NC_030990.1	4914260	4054637	4084154	opposite	29271	29560	29517	99.0223	60
FoCL57	JH651385.1	5064356	758424	806885	NC_030990.1	4914260	4084836	4133392	opposite	47781	48817	48556	97.8778	60
FoCL57	JH651385.1	5064356	696623	758125	NC_030990.1	4914260	4133763	4195908	opposite	60676	62247	62145	97.4762	60
FoCL57	JH651385.1	5064356	610448	696299	NC_030990.1	4914260	4196331	4281910	opposite	84617	85737	85579	98.6937	60
FoCL57	JH651385.1	5064356	500735	610356	NC_030990.1	4914260	4282012	4391817	opposite	108249	109962	109805	98.4422	60
FoCL57	JH651385.1	5064356	483635	493423	NC_030990.1	4914260	4410853	4420622	opposite	9446	9839	9769	96.0057	60
FoCL57	JH651385.1	5064356	481228	483234	NC_030990.1	4914260	4421038	4423044	opposite	1928	2006	2006	96.1117	60
FoCL57	JH651385.1	5064356	437018	480580	NC_030990.1	4914260	4428073	4474206	opposite	42103	45342	46133	92.8565	60
FoCL57	KK036119.1	1094	0	1094	NC_030990.1	4914260	4488486	4489580	same	1094	1094	1094	100.0000	0
FoCL57	JH651393.1	2142601	60248	61615	NC_030990.1	4914260	4494279	4495646	opposite	1249	1369	1367	91.2345	60
FoCL57	JH651390.1	2759859	41507	43020	NC_030990.1	4914260	4494279	4495792	same	1386	1513	1513	91.6061	60
FoCL57	JH651385.1	5064356	417556	419379	NC_030990.1	4914260	4514101	4515923	opposite	1731	1826	1822	94.7974	60
FoCL57	JH651385.1	5064356	359429	416461	NC_030990.1	4914260	4516856	4577005	opposite	54648	61251	60149	89.2198	60
FoCL57	JH651385.1	5064356	350552	358457	NC_030990.1	4914260	4587400	4595628	opposite	7639	8251	8228	92.5827	60
FoCL57	JH651385.1	5064356	340402	340922	NC_030990.1	4914260	4606968	4607485	opposite	495	520	517	95.1923	60
FoCL57	JH651385.1	5064356	337374	340339	NC_030990.1	4914260	4607550	4610587	opposite	2911	2937	3037	99.1147	60
FoCL57	JH651385.1	5064356	298950	314125	NC_030990.1	4914260	4613567	4628737	opposite	14738	15187	15170	97.0435	60
FoCL57	JH651385.1	5064356	271879	297271	NC_030990.1	4914260	4630233	4655765	opposite	24561	25395	25532	96.7159	60
FoCL57	JH651385.1	5064356	252022	267314	NC_030990.1	4914260	4660863	4676156	opposite	14922	15310	15293	97.4657	60
FoCL57	JH651385.1	5064356	246650	251918	NC_030990.1	4914260	4676279	4681392	opposite	4896	5300	5113	92.3774	60
FoCL57	JH651385.1	5064356	237489	246424	NC_030990.1	4914260	4681616	4695747	opposite	8802	14136	14131	62.2666	60
FoCL57	JH651385.1	5064356	229577	237214	NC_030990.1	4914260	4696050	4703697	opposite	7530	7647	7647	98.4700	60
FoCL57	JH651385.1	5064356	226553	226971	NC_030990.1	4914260	4708014	4708432	opposite	413	418	418	98.8038	60
FoCL57	JH651385.1	5064356	208541	226124	NC_030990.1	4914260	4708942	4726555	opposite	17159	17625	17613	97.3560	60
FoCL57	JH651385.1	5064356	201931	204827	NC_030990.1	4914260	4726874	4729823	opposite	2826	2949	2949	95.8291	60
FoCL57	JH651385.1	5064356	176992	201203	NC_030990.1	4914260	4731825	4756702	opposite	23729	24902	24877	95.2895	60
FoCL57	JH651385.1	5064356	159227	175386	NC_030990.1	4914260	4773760	4792967	opposite	15655	19441	19207	80.5257	60
FoCL57	JH651385.1	5064356	141094	159103	NC_030990.1	4914260	4793102	4811077	opposite	17634	18042	17975	97.7386	60
FoCL57	JH651385.1	5064356	128284	140723	NC_030990.1	4914260	4811668	4824032	opposite	12038	12446	12364	96.7218	60
FoCL57	JH651385.1	5064356	97219	124909	NC_030990.1	4914260	4832793	4856885	opposite	23364	27742	24092	84.2189	60
FoCL57	JH651385.1	5064356	77504	97108	NC_030990.1	4914260	4857009	4872957	opposite	15364	19662	15948	78.1406	60
FoCL57	JH651445.1	25598	16413	17240	NC_030990.1	4914260	4913144	4913971	same	767	827	827	92.7449	60
FoCL57	JH651396.1	1653966	3805	4425	NC_030990.1	4914260	4913150	4913770	opposite	588	620	620	94.8387	60
FoCL57	JH651406.1	152588	106640	107168	NC_030991.1	4589937	7627	8156	same	514	529	529	97.1645	1
FoCL57	JH651441.1	31881	21110	21875	NC_030991.1	4589937	18420	19185	opposite	714	765	765	93.3333	0
FoCL57	JH651390.1	2759859	2661753	2662990	NC_030991.1	4589937	51732	52969	same	1227	1238	1237	99.1115	60
FoCL57	JH651411.1	89040	76637	77716	NC_030991.1	4589937	75046	76125	same	1055	1079	1079	97.7757	1
FoCL57	KK035867.1	14313	8796	10391	NC_030991.1	4589937	90500	92095	opposite	1578	1595	1595	98.9342	60
FoCL57	JH651404.1	282688	89720	91204	NC_030991.1	4589937	90545	92037	same	1402	1495	1492	93.7793	60
FoCL57	KK035867.1	14313	7621	8458	NC_030991.1	4589937	92471	93308	opposite	834	837	837	99.6416	60
FoCL57	KK035860.1	20798	11043	12053	NC_030991.1	4589937	133074	134081	same	930	1010	1007	92.0792	60
FoCL57	JH651430.1	40904	26553	28153	NC_030991.1	4589937	190259	191861	opposite	1548	1602	1602	96.6292	60
FoCL57	KK035847.1	91901	42360	43368	NC_030991.1	4589937	190289	191297	opposite	934	1008	1008	92.6587	52
FoCL57	JH651430.1	40904	23214	24675	NC_030991.1	4589937	195629	197090	opposite	1404	1461	1461	96.0986	60
FoCL57	KK035847.1	91901	31076	34267	NC_030991.1	4589937	199195	202381	opposite	2935	3197	3186	91.8048	58
FoCL57	JH651421.1	50000	4893	12766	NC_030991.1	4589937	204076	211943	same	7540	7910	7867	95.3224	48
FoCL57	KK035853.1	31095	0	404	NC_030991.1	4589937	209380	209784	same	388	404	404	96.0396	1
FoCL57	KK035849.1	61333	50372	51159	NC_030991.1	4589937	218444	219232	same	745	788	788	94.5431	60
FoCL57	JH651433.1	36238	11534	11774	NC_030991.1	4589937	220019	220259	same	237	240	240	98.7500	38
FoCL57	JH651421.1	50000	17985	21761	NC_030991.1	4589937	371253	375011	same	3617	3782	3758	95.6372	60
FoCL57	JH651421.1	50000	22894	23951	NC_030991.1	4589937	375000	376135	same	978	1036	1135	94.4015	60
FoCL57	KK035873.1	12431	2411	2715	NC_030991.1	4589937	378345	378649	same	294	304	304	96.7105	57
FoCL57	JH651421.1	50000	28590	29068	NC_030991.1	4589937	378650	379128	same	472	478	478	98.7448	0
FoCL57	KK035947.1	3294	772	2304	NC_030991.1	4589937	411145	412605	opposite	1373	1533	1460	89.5629	60
FoCL57	JH651404.1	282688	113380	114897	NC_030991.1	4589937	411157	412605	opposite	1344	1518	1448	88.5375	60
FoCL57	KK035924.1	4169	600	1111	NC_030991.1	4589937	412854	413365	opposite	489	511	511	95.6947	60
FoCL57	JH651438.1	32620	16610	18822	NC_030991.1	4589937	416221	418375	opposite	2118	2218	2154	95.4914	60
FoCL57	KK035849.1	61333	59321	61333	NC_030991.1	4589937	427874	429899	same	2009	2025	2025	99.2099	60
FoCL57	JH651419.1	52215	0	2517	NC_030991.1	4589937	427923	430453	same	2512	2530	2530	99.2885	60
FoCL57	JH651409.1	91740	0	2511	NC_030991.1	4589937	427929	430453	same	2506	2524	2524	99.2868	60
FoCL57	KK035849.1	61333	37634	40247	NC_030991.1	4589937	443327	445965	opposite	2509	2639	2638	95.0739	60
FoCL57	JH651415.1	57426	40543	42945	NC_030991.1	4589937	476529	478931	same	2374	2402	2402	98.8343	60
FoCL57	KK035888.1	7283	5557	7278	NC_030991.1	4589937	536842	538554	same	1651	1723	1712	95.8212	60
FoCL57	KK035857.1	22503	20286	22124	NC_030991.1	4589937	544864	546702	opposite	1791	1838	1838	97.4429	6
FoCL57	KK035887.1	7395	6624	7290	NC_030991.1	4589937	578787	579453	opposite	651	666	666	97.7477	60
FoCL57	JH651386.1	4537458	4525915	4527983	NC_030991.1	4589937	586013	588084	opposite	1982	2076	2071	95.4721	60
FoCL57	KK035875.1	12137	7972	12137	NC_030991.1	4589937	589956	594114	same	4074	4165	4158	97.8151	60
FoCL57	KK035962.1	2848	0	2089	NC_030991.1	4589937	591407	593493	same	2033	2089	2086	97.3193	60
FoCL57	JH651390.1	2759859	13762	27130	NC_030991.1	4589937	602025	617650	opposite	13105	15639	15625	83.7969	60
FoCL57	JH651390.1	2759859	12496	12724	NC_030991.1	4589937	618672	618900	opposite	226	228	228	99.1228	60
FoCL57	JH651385.1	5064356	4923179	4925455	NC_030991.1	4589937	618928	621208	opposite	2126	2281	2280	93.2047	60
FoCL57	KK035862.1	17569	330	852	NC_030991.1	4589937	645682	646201	same	499	522	519	95.5939	23
FoCL57	JH651479.1	10663	9828	10227	NC_030991.1	4589937	659148	659570	opposite	384	422	422	90.9953	4
FoCL57	JH651435.1	35525	30676	32542	NC_030991.1	4589937	669324	671192	opposite	1761	1912	1868	92.1025	60
FoCL57	JH651416.1	58138	15250	15997	NC_030991.1	4589937	682307	683053	same	714	747	746	95.5823	1
FoCL57	JH651420.1	52559	16846	17918	NC_030991.1	4589937	702654	703731	same	993	1077	1077	92.2006	59
FoCL57	JH651433.1	36238	20753	22574	NC_030991.1	4589937	702667	704489	same	1779	1822	1822	97.6400	60
FoCL57	JH651427.1	45697	2743	3104	NC_030991.1	4589937	711730	712090	same	350	361	360	96.9529	60
FoCL57	JH651430.1	40904	0	259	NC_030991.1	4589937	751512	751771	same	258	259	259	99.6139	16
FoCL57	JH651455.1	17184	14452	15168	NC_030991.1	4589937	837655	838371	same	698	716	716	97.4860	60
FoCL57	JH651390.1	2759859	75349	76390	NC_030991.1	4589937	851855	852896	same	969	1041	1041	93.0836	60
FoCL57	KK035857.1	22503	4314	10641	NC_030991.1	4589937	851878	858147	same	5764	6345	6269	90.8432	60
FoCL57	JH651406.1	152588	149712	152588	NC_030991.1	4589937	906276	909057	same	2723	2887	2781	94.3194	60
FoCL57	JH651440.1	30340	0	1309	NC_030991.1	4589937	906664	907972	opposite	1261	1309	1308	96.3331	60
FoCL57	KK035902.1	5696	8	5400	NC_030991.1	4589937	910260	915656	same	5330	5397	5396	98.7586	60
FoCL57	JH651464.1	15866	14860	15866	NC_030991.1	4589937	910724	911730	opposite	970	1006	1006	96.4215	60
FoCL57	JH651444.1	25046	20567	22431	NC_030991.1	4589937	922460	924326	opposite	1836	1866	1866	98.3923	20
FoCL57	JH651404.1	282688	235365	237185	NC_030991.1	4589937	926646	928451	same	1675	1828	1805	91.6302	15
FoCL57	JH651471.1	14292	5641	10626	NC_030991.1	4589937	930258	935835	same	4561	5694	5577	80.1019	60
FoCL57	JH651404.1	282688	116365	116911	NC_030991.1	4589937	934742	935306	opposite	532	564	564	94.3262	60
FoCL57	KK035947.1	3294	2303	3229	NC_030991.1	4589937	934742	935668	opposite	900	926	926	97.1922	60
FoCL57	JH651464.1	15866	10459	11050	NC_030991.1	4589937	942024	942616	opposite	566	592	592	95.6081	60
FoCL57	JH651404.1	282688	110987	112765	NC_030991.1	4589937	942024	943803	opposite	1658	1779	1779	93.1984	60
FoCL57	JH651449.1	24628	13639	14720	NC_030991.1	4589937	942156	943237	same	1025	1081	1081	94.8196	60
FoCL57	JH651513.1	3101	1401	3101	NC_030991.1	4589937	944293	946221	same	1532	1832	1928	83.6245	60
FoCL57	KK036080.1	1399	0	1399	NC_030991.1	4589937	944920	946318	opposite	1363	1399	1398	97.4267	60
FoCL57	JH651404.1	282688	282072	282688	NC_030991.1	4589937	946367	947015	same	597	648	648	92.1296	60
FoCL57	KK035881.1	10428	0	419	NC_030991.1	4589937	949386	949805	same	403	419	419	96.1814	51
FoCL57	JH651435.1	35525	7857	8246	NC_030991.1	4589937	951926	952315	same	375	389	389	96.4010	41
FoCL57	JH651420.1	52559	50398	52230	NC_030991.1	4589937	1008648	1010479	opposite	1766	1832	1831	96.3974	60
FoCL57	JH651390.1	2759859	2722223	2722654	NC_030991.1	4589937	1041208	1041639	opposite	418	431	431	96.9838	20
FoCL57	KK035857.1	22503	11389	11948	NC_030991.1	4589937	1080899	1081458	opposite	547	559	559	97.8533	60
FoCL57	KK035874.1	12640	304	2113	NC_030991.1	4589937	1125439	1127248	opposite	1770	1809	1809	97.8441	60
FoCL57	JH651390.1	2759859	2462292	2466767	NC_030991.1	4589937	1154136	1158402	same	3954	4503	4266	87.8081	60
FoCL57	JH651409.1	91740	6145	6407	NC_030991.1	4589937	1159388	1159650	same	256	262	262	97.7099	3
FoCL57	JH651421.1	50000	10971	16878	NC_030991.1	4589937	1231088	1238850	same	5533	7772	7762	71.1915	60
FoCL57	JH651456.1	17309	12281	15320	NC_030991.1	4589937	1258603	1261641	same	2970	3039	3038	97.7295	60
FoCL57	KK035854.1	27712	16253	23906	NC_030991.1	4589937	1262783	1271569	same	7393	8847	8786	83.5651	60
FoCL57	JH651421.1	50000	29348	32659	NC_030991.1	4589937	1295638	1298940	opposite	3215	3312	3302	97.0713	60
FoCL57	JH651419.1	52215	12645	14682	NC_030991.1	4589937	1305976	1308111	same	1842	2036	2135	90.4715	1
FoCL57	JH651408.1	106902	35859	39730	NC_030991.1	4589937	1325804	1330133	opposite	3662	4355	4329	84.0873	19
FoCL57	JH651429.1	42699	240	684	NC_030991.1	4589937	1326537	1326979	opposite	435	444	442	97.9730	60
FoCL57	JH651421.1	50000	16898	17627	NC_030991.1	4589937	1336388	1337112	opposite	692	730	724	94.7945	60
FoCL57	JH651430.1	40904	21655	23157	NC_030991.1	4589937	1347061	1348520	opposite	1377	1502	1459	91.6778	60
FoCL57	JH651430.1	40904	28739	29084	NC_030991.1	4589937	1369056	1369401	same	342	345	345	99.1304	60
FoCL57	JH651410.1	90235	17655	20852	NC_030991.1	4589937	1421346	1424556	opposite	2877	3212	3210	89.5704	0
FoCL57	JH651406.1	152588	120987	123933	NC_030991.1	4589937	1444548	1447552	opposite	2808	2905	3004	96.6609	0
FoCL57	KK035878.1	11077	0	633	NC_030991.1	4589937	1486632	1487265	same	630	633	633	99.5261	0
FoCL57	JH651385.1	5064356	5042638	5045504	NC_030991.1	4589937	1530652	1533710	same	2718	3060	3058	88.8235	0
FoCL57	JH651409.1	91740	10916	11206	NC_030991.1	4589937	1534696	1534986	same	283	290	290	97.5862	0
FoCL57	KK035902.1	5696	5404	5696	NC_030991.1	4589937	1564915	1565207	opposite	288	292	292	98.6301	0
FoCL57	JH651458.1	18026	13837	16306	NC_030991.1	4589937	1585127	1588267	opposite	2319	3144	3140	73.7595	60
FoCL57	JH651409.1	91740	88638	89473	NC_030991.1	4589937	1658032	1658729	same	665	847	697	78.5124	0
FoCL57	JH651408.1	106902	66603	77924	NC_030991.1	4589937	1702601	1713913	opposite	11159	11334	11312	98.4560	0
FoCL57	JH651408.1	106902	59305	65192	NC_030991.1	4589937	1715553	1722187	opposite	5839	6638	6634	87.9632	0
FoCL57	KK035988.1	2156	582	2156	NC_030991.1	4589937	1722701	1724275	opposite	1565	1574	1574	99.4282	0
FoCL57	JH651446.1	26737	12267	14445	NC_030991.1	4589937	1759374	1761837	opposite	1977	2485	2463	79.5573	0
FoCL57	JH651406.1	152588	93299	94691	NC_030991.1	4589937	1772602	1773994	opposite	1248	1392	1392	89.6552	1
FoCL57	KK035867.1	14313	10790	12979	NC_030991.1	4589937	1779396	1781582	opposite	2143	2189	2186	97.8986	0
FoCL57	JH651421.1	50000	27929	28466	NC_030991.1	4589937	1800115	1800648	same	502	541	533	92.7911	0
FoCL57	JH651430.1	40904	454	1385	NC_030991.1	4589937	1806670	1807596	same	855	931	926	91.8367	0
FoCL57	JH651411.1	89040	641	997	NC_030991.1	4589937	1828647	1829003	same	352	356	356	98.8764	8
FoCL57	JH651441.1	31881	30884	31240	NC_030991.1	4589937	1828647	1829003	opposite	352	356	356	98.8764	8
FoCL57	JH651419.1	52215	42655	44185	NC_030991.1	4589937	1877482	1879008	same	1435	1532	1526	93.6684	0
FoCL57	JH651427.1	45697	1119	2577	NC_030991.1	4589937	1877596	1879056	opposite	1382	1462	1460	94.5280	0
FoCL57	JH651431.1	41155	12820	13481	NC_030991.1	4589937	1879067	1879732	same	630	665	665	94.7368	0
FoCL57	JH651476.1	11037	7491	10460	NC_030991.1	4589937	1977361	1980327	opposite	2854	2969	2966	96.1266	0
FoCL57	JH651406.1	152588	10866	13187	NC_030991.1	4589937	2296482	2298883	same	2152	2309	2401	93.2005	1
FoCL57	KK036054.1	1453	1046	1453	NC_030991.1	4589937	2323083	2323488	same	403	407	405	99.0172	0
FoCL57	JH651429.1	42699	26762	27094	NC_030991.1	4589937	2455292	2455624	opposite	330	332	332	99.3976	0
FoCL57	JH651500.1	5303	4165	4518	NC_030991.1	4589937	2492467	2492820	same	347	353	353	98.3003	0
FoCL57	JH651446.1	26737	5932	7774	NC_030991.1	4589937	2500586	2502428	same	1808	1843	1842	98.1009	0
FoCL57	KK035847.1	91901	49070	50106	NC_030991.1	4589937	2598397	2599431	opposite	981	1036	1034	94.6911	1
FoCL57	JH651408.1	106902	40973	45904	NC_030991.1	4589937	2635972	2640930	opposite	4705	4967	4958	94.7252	49
FoCL57	KK036063.1	1433	7	1055	NC_030991.1	4589937	2672715	2673762	same	1010	1048	1047	96.3740	0
FoCL57	JH651456.1	17309	15320	16277	NC_030991.1	4589937	2681444	2682408	same	931	964	964	96.5768	0
FoCL57	KK035924.1	4169	0	523	NC_030991.1	4589937	2681884	2682408	same	504	524	524	96.1832	0
FoCL57	JH651485.1	7924	4129	7924	NC_030991.1	4589937	2714730	2718522	opposite	3567	3798	3792	93.9179	0
FoCL57	KK035992.1	2103	1524	2045	NC_030991.1	4589937	2732820	2733341	same	506	521	521	97.1209	0
FoCL57	JH651433.1	36238	6699	7583	NC_030991.1	4589937	2736438	2737320	opposite	828	891	882	92.9293	0
FoCL57	KK035936.1	3657	27	3648	NC_030991.1	4589937	2738505	2742132	same	3586	3628	3627	98.8423	0
FoCL57	JH651473.1	14833	3592	5006	NC_030991.1	4589937	2753955	2755373	same	1322	1419	1418	93.1642	0
FoCL57	JH651492.1	6824	3180	3626	NC_030991.1	4589937	2754166	2754612	same	427	446	446	95.7399	0
FoCL57	JH651499.1	4935	3012	4935	NC_030991.1	4589937	2755819	2757737	same	1787	1924	1918	92.8794	0
FoCL57	JH651473.1	14833	12918	14833	NC_030991.1	4589937	2764266	2766167	same	1757	1917	1901	91.6536	0
FoCL57	KK035963.1	2824	13	2824	NC_030991.1	4589937	2783732	2786596	opposite	2671	2871	2864	93.0338	0
FoCL57	JH651474.1	11445	9511	11445	NC_030991.1	4589937	2784171	2786105	opposite	1819	1938	1934	93.8596	0
FoCL57	KK036039.1	1593	0	1207	NC_030991.1	4589937	2790039	2791244	same	1192	1207	1205	98.7572	0
FoCL57	KK036121.1	1099	0	1099	NC_030991.1	4589937	2827725	2828819	opposite	1044	1099	1094	94.9955	0
FoCL57	JH651506.1	4125	207	1236	NC_030991.1	4589937	2847389	2848596	opposite	982	1207	1207	81.3587	0
FoCL57	KK036021.1	1678	0	723	NC_030991.1	4589937	2849810	2850551	opposite	686	757	741	90.6209	0
FoCL57	JH651488.1	7300	6201	7300	NC_030991.1	4589937	2861874	2862973	same	1032	1101	1099	93.7330	0
FoCL57	KK035866.1	14714	13808	14714	NC_030991.1	4589937	2862293	2863199	opposite	857	906	906	94.5916	0
FoCL57	KK035866.1	14714	0	973	NC_030991.1	4589937	2867922	2868895	opposite	929	974	973	95.3799	0
FoCL57	KK035883.1	8634	0	8634	NC_030991.1	4589937	2882085	2890575	same	7994	8697	8490	91.9168	1
FoCL57	JH651497.1	6063	3988	6063	NC_030991.1	4589937	2912508	2914581	opposite	2010	2075	2073	96.8675	0
FoCL57	JH651497.1	6063	0	3713	NC_030991.1	4589937	2916379	2920245	opposite	3506	3820	3866	91.7801	0
FoCL57	JH651442.1	27012	38	4421	NC_030991.1	4589937	2924890	2932818	same	4048	7337	7928	55.1724	4
FoCL57	KK036040.1	1610	9	693	NC_030991.1	4589937	3007840	3008536	same	651	703	696	92.6031	0
FoCL57	KK035896.1	6333	43	1818	NC_030991.1	4589937	3070869	3072641	opposite	1627	1780	1772	91.4045	0
FoCL57	KK035903.1	5623	304	869	NC_030991.1	4589937	3159094	3159634	same	517	572	540	90.3846	0
FoCL57	JH651402.1	711798	679663	682123	NC_030991.1	4589937	3207758	3210227	same	2278	2475	2469	92.0404	0
FoCL57	KK035841.1	590168	589760	590168	NC_030991.1	4589937	3239881	3240290	same	408	409	409	99.7555	0
FoCL57	KK035858.1	22213	16579	19568	NC_030991.1	4589937	3365162	3368838	same	2914	3680	3676	79.1848	0
FoCL57	JH651472.1	13070	8796	10209	NC_030991.1	4589937	3759482	3760895	same	1376	1413	1413	97.3815	0
FoCL57	JH651390.1	2759859	2728629	2729080	NC_030991.1	4589937	3833658	3834109	same	436	451	451	96.6741	1
FoCL57	JH651440.1	30340	12848	18900	NC_030991.1	4589937	3886879	3892960	same	5880	6094	6081	96.4883	0
FoCL57	KK035906.1	5500	1064	2508	NC_030991.1	4589937	3922239	3923675	same	1298	1445	1436	89.8270	0
FoCL57	JH651411.1	89040	66496	67939	NC_030991.1	4589937	3922803	3924242	same	1299	1445	1439	89.8962	0
FoCL57	JH651431.1	41155	20043	24814	NC_030991.1	4589937	3984951	3989723	same	4705	4772	4772	98.5960	1
FoCL57	KK035865.1	15131	10959	13178	NC_030991.1	4589937	4022662	4024883	same	2169	2232	2221	97.1774	0
FoCL57	KK036017.1	1747	0	1098	NC_030991.1	4589937	4023103	4024201	opposite	1032	1098	1098	93.9891	0
FoCL57	JH651406.1	152588	39872	40995	NC_030991.1	4589937	4023730	4024856	same	1068	1126	1126	94.8490	0
FoCL57	KK035860.1	20798	490	1003	NC_030991.1	4589937	4040404	4040918	opposite	504	514	514	98.0545	0
FoCL57	KK035868.1	14025	11515	13363	NC_030991.1	4589937	4106895	4108747	same	1772	1853	1852	95.6287	0
FoCL57	JH651481.1	8585	3902	4309	NC_030991.1	4589937	4269024	4269431	same	407	407	407	100.0000	60
FoCL57	KK035851.1	48835	48552	48835	NC_030991.1	4589937	4359233	4359516	same	281	283	283	99.2933	7
FoCL57	JH651460.1	16346	905	1740	NC_030991.1	4589937	4359234	4360069	same	832	835	835	99.6407	57
FoCL57	KK036065.1	1472	0	1472	NC_030991.1	4589937	4394321	4395793	same	1472	1472	1472	100.0000	0
FoCL57	KK035985.1	2202	64	1970	NC_030991.1	4589937	4401966	4403872	same	1750	1906	1906	91.8153	0
FoCL57	JH651429.1	42699	22935	23364	NC_030991.1	4589937	4471653	4472082	opposite	426	429	429	99.3007	39
FoCL57	JH651433.1	36238	106	2680	NC_030991.1	4589937	4551121	4553376	same	2236	2574	2255	86.8687	60
FoCL57	KK035840.1	1038905	365610	367759	NC_030991.1	4589937	4582717	4584918	opposite	1946	2204	2201	88.2940	57
FoCL57	KK035879.1	11068	6635	7349	NC_030992.1	4347182	8997	9705	same	674	717	708	94.0028	60
FoCL57	KK035888.1	7283	200	679	NC_030992.1	4347182	9864	10343	same	463	479	479	96.6597	60
FoCL57	JH651387.1	4395809	44669	127612	NC_030992.1	4347182	10573	89040	same	74224	85037	78467	87.2844	60
FoCL57	JH651387.1	4395809	127748	152307	NC_030992.1	4347182	89176	114470	same	23876	25209	25294	94.7122	60
FoCL57	JH651387.1	4395809	152461	170922	NC_030992.1	4347182	114641	133181	same	17861	18495	18540	96.5720	60
FoCL57	JH651387.1	4395809	171247	183591	NC_030992.1	4347182	133467	145766	same	11885	12353	12299	96.2114	60
FoCL57	JH651387.1	4395809	183891	202306	NC_030992.1	4347182	146190	167521	same	17991	21345	21331	84.2867	60
FoCL57	JH651387.1	4395809	205921	233877	NC_030992.1	4347182	171005	205499	same	27399	34211	34494	80.0883	60
FoCL57	JH651387.1	4395809	234376	237552	NC_030992.1	4347182	206062	209220	same	3114	3178	3158	97.9862	60
FoCL57	JH651387.1	4395809	242021	256900	NC_030992.1	4347182	213668	228747	same	14437	14779	15079	97.6859	60
FoCL57	JH651387.1	4395809	257211	258800	NC_030992.1	4347182	232433	234020	same	1561	1590	1587	98.1761	60
FoCL57	JH651387.1	4395809	258992	260636	NC_030992.1	4347182	234219	235866	same	1558	1647	1647	94.5962	60
FoCL57	JH651387.1	4395809	262174	264254	NC_030992.1	4347182	237443	239523	same	1920	2110	2080	90.9953	60
FoCL57	JH651387.1	4395809	264664	338360	NC_030992.1	4347182	239849	312684	same	70685	74300	72835	95.1346	60
FoCL57	JH651387.1	4395809	338609	370109	NC_030992.1	4347182	312943	342858	same	29112	31565	29915	92.2287	60
FoCL57	JH651387.1	4395809	370336	407055	NC_030992.1	4347182	343089	377352	same	33178	36791	34263	90.1797	60
FoCL57	JH651387.1	4395809	418011	509332	NC_030992.1	4347182	381230	466978	same	83031	92585	85748	89.6808	60
FoCL57	JH651387.1	4395809	509532	522004	NC_030992.1	4347182	467179	480021	same	11868	12671	12842	93.6627	60
FoCL57	JH651387.1	4395809	522055	525117	NC_030992.1	4347182	484230	487295	same	2869	3065	3065	93.6052	60
FoCL57	JH651387.1	4395809	530030	535867	NC_030992.1	4347182	491674	500406	same	5696	8733	8732	65.2239	60
FoCL57	JH651387.1	4395809	536007	572951	NC_030992.1	4347182	500556	538186	same	36322	37649	37630	96.4753	60
FoCL57	JH651387.1	4395809	575818	604127	NC_030992.1	4347182	541116	569261	same	27160	28469	28145	95.4020	60
FoCL57	JH651387.1	4395809	604136	604362	NC_030992.1	4347182	569261	569487	opposite	225	226	226	99.5575	60
FoCL57	JH651387.1	4395809	604362	609450	NC_030992.1	4347182	569496	574583	same	5033	5091	5087	98.8607	60
FoCL57	JH651387.1	4395809	611271	619612	NC_030992.1	4347182	576505	584847	same	8294	8342	8342	99.4246	60
FoCL57	JH651387.1	4395809	620034	708515	NC_030992.1	4347182	585291	673851	same	87652	88647	88560	98.8776	60
FoCL57	JH651387.1	4395809	708666	718362	NC_030992.1	4347182	674051	683775	same	9510	9730	9724	97.7390	60
FoCL57	JH651387.1	4395809	718703	727025	NC_030992.1	4347182	684116	692450	same	8129	8339	8334	97.4817	60
FoCL57	JH651387.1	4395809	727340	731315	NC_030992.1	4347182	692853	696841	same	3928	3988	3988	98.4955	60
FoCL57	JH651387.1	4395809	733910	767571	NC_030992.1	4347182	696848	730717	same	33203	33743	33869	98.3997	60
FoCL57	JH651387.1	4395809	767833	770762	NC_030992.1	4347182	730985	733919	same	2907	2935	2934	99.0460	60
FoCL57	JH651387.1	4395809	771384	823420	NC_030992.1	4347182	735005	787068	same	51143	52038	52063	98.2801	60
FoCL57	JH651387.1	4395809	823878	842422	NC_030992.1	4347182	787642	806186	same	18179	18566	18544	97.9155	60
FoCL57	JH651387.1	4395809	846894	855016	NC_030992.1	4347182	817911	826028	same	7875	8132	8117	96.8396	60
FoCL57	JH651387.1	4395809	860771	864852	NC_030992.1	4347182	831866	835951	same	3988	4087	4085	97.5777	60
FoCL57	JH651387.1	4395809	865895	879863	NC_030992.1	4347182	837122	851168	same	13724	13945	14046	98.4152	60
FoCL57	JH651387.1	4395809	880134	1016387	NC_030992.1	4347182	851454	986715	same	132349	137382	135261	96.3365	60
FoCL57	JH651387.1	4395809	1016649	1055590	NC_030992.1	4347182	987151	1025996	same	38422	39091	38845	98.2886	60
FoCL57	JH651387.1	4395809	1056105	1165143	NC_030992.1	4347182	1026595	1134875	same	107356	109177	108280	98.3321	60
FoCL57	JH651387.1	4395809	1166603	1210546	NC_030992.1	4347182	1136341	1180289	same	43399	43983	43948	98.6722	60
FoCL57	JH651387.1	4395809	1210621	1281303	NC_030992.1	4347182	1180372	1250965	same	70042	70746	70593	99.0049	60
FoCL57	JH651387.1	4395809	1281608	1350491	NC_030992.1	4347182	1251318	1320165	same	68276	68958	68847	99.0110	60
FoCL57	JH651387.1	4395809	1350806	1365594	NC_030992.1	4347182	1320543	1335332	same	14703	14801	14789	99.3379	60
FoCL57	JH651387.1	4395809	1365717	1391232	NC_030992.1	4347182	1335476	1361108	same	25360	25638	25632	98.9157	60
FoCL57	JH651387.1	4395809	1391864	1459029	NC_030992.1	4347182	1361564	1428755	same	66502	67309	67191	98.8011	60
FoCL57	JH651387.1	4395809	1459087	1531182	NC_030992.1	4347182	1428821	1501820	same	71450	73090	72999	97.7562	60
FoCL57	JH651387.1	4395809	1531394	1591306	NC_030992.1	4347182	1502040	1561978	same	59479	59965	59938	99.1895	60
FoCL57	JH651387.1	4395809	1591961	1681444	NC_030992.1	4347182	1562910	1653733	same	88614	90947	90823	97.4348	60
FoCL57	JH651387.1	4395809	1681659	1730959	NC_030992.1	4347182	1653972	1703427	same	48967	49481	49455	98.9612	60
FoCL57	JH651389.1	2870791	2769973	2770255	NC_030992.1	4347182	1703426	1703708	same	281	282	282	99.6454	60
FoCL57	JH651387.1	4395809	1731149	1766853	NC_030992.1	4347182	1703826	1740308	same	35360	36372	36482	97.2176	60
FoCL57	JH651387.1	4395809	1767957	1798678	NC_030992.1	4347182	1741465	1772263	same	30484	30841	30798	98.8424	60
FoCL57	JH651387.1	4395809	1798977	1811942	NC_030992.1	4347182	1772639	1785639	same	12854	13015	13000	98.7630	60
FoCL57	JH651387.1	4395809	1812203	1825160	NC_030992.1	4347182	1786049	1799001	same	12837	12960	12952	99.0509	60
FoCL57	JH651387.1	4395809	1825260	1883157	NC_030992.1	4347182	1799107	1857086	same	56671	57896	57979	97.8841	60
FoCL57	JH651387.1	4395809	1883480	1885759	NC_030992.1	4347182	1858297	1860576	same	2265	2279	2279	99.3857	60
FoCL57	JH651387.1	4395809	1886515	1989959	NC_030992.1	4347182	1860873	1964832	same	102216	104313	103959	97.9897	60
FoCL57	JH651387.1	4395809	1990259	1993286	NC_030992.1	4347182	1965324	1968351	same	3011	3028	3027	99.4386	60
FoCL57	JH651387.1	4395809	1994646	2022102	NC_030992.1	4347182	1969625	1997070	same	27182	27550	27445	98.6642	60
FoCL57	JH651387.1	4395809	2023314	2025221	NC_030992.1	4347182	1998902	2000805	same	1894	1907	1903	99.3183	60
FoCL57	JH651387.1	4395809	2025862	2028746	NC_030992.1	4347182	2000906	2003794	same	2856	2891	2888	98.7893	60
FoCL57	JH651387.1	4395809	2029787	2080857	NC_030992.1	4347182	2004977	2056063	same	50702	51140	51086	99.1435	60
FoCL57	JH651387.1	4395809	2081160	2211882	NC_030992.1	4347182	2056342	2189286	same	129846	133106	132944	97.5508	60
FoCL57	JH651400.1	1058449	958840	960518	NC_030992.1	4347182	2075746	2077423	same	1521	1678	1677	90.6436	16
FoCL57	JH651387.1	4395809	2211962	2261757	NC_030992.1	4347182	2189377	2239090	same	48991	50125	49713	97.7377	60
FoCL57	JH651394.1	2019370	2003039	2003625	NC_030992.1	4347182	2216416	2216998	same	562	592	582	94.9324	60
FoCL57	JH651387.1	4395809	2268180	2271518	NC_030992.1	4347182	2239094	2242372	opposite	3191	3347	3278	95.3391	60
FoCL57	JH651387.1	4395809	2271525	2304475	NC_030992.1	4347182	2248779	2281972	same	32720	33213	33193	98.5156	60
FoCL57	JH651387.1	4395809	2307314	2408608	NC_030992.1	4347182	2283602	2384339	same	99510	100637	100737	98.8801	60
FoCL57	JH651387.1	4395809	2408738	2433471	NC_030992.1	4347182	2384475	2409226	same	24516	24782	24751	98.9266	60
FoCL57	JH651387.1	4395809	2433589	2534422	NC_030992.1	4347182	2409355	2509884	same	99718	100855	100529	98.8726	60
FoCL57	JH651387.1	4395809	2534887	2539137	NC_030992.1	4347182	2510581	2514831	same	4221	4253	4250	99.2476	60
FoCL57	JH651387.1	4395809	2539860	2585984	NC_030992.1	4347182	2515424	2561537	same	45793	46168	46113	99.1877	60
FoCL57	JH651387.1	4395809	2586206	2712948	NC_030992.1	4347182	2561796	2688630	same	125916	126928	126834	99.2027	60
FoCL57	JH651387.1	4395809	2757499	2822578	NC_030992.1	4347182	2689632	2754734	same	64529	65176	65102	99.0073	60
FoCL57	JH651387.1	4395809	2822820	2826644	NC_030992.1	4347182	2754968	2758815	same	3802	3849	3847	98.7789	60
FoCL57	JH651387.1	4395809	2826758	2851912	NC_030992.1	4347182	2758930	2784092	same	24991	25189	25162	99.2139	60
FoCL57	JH651387.1	4395809	2851968	2854633	NC_030992.1	4347182	2784161	2786826	same	2654	2667	2665	99.5126	60
FoCL57	JH651387.1	4395809	2854746	3013166	NC_030992.1	4347182	2786944	2945320	same	156986	158722	158376	98.9063	60
FoCL57	JH651387.1	4395809	3013502	3033384	NC_030992.1	4347182	2945716	2965612	same	19761	19909	19896	99.2566	60
FoCL57	JH651387.1	4395809	3033477	3058796	NC_030992.1	4347182	2965713	2991058	same	25138	25359	25345	99.1285	60
FoCL57	JH651387.1	4395809	3060156	3098796	NC_030992.1	4347182	2992863	3031487	same	38282	38669	38624	98.9992	60
FoCL57	JH651387.1	4395809	3098988	3172418	NC_030992.1	4347182	3031683	3105898	same	72476	74247	74215	97.6147	60
FoCL57	JH651387.1	4395809	3172700	3188706	NC_030992.1	4347182	3106180	3122195	same	15840	16028	16015	98.8271	60
FoCL57	JH651387.1	4395809	3188925	3380561	NC_030992.1	4347182	3122428	3316152	same	189372	193648	193724	97.7919	60
FoCL57	JH651387.1	4395809	3380909	3506669	NC_030992.1	4347182	3316572	3439544	same	122029	125774	122972	97.0224	60
FoCL57	JH651387.1	4395809	3506983	3559472	NC_030992.1	4347182	3439853	3492416	same	52088	52529	52563	99.1605	60
FoCL57	JH651387.1	4395809	3559741	3566861	NC_030992.1	4347182	3492794	3499916	same	7082	7124	7122	99.4104	60
FoCL57	JH651387.1	4395809	3567639	3569479	NC_030992.1	4347182	3500762	3502594	same	1826	1840	1832	99.2391	60
FoCL57	JH651387.1	4395809	3569596	3571081	NC_030992.1	4347182	3502721	3504205	same	1476	1485	1484	99.3939	60
FoCL57	JH651387.1	4395809	3571326	3636028	NC_030992.1	4347182	3504548	3569253	same	64367	64752	64705	99.4054	60
FoCL57	JH651387.1	4395809	3636702	3792528	NC_030992.1	4347182	3570121	3726767	same	154307	156556	156646	98.5635	60
FoCL57	JH651387.1	4395809	3793488	3817611	NC_030992.1	4347182	3727812	3751949	same	23809	24207	24137	98.3558	60
FoCL57	JH651387.1	4395809	3822109	3951313	NC_030992.1	4347182	3757248	3889346	same	127655	132109	132098	96.6285	60
FoCL57	JH651387.1	4395809	3956596	3985677	NC_030992.1	4347182	3891010	3920148	same	28557	29159	29138	97.9355	60
FoCL57	JH651387.1	4395809	3987357	4015981	NC_030992.1	4347182	3932230	3960878	same	28128	28674	28648	98.0958	60
FoCL57	JH651387.1	4395809	4016097	4050393	NC_030992.1	4347182	3961111	3996160	same	33633	35120	35049	95.7659	60
FoCL57	JH651387.1	4395809	4050799	4055797	NC_030992.1	4347182	3996569	4001578	same	4904	5014	5009	97.8061	60
FoCL57	JH651387.1	4395809	4055816	4058964	NC_030992.1	4347182	4001638	4004777	opposite	3025	3148	3139	96.0928	60
FoCL57	JH651387.1	4395809	4059004	4071516	NC_030992.1	4347182	4004777	4017353	same	12270	12577	12576	97.5590	60
FoCL57	JH651387.1	4395809	4071761	4095434	NC_030992.1	4347182	4018759	4042474	same	22982	23820	23715	96.4819	60
FoCL57	JH651387.1	4395809	4095546	4109551	NC_030992.1	4347182	4042796	4056874	same	13588	14036	14078	96.8082	60
FoCL57	JH651387.1	4395809	4109673	4147999	NC_030992.1	4347182	4057009	4096815	same	37378	39855	39806	93.7850	60
FoCL57	JH651387.1	4395809	4156695	4157720	NC_030992.1	4347182	4119453	4120478	same	997	1025	1025	97.2683	60
FoCL57	JH651387.1	4395809	4158143	4211817	NC_030992.1	4347182	4120914	4174865	same	51725	55075	53951	93.9174	60
FoCL57	JH651387.1	4395809	4239589	4246421	NC_030992.1	4347182	4191370	4198901	same	6462	7616	7531	84.8477	60
FoCL57	JH651387.1	4395809	4249934	4254549	NC_030992.1	4347182	4207797	4212412	same	4517	4616	4615	97.8553	60
FoCL57	JH651387.1	4395809	4271989	4297290	NC_030992.1	4347182	4213695	4239881	same	24596	26035	26186	94.4728	60
FoCL57	JH651387.1	4395809	4297527	4299315	NC_030992.1	4347182	4240117	4241906	same	1661	1789	1789	92.8452	60
FoCL57	JH651387.1	4395809	4301126	4309889	NC_030992.1	4347182	4244496	4255396	same	8468	10919	10900	77.5529	60
FoCL57	JH651387.1	4395809	4311381	4314161	NC_030992.1	4347182	4258512	4261292	same	2699	2780	2780	97.0863	60
FoCL57	JH651387.1	4395809	4314384	4344150	NC_030992.1	4347182	4261516	4291720	same	29246	29881	30204	97.8749	60
FoCL57	JH651387.1	4395809	4346297	4377461	NC_030992.1	4347182	4294005	4325174	same	30738	31224	31169	98.4435	60
FoCL57	JH651406.1	152588	85819	89368	NC_030993.1	3984410	1953	5433	opposite	3370	3552	3480	94.8761	5
FoCL57	JH651402.1	711798	708703	711668	NC_030993.1	3984410	2798	5715	opposite	2762	2965	2917	93.1535	60
FoCL57	KK035844.1	206411	60306	120943	NC_030993.1	3984410	14662	78250	opposite	59547	63661	63588	93.5376	60
FoCL57	KK035844.1	206411	44027	59927	NC_030993.1	3984410	78796	94684	opposite	15556	15920	15888	97.7136	60
FoCL57	KK035844.1	206411	34923	42135	NC_030993.1	3984410	106345	113281	opposite	6782	7237	6936	93.7129	60
FoCL57	KK035844.1	206411	21912	34357	NC_030993.1	3984410	113809	126266	opposite	12067	12616	12457	95.6484	60
FoCL57	KK035844.1	206411	10844	20448	NC_030993.1	3984410	127872	137197	opposite	9072	9672	9325	93.7965	60
FoCL57	JH651402.1	711798	587712	588296	NC_030993.1	3984410	148689	149292	same	556	608	603	91.4474	58
FoCL57	KK035844.1	206411	7813	9221	NC_030993.1	3984410	155557	156966	opposite	1367	1409	1409	97.0192	60
FoCL57	KK035844.1	206411	2783	7613	NC_030993.1	3984410	157172	162001	opposite	4768	4830	4829	98.7164	60
FoCL57	KK035844.1	206411	85	2504	NC_030993.1	3984410	162340	164761	opposite	2341	2424	2421	96.5759	60
FoCL57	JH651397.1	1600540	179	11887	NC_030993.1	3984410	164756	176464	same	11528	11714	11708	98.4122	60
FoCL57	JH651397.1	1600540	26095	40112	NC_030993.1	3984410	199666	216764	same	13511	16732	17098	80.7495	60
FoCL57	JH651397.1	1600540	40356	43022	NC_030993.1	3984410	217011	219687	same	2604	2686	2676	96.9471	60
FoCL57	JH651397.1	1600540	43717	86378	NC_030993.1	3984410	226551	269506	same	41862	42999	42955	97.3558	60
FoCL57	JH651397.1	1600540	86433	108774	NC_030993.1	3984410	269576	291621	same	21532	22348	22045	96.3487	60
FoCL57	JH651397.1	1600540	108849	220165	NC_030993.1	3984410	291706	403853	same	108685	113260	112147	95.9606	60
FoCL57	JH651397.1	1600540	223625	229114	NC_030993.1	3984410	407223	412712	same	5408	5490	5489	98.5064	60
FoCL57	JH651397.1	1600540	231681	260272	NC_030993.1	3984410	414289	443595	same	27916	29319	29306	95.2147	60
FoCL57	JH651397.1	1600540	263700	347982	NC_030993.1	3984410	447194	532695	same	83203	85502	85501	97.3112	60
FoCL57	JH651397.1	1600540	350048	351800	NC_030993.1	3984410	538671	540423	same	1713	1752	1752	97.7740	60
FoCL57	JH651397.1	1600540	351959	366178	NC_030993.1	3984410	540585	550532	same	9619	14234	9947	67.5776	60
FoCL57	JH651397.1	1600540	367074	369253	NC_030993.1	3984410	551332	553500	same	2051	2187	2168	93.7814	60
FoCL57	JH651397.1	1600540	375422	392721	NC_030993.1	3984410	554037	571381	same	16882	17356	17344	97.2690	60
FoCL57	JH651397.1	1600540	401752	408192	NC_030993.1	3984410	572038	578481	same	6336	6444	6443	98.3240	60
FoCL57	JH651397.1	1600540	410498	423536	NC_030993.1	3984410	580785	595048	same	12290	14794	14263	83.0742	60
FoCL57	JH651397.1	1600540	424537	488123	NC_030993.1	3984410	596079	659204	same	62043	63660	63125	97.4599	60
FoCL57	JH651397.1	1600540	492998	521721	NC_030993.1	3984410	659192	693789	same	28157	34631	34597	81.3058	60
FoCL57	JH651397.1	1600540	522222	527072	NC_030993.1	3984410	694333	699186	same	4681	4857	4853	96.3764	60
FoCL57	JH651397.1	1600540	539467	557258	NC_030993.1	3984410	701320	719166	same	17318	17868	17846	96.9219	60
FoCL57	JH651397.1	1600540	566797	571595	NC_030993.1	3984410	720958	725763	same	4679	4809	4805	97.2967	60
FoCL57	JH651397.1	1600540	571817	574686	NC_030993.1	3984410	725988	728856	same	2807	2869	2868	97.8390	60
FoCL57	JH651397.1	1600540	574991	586999	NC_030993.1	3984410	729161	741565	same	11728	12481	12404	93.9668	60
FoCL57	JH651397.1	1600540	594637	653658	NC_030993.1	3984410	746611	806055	same	57782	59577	59444	96.9871	60
FoCL57	JH651397.1	1600540	659092	678288	NC_030993.1	3984410	811532	830945	same	18890	19462	19413	97.0609	60
FoCL57	JH651397.1	1600540	678386	698839	NC_030993.1	3984410	831044	851484	same	20097	20462	20440	98.2162	60
FoCL57	JH651397.1	1600540	699172	726335	NC_030993.1	3984410	851953	879125	same	26852	27175	27172	98.8114	60
FoCL57	JH651397.1	1600540	726802	761486	NC_030993.1	3984410	879662	914462	same	34215	34574	34800	98.9616	60
FoCL57	JH651397.1	1600540	765482	768156	NC_030993.1	3984410	923145	925810	same	2640	2675	2665	98.6916	60
FoCL57	JH651397.1	1600540	768351	776566	NC_030993.1	3984410	926129	934369	same	8163	8244	8240	99.0175	60
FoCL57	JH651397.1	1600540	776965	1028760	NC_030993.1	3984410	934815	1186355	same	248731	252426	251540	98.5362	60
FoCL57	JH651397.1	1600540	1028932	1058541	NC_030993.1	3984410	1186529	1216381	same	29244	29851	29852	97.9666	60
FoCL57	JH651397.1	1600540	1058645	1080932	NC_030993.1	3984410	1216488	1238775	same	22146	22301	22287	99.3050	60
FoCL57	JH651397.1	1600540	1081847	1111770	NC_030993.1	3984410	1239892	1269636	same	29492	29990	29744	98.3394	60
FoCL57	JH651397.1	1600540	1111831	1113212	NC_030993.1	3984410	1269713	1271096	same	1375	1383	1383	99.4215	60
FoCL57	JH651397.1	1600540	1113328	1175281	NC_030993.1	3984410	1271215	1333406	same	61568	62240	62191	98.9203	60
FoCL57	JH651397.1	1600540	1176560	1216837	NC_030993.1	3984410	1335047	1375474	same	39979	40373	40427	99.0241	60
FoCL57	JH651397.1	1600540	1217509	1249911	NC_030993.1	3984410	1376136	1408508	same	32124	32417	32372	99.0962	60
FoCL57	JH651397.1	1600540	1250117	1268609	NC_030993.1	3984410	1408706	1427216	same	18401	18514	18510	99.3897	60
FoCL57	JH651397.1	1600540	1268726	1349220	NC_030993.1	3984410	1427343	1508497	same	79953	81221	81154	98.4388	60
FoCL57	JH651397.1	1600540	1349507	1380535	NC_030993.1	3984410	1508942	1539974	same	30609	31024	31032	98.6623	60
FoCL57	JH651397.1	1600540	1380663	1428622	NC_030993.1	3984410	1540191	1588185	same	47653	48020	47994	99.2357	60
FoCL57	JH651397.1	1600540	1428839	1437320	NC_030993.1	3984410	1588488	1596956	same	8409	8486	8468	99.0926	60
FoCL57	JH651397.1	1600540	1438344	1495750	NC_030993.1	3984410	1597711	1656505	same	56754	58680	58794	96.7178	60
FoCL57	JH651391.1	2471847	2387524	2456571	NC_030993.1	3984410	1656499	1725783	opposite	68566	69373	69284	98.8367	60
FoCL57	JH651391.1	2471847	2291209	2387410	NC_030993.1	3984410	1725913	1822832	opposite	95421	97039	96919	98.3326	60
FoCL57	JH651391.1	2471847	2263524	2291003	NC_030993.1	3984410	1823038	1850514	opposite	27292	27504	27476	99.2292	60
FoCL57	JH651391.1	2471847	2222422	2261451	NC_030993.1	3984410	1852080	1891762	opposite	38454	39645	39682	96.9958	60
FoCL57	JH651391.1	2471847	2166435	2222099	NC_030993.1	3984410	1892183	1948601	opposite	54999	56220	56418	97.8282	60
FoCL57	JH651391.1	2471847	2068381	2164790	NC_030993.1	3984410	1950563	2046927	opposite	95548	96426	96364	99.0895	60
FoCL57	JH651391.1	2471847	1873118	2068194	NC_030993.1	3984410	2047165	2242236	opposite	193174	195547	195071	98.7865	60
FoCL57	JH651391.1	2471847	1869756	1870902	NC_030993.1	3984410	2244634	2245793	opposite	1131	1162	1159	97.3322	60
FoCL57	JH651391.1	2471847	1764670	1863387	NC_030993.1	3984410	2251543	2351601	opposite	97919	100185	100058	97.7382	60
FoCL57	JH651391.1	2471847	1697494	1764562	NC_030993.1	3984410	2351717	2418795	opposite	66609	67123	67078	99.2342	60
FoCL57	JH651391.1	2471847	1657984	1695966	NC_030993.1	3984410	2419873	2457778	opposite	37573	38031	37905	98.7957	60
FoCL57	JH651391.1	2471847	1559281	1657845	NC_030993.1	3984410	2457939	2556414	opposite	97532	98577	98475	98.9399	60
FoCL57	JH651391.1	2471847	1542879	1559025	NC_030993.1	3984410	2556849	2573004	opposite	15979	16184	16155	98.7333	60
FoCL57	JH651391.1	2471847	1487883	1542483	NC_030993.1	3984410	2573511	2628074	opposite	54116	54644	54563	99.0337	60
FoCL57	JH651391.1	2471847	1471189	1487763	NC_030993.1	3984410	2628202	2644807	opposite	16456	16620	16605	99.0132	60
FoCL57	JH651391.1	2471847	1459159	1471017	NC_030993.1	3984410	2644979	2656824	opposite	11746	11871	11845	98.9470	60
FoCL57	JH651391.1	2471847	1431363	1456579	NC_030993.1	3984410	2658742	2683976	opposite	24947	25275	25234	98.7023	60
FoCL57	JH651391.1	2471847	1420169	1431261	NC_030993.1	3984410	2684089	2695181	opposite	10991	11096	11092	99.0537	60
FoCL57	JH651391.1	2471847	1398062	1420017	NC_030993.1	3984410	2695344	2717272	opposite	21791	21972	21928	99.1762	60
FoCL57	JH651391.1	2471847	1378482	1397979	NC_030993.1	3984410	2717364	2736844	opposite	19348	19505	19480	99.1951	60
FoCL57	JH651391.1	2471847	1373121	1378069	NC_030993.1	3984410	2737464	2742400	opposite	4890	4958	4936	98.6285	60
FoCL57	JH651391.1	2471847	1331987	1373051	NC_030993.1	3984410	2742474	2783544	opposite	40638	41124	41070	98.8182	60
FoCL57	JH651391.1	2471847	1314170	1331495	NC_030993.1	3984410	2784118	2801563	opposite	17032	17363	17445	98.0936	60
FoCL57	JH651391.1	2471847	1243527	1314049	NC_030993.1	3984410	2801698	2872360	opposite	69168	70851	70662	97.6246	60
FoCL57	JH651391.1	2471847	1216074	1243351	NC_030993.1	3984410	2872543	2899893	opposite	26938	27377	27350	98.3965	60
FoCL57	JH651391.1	2471847	1169295	1215883	NC_030993.1	3984410	2900196	2946719	opposite	45966	46480	46523	98.8941	60
FoCL57	JH651391.1	2471847	1139428	1163952	NC_030993.1	3984410	2951448	2975974	same	24327	24543	24526	99.1199	60
FoCL57	JH651391.1	2471847	1075900	1127791	NC_030993.1	3984410	2976346	3028489	opposite	51476	52176	52143	98.6584	60
FoCL57	JH651391.1	2471847	928403	1074802	NC_030993.1	3984410	3030742	3177291	opposite	145055	146704	146549	98.8760	60
FoCL57	JH651391.1	2471847	922678	928233	NC_030993.1	3984410	3177474	3182998	opposite	5487	5564	5524	98.6161	60
FoCL57	JH651391.1	2471847	907113	922016	NC_030993.1	3984410	3183617	3198490	opposite	14760	14915	14873	98.9608	60
FoCL57	JH651391.1	2471847	863996	907016	NC_030993.1	3984410	3198596	3241636	opposite	42546	43086	43040	98.7467	60
FoCL57	JH651391.1	2471847	798574	863908	NC_030993.1	3984410	3241741	3307289	opposite	64871	65589	65548	98.9053	60
FoCL57	JH651391.1	2471847	715469	756301	NC_030993.1	3984410	3308562	3349341	opposite	40498	40866	40779	99.0995	60
FoCL57	JH651391.1	2471847	672361	715001	NC_030993.1	3984410	3349785	3392730	opposite	42155	42910	42945	98.2405	60
FoCL57	JH651391.1	2471847	612722	671948	NC_030993.1	3984410	3393168	3452757	opposite	58527	59571	59589	98.2475	60
FoCL57	JH651391.1	2471847	608876	612603	NC_030993.1	3984410	3453046	3456893	opposite	3570	3851	3847	92.7032	60
FoCL57	JH651391.1	2471847	599463	605705	NC_030993.1	3984410	3460352	3467312	opposite	6021	7022	6960	85.7448	60
FoCL57	JH651391.1	2471847	597262	598635	NC_030993.1	3984410	3468132	3469500	opposite	1322	1373	1368	96.2855	60
FoCL57	JH651391.1	2471847	581547	594079	NC_030993.1	3984410	3472998	3485518	opposite	12192	12590	12520	96.8388	60
FoCL57	JH651391.1	2471847	579299	581194	NC_030993.1	3984410	3488252	3490147	opposite	1840	1895	1895	97.0976	60
FoCL57	JH651391.1	2471847	554217	578136	NC_030993.1	3984410	3491452	3515620	opposite	23301	24247	24168	96.0985	60
FoCL57	JH651391.1	2471847	545198	553827	NC_030993.1	3984410	3515790	3524437	opposite	8438	8648	8647	97.5717	60
FoCL57	JH651391.1	2471847	521131	542612	NC_030993.1	3984410	3525958	3550339	opposite	20326	25009	24381	81.2747	60
FoCL57	JH651391.1	2471847	475520	519620	NC_030993.1	3984410	3557143	3607499	opposite	43187	50177	50356	86.0693	60
FoCL57	JH651391.1	2471847	473404	475207	NC_030993.1	3984410	3607784	3609575	opposite	1762	1804	1791	97.6718	60
FoCL57	JH651391.1	2471847	442744	472827	NC_030993.1	3984410	3610169	3640349	opposite	29174	30256	30180	96.4238	60
FoCL57	JH651391.1	2471847	439106	442462	NC_030993.1	3984410	3640625	3644004	opposite	3213	3382	3379	95.0030	60
FoCL57	JH651391.1	2471847	433664	438763	NC_030993.1	3984410	3644345	3649453	opposite	4835	5113	5108	94.5629	60
FoCL57	JH651391.1	2471847	429119	431309	NC_030993.1	3984410	3651655	3653848	opposite	2151	2193	2193	98.0848	60
FoCL57	JH651391.1	2471847	410043	425966	NC_030993.1	3984410	3656713	3672643	opposite	15415	15947	15930	96.6639	60
FoCL57	JH651391.1	2471847	384525	409940	NC_030993.1	3984410	3672759	3696324	opposite	23049	25462	23565	90.5231	60
FoCL57	JH651391.1	2471847	374442	376474	NC_030993.1	3984410	3697563	3699604	opposite	1854	2042	2041	90.7933	60
FoCL57	JH651391.1	2471847	363265	374331	NC_030993.1	3984410	3699716	3710779	opposite	10878	11072	11063	98.2478	60
FoCL57	JH651391.1	2471847	354542	360821	NC_030993.1	3984410	3713240	3719515	opposite	5991	6293	6275	95.2010	60
FoCL57	JH651391.1	2471847	351376	353884	NC_030993.1	3984410	3720346	3722854	opposite	2416	2512	2508	96.1783	60
FoCL57	JH651391.1	2471847	319405	340840	NC_030993.1	3984410	3724066	3745512	opposite	20942	21452	21446	97.6226	60
FoCL57	JH651391.1	2471847	280919	319220	NC_030993.1	3984410	3745704	3784598	opposite	36890	39149	38894	94.2297	60
FoCL57	JH651391.1	2471847	261113	278347	NC_030993.1	3984410	3784986	3802790	opposite	16927	17823	17804	94.9728	60
FoCL57	JH651391.1	2471847	258291	260982	NC_030993.1	3984410	3802937	3805625	opposite	2648	2691	2688	98.4021	60
FoCL57	JH651391.1	2471847	221823	234702	NC_030993.1	3984410	3806637	3819524	opposite	12618	12892	12887	97.8747	60
FoCL57	JH651391.1	2471847	192537	214512	NC_030993.1	3984410	3820239	3842055	opposite	21154	22051	21816	95.9322	60
FoCL57	JH651391.1	2471847	168387	191874	NC_030993.1	3984410	3842582	3866112	opposite	22881	23604	23530	96.9370	60
FoCL57	JH651391.1	2471847	121834	165278	NC_030993.1	3984410	3869238	3905559	opposite	34593	44321	36321	78.0510	60
FoCL57	JH651391.1	2471847	108508	117127	NC_030993.1	3984410	3908890	3917505	opposite	8437	8621	8615	97.8657	60
FoCL57	JH651391.1	2471847	70108	108393	NC_030993.1	3984410	3917803	3955307	opposite	35686	39085	37504	91.3036	60
FoCL57	JH651391.1	2471847	56264	69752	NC_030993.1	3984410	3955468	3968991	opposite	13319	13527	13523	98.4623	60
FoCL57	JH651391.1	2471847	46280	54256	NC_030993.1	3984410	3973233	3981212	opposite	7780	7997	7979	97.2865	60
FoCL57	JH651391.1	2471847	43323	46147	NC_030993.1	3984410	3981562	3984388	opposite	2747	2830	2826	97.0671	60
FoCL57	JH651393.1	2142601	81008	83174	NC_030994.1	3304701	6	2172	same	2055	2168	2166	94.7878	60
FoCL57	JH651393.1	2142601	83964	90154	NC_030994.1	3304701	3346	10420	same	5957	7076	7074	84.1860	60
FoCL57	JH651393.1	2142601	90432	122866	NC_030994.1	3304701	12135	47125	same	24668	41487	34990	59.4596	60
FoCL57	JH651406.1	152588	24530	24968	NC_030994.1	3304701	19228	19665	same	421	439	437	95.8998	60
FoCL57	JH651393.1	2142601	123081	135983	NC_030994.1	3304701	47374	72695	same	12521	24557	25321	50.9875	60
FoCL57	JH651393.1	2142601	138278	160612	NC_030994.1	3304701	72904	82662	same	9280	22563	9758	41.1293	60
FoCL57	JH651393.1	2142601	167208	192086	NC_030994.1	3304701	82662	110381	same	24341	27787	27719	87.5985	60
FoCL57	JH651393.1	2142601	214351	223322	NC_030994.1	3304701	110455	120421	same	8832	9975	9966	88.5414	60
FoCL57	JH651393.1	2142601	247038	248586	NC_030994.1	3304701	120753	122299	same	1499	1549	1546	96.7721	60
FoCL57	JH651393.1	2142601	248940	285983	NC_030994.1	3304701	122614	153051	same	29566	37085	30437	79.7250	60
FoCL57	JH651393.1	2142601	286418	336791	NC_030994.1	3304701	153509	203882	same	49261	50465	50373	97.6142	60
FoCL57	JH651393.1	2142601	337321	343133	NC_030994.1	3304701	204424	210247	same	5710	5827	5823	97.9921	60
FoCL57	JH651393.1	2142601	343315	383714	NC_030994.1	3304701	210429	249880	same	38628	40480	39451	95.4249	60
FoCL57	JH651393.1	2142601	389233	392213	NC_030994.1	3304701	249899	252876	same	2871	2981	2977	96.3100	60
FoCL57	JH651393.1	2142601	393008	405658	NC_030994.1	3304701	254043	266719	same	12376	12680	12676	97.6025	60
FoCL57	JH651393.1	2142601	405908	411406	NC_030994.1	3304701	266966	272458	same	5358	5506	5492	97.3120	60
FoCL57	JH651393.1	2142601	412102	459480	NC_030994.1	3304701	273061	332403	same	46249	59745	59342	77.4107	60
FoCL57	JH651393.1	2142601	460538	481177	NC_030994.1	3304701	333975	354663	same	20355	20732	20688	98.1816	60
FoCL57	JH651393.1	2142601	492054	510555	NC_030994.1	3304701	355960	374495	same	18003	18589	18535	96.8476	60
FoCL57	JH651393.1	2142601	511683	516058	NC_030994.1	3304701	376372	380789	same	4244	4434	4417	95.7149	60
FoCL57	JH651393.1	2142601	516357	520563	NC_030994.1	3304701	381083	385323	same	4103	4261	4240	96.2920	60
FoCL57	JH651393.1	2142601	524684	531953	NC_030994.1	3304701	385530	394314	same	6891	8847	8784	77.8908	60
FoCL57	JH651393.1	2142601	558212	585470	NC_030994.1	3304701	432660	443212	same	9897	27214	10552	36.3673	60
FoCL57	JH651393.1	2142601	588020	589715	NC_030994.1	3304701	443213	444916	same	1618	1705	1703	94.8974	60
FoCL57	JH651393.1	2142601	590167	592549	NC_030994.1	3304701	445368	448708	same	2298	3340	3340	68.8024	60
FoCL57	JH651393.1	2142601	599380	756105	NC_030994.1	3304701	450974	610139	same	154163	159874	159165	96.4278	60
FoCL57	JH651393.1	2142601	756376	815561	NC_030994.1	3304701	610512	669693	same	58600	59235	59181	98.9280	60
FoCL57	JH651393.1	2142601	818343	829564	NC_030994.1	3304701	672214	684115	same	11096	11913	11901	93.1419	60
FoCL57	JH651393.1	2142601	829808	838705	NC_030994.1	3304701	685146	694566	same	8752	9434	9420	92.7708	60
FoCL57	JH651393.1	2142601	838837	894159	NC_030994.1	3304701	694708	751079	same	54543	56162	56371	97.1173	60
FoCL57	KK035864.1	16437	9222	9658	NC_030994.1	3304701	748993	749428	opposite	416	436	435	95.4128	60
FoCL57	JH651393.1	2142601	894298	937052	NC_030994.1	3304701	751218	793975	same	42114	42775	42757	98.4547	60
FoCL57	JH651393.1	2142601	938364	938953	NC_030994.1	3304701	795233	795822	same	568	589	589	96.4346	60
FoCL57	JH651393.1	2142601	941210	1172628	NC_030994.1	3304701	798073	1029887	same	229278	231588	231814	99.0025	60
FoCL57	JH651393.1	2142601	1174471	1317494	NC_030994.1	3304701	1032150	1175224	same	141866	143029	143074	99.1869	60
FoCL57	JH651393.1	2142601	1317794	1415614	NC_030994.1	3304701	1175466	1273290	same	97096	97918	97824	99.1605	60
FoCL57	JH651393.1	2142601	1416043	1425208	NC_030994.1	3304701	1273524	1282695	same	9081	9180	9171	98.9216	60
FoCL57	JH651393.1	2142601	1425435	1434826	NC_030994.1	3304701	1282939	1292352	same	9318	9421	9413	98.9067	60
FoCL57	JH651393.1	2142601	1435003	1502270	NC_030994.1	3304701	1292540	1359911	same	66802	67374	67371	99.1510	60
FoCL57	JH651393.1	2142601	1502629	1576461	NC_030994.1	3304701	1360232	1434329	same	73205	73969	74097	98.9671	60
FoCL57	JH651393.1	2142601	1576679	1620340	NC_030994.1	3304701	1434619	1478996	same	43384	44409	44377	97.6919	60
FoCL57	JH651393.1	2142601	1620607	1639811	NC_030994.1	3304701	1479165	1498241	same	18959	19121	19076	99.1528	60
FoCL57	JH651393.1	2142601	1639980	1668169	NC_030994.1	3304701	1498420	1526533	same	27943	28207	28113	99.0641	60
FoCL57	JH651393.1	2142601	1668462	1710260	NC_030994.1	3304701	1526878	1568670	same	41527	41840	41792	99.2519	60
FoCL57	JH651393.1	2142601	1711283	1716499	NC_030994.1	3304701	1569775	1574990	same	5182	5216	5215	99.3482	60
FoCL57	JH651393.1	2142601	1717328	1724372	NC_030994.1	3304701	1575883	1582924	same	7007	7044	7041	99.4747	60
FoCL57	JH651393.1	2142601	1724652	1741973	NC_030994.1	3304701	1583221	1600544	same	17181	17342	17323	99.0716	60
FoCL57	JH651393.1	2142601	1742536	1775151	NC_030994.1	3304701	1601112	1633716	same	32395	32639	32604	99.2524	60
FoCL57	JH651393.1	2142601	1775305	1902324	NC_030994.1	3304701	1633885	1763153	same	126119	129307	129268	97.5345	60
FoCL57	JH651393.1	2142601	1902686	1919886	NC_030994.1	3304701	1763618	1780789	same	17049	17228	17171	98.9610	60
FoCL57	JH651393.1	2142601	1920042	1937809	NC_030994.1	3304701	1780948	1798736	same	17687	17802	17788	99.3540	60
FoCL57	JH651393.1	2142601	1938875	1989553	NC_030994.1	3304701	1799012	1849814	same	50269	50608	50802	99.3301	60
FoCL57	JH651393.1	2142601	1990733	2012641	NC_030994.1	3304701	1851070	1873290	same	21734	21931	22220	99.1017	60
FoCL57	JH651393.1	2142601	2013300	2108253	NC_030994.1	3304701	1874252	1969408	same	93972	95099	95156	98.8149	60
FoCL57	JH651393.1	2142601	2108521	2114749	NC_030994.1	3304701	1969658	1975890	same	6180	6232	6232	99.1656	60
FoCL57	JH651399.1	1091311	871080	1072617	NC_030994.1	3304701	1977106	2179907	opposite	200145	202795	202801	98.6933	60
FoCL57	JH651399.1	1091311	665185	870528	NC_030994.1	3304701	2180634	2386149	opposite	203553	205608	205515	99.0005	60
FoCL57	JH651399.1	1091311	629833	665018	NC_030994.1	3304701	2386331	2421523	opposite	34863	35246	35192	98.9134	60
FoCL57	JH651399.1	1091311	580836	628906	NC_030994.1	3304701	2422458	2470513	opposite	47699	48118	48055	99.1292	60
FoCL57	JH651399.1	1091311	541177	578124	NC_030994.1	3304701	2473875	2510853	opposite	36735	36991	36978	99.3079	60
FoCL57	JH651399.1	1091311	487055	540669	NC_030994.1	3304701	2511325	2565214	opposite	53069	53647	53889	98.9226	60
FoCL57	JH651399.1	1091311	475732	486948	NC_030994.1	3304701	2565318	2576517	opposite	11138	11222	11199	99.2515	60
FoCL57	JH651399.1	1091311	470514	474605	NC_030994.1	3304701	2577393	2581990	opposite	4036	4076	4597	99.0186	60
FoCL57	JH651399.1	1091311	425755	470236	NC_030994.1	3304701	2582450	2627055	opposite	43996	44497	44605	98.8741	60
FoCL57	JH651399.1	1091311	423287	425657	NC_030994.1	3304701	2627162	2629532	opposite	2360	2370	2370	99.5781	60
FoCL57	JH651399.1	1091311	300127	423188	NC_030994.1	3304701	2629643	2753746	opposite	121710	124250	124103	97.9557	60
FoCL57	JH651399.1	1091311	253112	297471	NC_030994.1	3304701	2769639	2813993	opposite	43770	44389	44354	98.6055	60
FoCL57	JH651399.1	1091311	250644	252090	NC_030994.1	3304701	2815340	2816794	opposite	1327	1454	1454	91.2655	60
FoCL57	JH651399.1	1091311	244915	246610	NC_030994.1	3304701	2824566	2826265	opposite	1640	1700	1699	96.4706	60
FoCL57	JH651399.1	1091311	234418	243824	NC_030994.1	3304701	2827363	2836769	opposite	9057	9407	9406	96.2794	60
FoCL57	JH651399.1	1091311	219593	232995	NC_030994.1	3304701	2838365	2851773	opposite	13227	13410	13408	98.6353	60
FoCL57	JH651399.1	1091311	197915	219409	NC_030994.1	3304701	2851978	2873560	opposite	21205	21472	21582	98.7565	60
FoCL57	JH651399.1	1091311	182223	197672	NC_030994.1	3304701	2873770	2889431	opposite	15130	15672	15661	96.5416	60
FoCL57	JH651399.1	1091311	170852	182139	NC_030994.1	3304701	2889515	2900805	opposite	10948	11314	11290	96.7651	60
FoCL57	JH651399.1	1091311	150133	168175	NC_030994.1	3304701	2908678	2926701	opposite	17409	18218	18023	95.5593	60
FoCL57	JH651399.1	1091311	90644	149100	NC_030994.1	3304701	2927701	2995410	opposite	57179	67781	67709	84.3584	60
FoCL57	JH651502.1	4477	2046	3910	NC_030994.1	3304701	2935065	2936929	same	1849	1864	1864	99.1953	2
FoCL57	JH651399.1	1091311	86554	90441	NC_030994.1	3304701	2995719	2999606	opposite	3810	3888	3887	97.9938	60
FoCL57	JH651403.1	281853	237144	253090	NC_030994.1	3304701	3007590	3018623	same	10756	16026	11033	67.1159	60
FoCL57	JH651403.1	281853	253158	281492	NC_030994.1	3304701	3018701	3055365	same	26713	37921	36664	70.4438	60
FoCL57	JH651430.1	40904	10133	13281	NC_030994.1	3304701	3040945	3044172	same	3074	3227	3227	95.2588	60
FoCL57	JH651399.1	1091311	182	3489	NC_030994.1	3304701	3055357	3058667	same	3227	3312	3310	97.4336	60
FoCL57	JH651399.1	1091311	4842	51279	NC_030994.1	3304701	3068686	3115127	same	45209	46567	46441	97.0838	60
FoCL57	JH651399.1	1091311	51420	53098	NC_030994.1	3304701	3115293	3116971	same	1638	1678	1678	97.6162	60
FoCL57	JH651399.1	1091311	54047	56781	NC_030994.1	3304701	3117340	3120076	same	2641	2737	2736	96.4925	60
FoCL57	JH651399.1	1091311	59765	66724	NC_030994.1	3304701	3123954	3130915	same	6684	6966	6961	95.9518	60
FoCL57	JH651399.1	1091311	81169	82842	NC_030994.1	3304701	3135411	3137083	same	1569	1673	1672	93.7836	60
FoCL57	JH651399.1	1091311	83195	85964	NC_030994.1	3304701	3137439	3140213	same	2688	2775	2774	96.8649	60
FoCL57	JH651403.1	281853	227224	236783	NC_030994.1	3304701	3143338	3152910	opposite	9327	9616	9572	96.9946	60
FoCL57	JH651403.1	281853	224760	225972	NC_030994.1	3304701	3154958	3156167	opposite	1166	1212	1209	96.2046	60
FoCL57	JH651403.1	281853	83198	224289	NC_030994.1	3304701	3156728	3301557	opposite	138301	145012	144829	95.3721	60
FoCL57	JH651388.1	2947611	307196	372265	NC_030995.1	2896840	7863	73195	same	62339	66660	65332	93.5179	60
FoCL57	JH651388.1	2947611	372458	384306	NC_030995.1	2896840	73453	85277	same	11576	11848	11824	97.7043	60
FoCL57	JH651388.1	2947611	385828	386591	NC_030995.1	2896840	86786	87549	same	706	763	763	92.5295	60
FoCL57	JH651388.1	2947611	386748	390709	NC_030995.1	2896840	87706	91675	same	3812	3970	3969	96.0202	60
FoCL57	JH651388.1	2947611	390935	425532	NC_030995.1	2896840	91970	127225	same	33768	35367	35255	95.4788	60
FoCL57	JH651388.1	2947611	427985	428849	NC_030995.1	2896840	129695	130561	same	803	866	866	92.7252	60
FoCL57	JH651388.1	2947611	433802	441826	NC_030995.1	2896840	135708	144045	same	7758	8357	8337	92.8324	60
FoCL57	JH651388.1	2947611	441906	453557	NC_030995.1	2896840	144256	155903	same	11367	11691	11647	97.2286	60
FoCL57	JH651388.1	2947611	454022	486259	NC_030995.1	2896840	156364	188495	same	31599	32281	32131	97.8873	60
FoCL57	JH651388.1	2947611	486454	540429	NC_030995.1	2896840	188746	242963	same	52848	54704	54217	96.6072	60
FoCL57	JH651388.1	2947611	545350	583067	NC_030995.1	2896840	250822	292346	same	36846	41427	41524	88.9420	60
FoCL57	JH651388.1	2947611	583314	611445	NC_030995.1	2896840	292603	320717	same	27736	28144	28114	98.5503	60
FoCL57	JH651388.1	2947611	611624	635295	NC_030995.1	2896840	320933	344604	same	23238	23708	23671	98.0175	60
FoCL57	JH651388.1	2947611	636481	647814	NC_030995.1	2896840	345822	357140	same	11071	11365	11318	97.4131	60
FoCL57	JH651388.1	2947611	648365	648829	NC_030995.1	2896840	358018	358484	same	459	466	466	98.4979	60
FoCL57	JH651388.1	2947611	648978	658525	NC_030995.1	2896840	358640	368186	same	9392	9551	9546	98.3353	60
FoCL57	JH651388.1	2947611	658747	670513	NC_030995.1	2896840	368427	380197	same	11602	11770	11770	98.5726	60
FoCL57	JH651388.1	2947611	670834	672094	NC_030995.1	2896840	380517	381780	same	1186	1271	1263	93.3124	60
FoCL57	JH651388.1	2947611	672252	678029	NC_030995.1	2896840	381937	387715	same	5674	5778	5778	98.2001	60
FoCL57	JH651388.1	2947611	678692	684363	NC_030995.1	2896840	388438	393923	same	5324	5672	5485	93.8646	60
FoCL57	JH651388.1	2947611	685865	878788	NC_030995.1	2896840	395457	593609	same	190377	198315	198152	95.9973	60
FoCL57	JH651388.1	2947611	878988	886765	NC_030995.1	2896840	593840	601617	same	7553	7778	7777	97.1072	60
FoCL57	JH651388.1	2947611	886897	906447	NC_030995.1	2896840	601749	621291	same	18993	19631	19542	96.7500	60
FoCL57	JH651388.1	2947611	906550	938939	NC_030995.1	2896840	621396	653923	same	32068	32549	32527	98.5222	60
FoCL57	JH651388.1	2947611	939060	1055587	NC_030995.1	2896840	654059	770678	same	115566	116571	116619	99.1379	60
FoCL57	JH651388.1	2947611	1055691	1058879	NC_030995.1	2896840	770791	773979	same	3172	3188	3188	99.4981	60
FoCL57	JH651388.1	2947611	1059105	1072009	NC_030995.1	2896840	774223	787124	same	12808	12905	12901	99.2484	60
FoCL57	JH651388.1	2947611	1072146	1078996	NC_030995.1	2896840	787263	794103	same	6739	6860	6840	98.2362	60
FoCL57	JH651388.1	2947611	1084888	1118902	NC_030995.1	2896840	799954	834052	same	33720	34114	34098	98.8450	60
FoCL57	JH651388.1	2947611	1122258	1307599	NC_030995.1	2896840	848937	1033668	same	182989	185482	184731	98.6559	60
FoCL57	JH651388.1	2947611	1307836	1317334	NC_030995.1	2896840	1033907	1043405	same	9443	9499	9498	99.4105	60
FoCL57	JH651388.1	2947611	1317707	1427902	NC_030995.1	2896840	1043772	1153734	same	108866	110344	109962	98.6606	60
FoCL57	JH651388.1	2947611	1473718	1493244	NC_030995.1	2896840	1154742	1174294	same	19437	19556	19552	99.3915	60
FoCL57	JH651388.1	2947611	1493466	1496625	NC_030995.1	2896840	1174558	1177717	same	3145	3161	3159	99.4938	60
FoCL57	JH651388.1	2947611	1497144	1549663	NC_030995.1	2896840	1178203	1230696	same	52166	52531	52493	99.3052	60
FoCL57	JH651388.1	2947611	1549847	1577705	NC_030995.1	2896840	1230903	1258622	same	27485	27862	27719	98.6469	60
FoCL57	JH651388.1	2947611	1577790	1681469	NC_030995.1	2896840	1258724	1362423	same	102709	103597	103699	99.1428	60
FoCL57	JH651388.1	2947611	1681717	1708436	NC_030995.1	2896840	1362669	1389387	same	26457	26746	26718	98.9195	60
FoCL57	JH651388.1	2947611	1709447	1710640	NC_030995.1	2896840	1390349	1391529	same	1173	1193	1180	98.3236	60
FoCL57	JH651388.1	2947611	1711108	1911703	NC_030995.1	2896840	1392343	1593196	same	199075	200972	200853	99.0561	60
FoCL57	JH651388.1	2947611	1911793	2048777	NC_030995.1	2896840	1593302	1730369	same	135861	137082	137067	99.1093	60
FoCL57	JH651388.1	2947611	2048903	2058437	NC_030995.1	2896840	1730507	1740006	same	9453	9535	9499	99.1400	60
FoCL57	JH651388.1	2947611	2058611	2066923	NC_030995.1	2896840	1740188	1748531	same	8243	8344	8343	98.7895	60
FoCL57	JH651388.1	2947611	2067119	2120351	NC_030995.1	2896840	1748793	1801926	same	52268	53375	53133	97.9260	60
FoCL57	JH651388.1	2947611	2129287	2164460	NC_030995.1	2896840	1802481	1843180	same	34625	40729	40699	85.0131	60
FoCL57	JH651388.1	2947611	2164899	2170900	NC_030995.1	2896840	1845701	1853588	same	5912	7891	7887	74.9208	60
FoCL57	JH651388.1	2947611	2171024	2183774	NC_030995.1	2896840	1853713	1866473	same	12618	12763	12760	98.8639	60
FoCL57	JH651388.1	2947611	2184006	2263587	NC_030995.1	2896840	1866740	1947011	same	78720	80487	80271	97.8046	60
FoCL57	JH651388.1	2947611	2263923	2275290	NC_030995.1	2896840	1947390	1958775	same	11168	11394	11385	98.0165	60
FoCL57	JH651388.1	2947611	2275505	2316470	NC_030995.1	2896840	1959076	2000408	same	40578	41359	41332	98.1117	60
FoCL57	JH651388.1	2947611	2317338	2319661	NC_030995.1	2896840	2001452	2003785	same	2304	2333	2333	98.7570	60
FoCL57	JH651388.1	2947611	2320097	2322546	NC_030995.1	2896840	2004202	2006653	same	2432	2451	2451	99.2248	60
FoCL57	JH651388.1	2947611	2323323	2419478	NC_030995.1	2896840	2007173	2104586	same	94650	97506	97413	97.0709	60
FoCL57	JH651388.1	2947611	2419746	2442314	NC_030995.1	2896840	2104856	2127422	same	22370	22576	22566	99.0875	60
FoCL57	JH651388.1	2947611	2443265	2453160	NC_030995.1	2896840	2127631	2138138	same	9659	9890	10507	97.6643	60
FoCL57	JH651388.1	2947611	2454021	2472660	NC_030995.1	2896840	2138968	2158580	same	18285	19637	19612	93.1150	60
FoCL57	JH651388.1	2947611	2472912	2587452	NC_030995.1	2896840	2158930	2274634	same	112733	115634	115704	97.4912	60
FoCL57	JH651388.1	2947611	2588128	2598170	NC_030995.1	2896840	2276108	2286146	same	9910	10043	10038	98.6757	60
FoCL57	JH651388.1	2947611	2601626	2643775	NC_030995.1	2896840	2294403	2337308	same	41419	42927	42905	96.4871	60
FoCL57	JH651388.1	2947611	2643980	2737517	NC_030995.1	2896840	2337511	2447127	same	91933	109663	109616	83.8323	60
FoCL57	JH651498.1	5352	0	1314	NC_030995.1	2896840	2432298	2433617	same	1284	1322	1319	97.1256	0
FoCL57	JH651388.1	2947611	2737601	2757779	NC_030995.1	2896840	2447220	2467029	same	19472	20239	19809	96.2103	60
FoCL57	JH651388.1	2947611	2757985	2763318	NC_030995.1	2896840	2467234	2472556	same	5125	5350	5322	95.7944	60
FoCL57	JH651388.1	2947611	2767576	2779489	NC_030995.1	2896840	2473055	2484949	same	11646	11915	11894	97.7423	60
FoCL57	JH651388.1	2947611	2786896	2788458	NC_030995.1	2896840	2493547	2495099	same	1524	1562	1552	97.5672	60
FoCL57	JH651388.1	2947611	2800548	2805047	NC_030995.1	2896840	2502066	2506562	same	4367	4500	4496	97.0444	60
FoCL57	JH651388.1	2947611	2810356	2838696	NC_030995.1	2896840	2516133	2544479	same	27558	28298	28346	97.3850	60
FoCL57	JH651388.1	2947611	2844164	2859123	NC_030995.1	2896840	2557087	2571377	same	13996	14982	14290	93.4188	60
FoCL57	JH651388.1	2947611	2859735	2877851	NC_030995.1	2896840	2572177	2590308	same	17868	18132	18131	98.5440	60
FoCL57	JH651388.1	2947611	2878092	2888072	NC_030995.1	2896840	2590620	2600614	same	9780	9994	9994	97.8587	60
FoCL57	JH651388.1	2947611	2888745	2896487	NC_030995.1	2896840	2601435	2609122	same	7533	7744	7687	97.2753	60
FoCL57	JH651388.1	2947611	2896784	2921506	NC_030995.1	2896840	2609517	2634123	same	24229	24631	24606	98.3679	60
FoCL57	JH651388.1	2947611	2924974	2941159	NC_030995.1	2896840	2634765	2652940	same	15761	18201	18175	86.5941	60
FoCL57	JH651388.1	2947611	2942205	2946344	NC_030995.1	2896840	2654020	2658100	same	4020	4149	4080	96.8908	60
FoCL57	KK035853.1	31095	786	10213	NC_030995.1	2896840	2658116	2667612	same	9025	9361	9496	96.4106	60
FoCL57	KK035853.1	31095	13309	26640	NC_030995.1	2896840	2670921	2684238	same	12822	13377	13317	95.8511	60
FoCL57	JH651430.1	40904	5590	9975	NC_030995.1	2896840	2679697	2684111	same	4188	4419	4414	94.7726	60
FoCL57	KK035853.1	31095	28537	30319	NC_030995.1	2896840	2686218	2688000	same	1737	1784	1782	97.3655	60
FoCL57	JH651408.1	106902	95880	103858	NC_030995.1	2896840	2687994	2695981	same	7776	8012	7987	97.0544	60
FoCL57	JH651408.1	106902	103979	106134	NC_030995.1	2896840	2696102	2698702	same	2105	2503	2600	84.0991	60
FoCL57	JH651405.1	250012	206472	230178	NC_030995.1	2896840	2698885	2730947	opposite	22460	30529	32062	73.5694	60
FoCL57	JH651405.1	250012	204656	205545	NC_030995.1	2896840	2732314	2733203	opposite	849	889	889	95.5006	60
FoCL57	JH651405.1	250012	202887	204117	NC_030995.1	2896840	2733699	2734930	opposite	1176	1231	1231	95.5321	60
FoCL57	JH651405.1	250012	182949	201731	NC_030995.1	2896840	2745839	2764662	opposite	18210	18876	18823	96.4717	60
FoCL57	JH651405.1	250012	180409	182755	NC_030995.1	2896840	2764967	2767328	opposite	2251	2376	2361	94.7391	60
FoCL57	JH651405.1	250012	118329	152759	NC_030995.1	2896840	2801883	2838977	opposite	33940	37108	37094	91.4628	60
FoCL57	JH651405.1	250012	68836	72789	NC_030995.1	2896840	2875586	2876911	opposite	1244	3953	1325	31.4698	60
FoCL57	JH651405.1	250012	53065	68462	NC_030995.1	2896840	2877285	2894017	opposite	15221	16733	16732	90.9640	60
FoCL57	JH651405.1	250012	33004	35797	NC_030995.1	2896840	2894017	2896802	opposite	2753	2794	2785	98.5326	60
FoCL57	JH651401.1	790686	721176	731852	NC_030996.1	2337134	1987	12720	opposite	10418	10773	10733	96.7047	60
FoCL57	JH651401.1	790686	716913	721076	NC_030996.1	2337134	12826	17004	opposite	4056	4180	4178	97.0335	60
FoCL57	JH651401.1	790686	713937	716003	NC_030996.1	2337134	18038	20092	opposite	2022	2066	2054	97.8703	60
FoCL57	JH651401.1	790686	686226	713191	NC_030996.1	2337134	20778	47759	opposite	26524	26995	26981	98.2552	60
FoCL57	JH651401.1	790686	680983	685011	NC_030996.1	2337134	48973	53000	opposite	3926	4028	4027	97.4677	60
FoCL57	JH651401.1	790686	654172	677855	NC_030996.1	2337134	56123	80565	opposite	23140	24462	24442	94.5957	60
FoCL57	JH651401.1	790686	646751	649722	NC_030996.1	2337134	82121	85092	opposite	2746	2975	2971	92.3025	60
FoCL57	JH651401.1	790686	617312	645979	NC_030996.1	2337134	85864	114535	opposite	28011	28711	28671	97.5619	60
FoCL57	JH651401.1	790686	578785	617205	NC_030996.1	2337134	114654	153156	opposite	37607	38541	38502	97.5766	60
FoCL57	JH651401.1	790686	530534	578645	NC_030996.1	2337134	153296	201258	opposite	47176	48176	47962	97.9243	60
FoCL57	JH651401.1	790686	527972	530198	NC_030996.1	2337134	201635	203859	opposite	2189	2226	2224	98.3378	60
FoCL57	JH651401.1	790686	454835	527293	NC_030996.1	2337134	204631	272691	opposite	66524	72732	68060	91.4646	60
FoCL57	JH651401.1	790686	424940	454583	NC_030996.1	2337134	272942	302578	opposite	29046	29696	29636	97.8112	60
FoCL57	JH651401.1	790686	378723	424445	NC_030996.1	2337134	303188	348934	opposite	45008	45788	45746	98.2965	60
FoCL57	JH651401.1	790686	375745	378192	NC_030996.1	2337134	349465	351912	opposite	2414	2447	2447	98.6514	60
FoCL57	JH651401.1	790686	329229	375191	NC_030996.1	2337134	352634	404689	opposite	45180	51907	52055	87.0403	60
FoCL57	JH651401.1	790686	312074	328404	NC_030996.1	2337134	405647	424918	opposite	16175	19283	19271	83.8822	60
FoCL57	JH651401.1	790686	295470	311722	NC_030996.1	2337134	425365	441626	opposite	16082	16266	16261	98.8688	60
FoCL57	JH651401.1	790686	287884	294893	NC_030996.1	2337134	442316	450356	opposite	6939	7942	8040	87.3709	60
FoCL57	JH651401.1	790686	279531	286671	NC_030996.1	2337134	451558	458718	opposite	7068	7160	7160	98.7151	60
FoCL57	JH651401.1	790686	278507	278797	NC_030996.1	2337134	459232	459555	opposite	286	323	323	88.5449	60
FoCL57	JH651401.1	790686	185598	219891	NC_030996.1	2337134	460658	494946	opposite	33919	34307	34288	98.8690	60
FoCL57	JH651401.1	790686	62669	185400	NC_030996.1	2337134	495147	619322	opposite	120990	124292	124175	97.3434	60
FoCL57	JH651401.1	790686	3208	61949	NC_030996.1	2337134	620081	678665	opposite	57287	58828	58584	97.3805	60
FoCL57	JH651401.1	790686	179	2872	NC_030996.1	2337134	679009	681706	opposite	2654	2697	2697	98.4056	60
FoCL57	JH651396.1	1653966	1633016	1653784	NC_030996.1	2337134	681701	700341	opposite	18297	20933	18640	87.4074	60
FoCL57	JH651396.1	1653966	1532219	1632930	NC_030996.1	2337134	700449	801112	opposite	99110	101086	100663	98.0452	60
FoCL57	JH651396.1	1653966	1389402	1531772	NC_030996.1	2337134	802167	950616	opposite	138377	150429	148449	91.9882	60
FoCL57	JH651443.1	27152	3920	6964	NC_030996.1	2337134	926391	929425	opposite	2996	3044	3034	98.4231	1
FoCL57	JH651396.1	1653966	1307986	1389120	NC_030996.1	2337134	951029	1034704	opposite	79984	83890	83675	95.3439	60
FoCL57	JH651396.1	1653966	1157249	1307185	NC_030996.1	2337134	1035326	1186778	opposite	148035	151472	151452	97.7309	60
FoCL57	JH651396.1	1653966	1148636	1154197	NC_030996.1	2337134	1188085	1193651	opposite	5464	5589	5566	97.7635	60
FoCL57	JH651396.1	1653966	1000947	1148501	NC_030996.1	2337134	1193781	1340547	opposite	143334	148702	146766	96.3901	60
FoCL57	JH651396.1	1653966	966969	1000520	NC_030996.1	2337134	1343886	1383329	opposite	33099	39455	39443	83.8905	60
FoCL57	JH651396.1	1653966	965966	966522	NC_030996.1	2337134	1386721	1387272	opposite	538	556	551	96.7626	60
FoCL57	JH651396.1	1653966	948644	965342	NC_030996.1	2337134	1387896	1404606	opposite	16396	16760	16710	97.8282	60
FoCL57	JH651396.1	1653966	889145	948412	NC_030996.1	2337134	1404859	1464936	opposite	58351	60189	60077	96.9463	60
FoCL57	JH651396.1	1653966	823025	888690	NC_030996.1	2337134	1465611	1535243	opposite	64793	69736	69632	92.9118	60
FoCL57	JH651396.1	1653966	780726	822693	NC_030996.1	2337134	1535587	1577530	opposite	41329	42001	41943	98.4000	60
FoCL57	JH651396.1	1653966	690891	780633	NC_030996.1	2337134	1577627	1673575	opposite	86233	98187	95948	87.8253	60
FoCL57	JH651396.1	1653966	661856	690735	NC_030996.1	2337134	1673737	1702664	opposite	28370	28938	28927	98.0372	60
FoCL57	JH651396.1	1653966	630364	659561	NC_030996.1	2337134	1704946	1734219	opposite	28565	29310	29273	97.4582	60
FoCL57	JH651396.1	1653966	586192	628145	NC_030996.1	2337134	1734810	1776543	opposite	41096	42013	41733	97.8173	60
FoCL57	JH651396.1	1653966	505313	585986	NC_030996.1	2337134	1776749	1860058	opposite	78780	83803	83309	94.0062	60
FoCL57	JH651396.1	1653966	470280	505092	NC_030996.1	2337134	1860365	1918133	opposite	34172	40924	57768	83.5011	60
FoCL57	JH651393.1	2142601	62340	63435	NC_030996.1	2337134	1879653	1880748	opposite	1018	1095	1095	92.9680	45
FoCL57	JH651414.1	68668	30499	31428	NC_030996.1	2337134	1883658	1884587	same	855	929	929	92.0344	60
FoCL57	JH651396.1	1653966	412526	445978	NC_030996.1	2337134	1918298	1952476	opposite	32626	34221	34178	95.3391	60
FoCL57	JH651396.1	1653966	407184	407770	NC_030996.1	2337134	1957520	1958106	opposite	534	587	586	90.9710	60
FoCL57	JH651396.1	1653966	400672	406774	NC_030996.1	2337134	1958516	1964615	opposite	5840	6102	6099	95.7063	60
FoCL57	JH651396.1	1653966	319047	400490	NC_030996.1	2337134	1964779	2048355	opposite	79643	83782	83576	95.0598	60
FoCL57	JH651396.1	1653966	297631	316207	NC_030996.1	2337134	2051101	2070438	opposite	18127	19348	19337	93.6893	60
FoCL57	JH651396.1	1653966	291281	296241	NC_030996.1	2337134	2071814	2076759	opposite	4788	4964	4945	96.4545	60
FoCL57	JH651396.1	1653966	266607	290182	NC_030996.1	2337134	2076999	2100561	opposite	22980	23589	23562	97.4183	60
FoCL57	JH651396.1	1653966	254111	264007	NC_030996.1	2337134	2101748	2111654	opposite	9680	9910	9906	97.6791	60
FoCL57	JH651396.1	1653966	224721	237972	NC_030996.1	2337134	2118510	2131700	opposite	12907	13264	13190	97.3085	60
FoCL57	JH651396.1	1653966	221462	224575	NC_030996.1	2337134	2131646	2134759	opposite	3013	3126	3113	96.3852	60
FoCL57	JH651396.1	1653966	185433	220353	NC_030996.1	2337134	2136092	2162040	opposite	25287	35122	25948	71.9976	60
FoCL57	JH651396.1	1653966	162068	183125	NC_030996.1	2337134	2166479	2188388	opposite	20337	22160	21909	91.7735	60
FoCL57	JH651396.1	1653966	131254	161791	NC_030996.1	2337134	2191542	2218700	opposite	19152	37875	27158	50.5663	60
FoCL57	JH651396.1	1653966	85278	131131	NC_030996.1	2337134	2218828	2272480	opposite	44883	53616	53652	83.7120	60
FoCL57	JH651396.1	1653966	81017	82110	NC_030996.1	2337134	2278869	2279974	opposite	1050	1105	1105	95.0226	60
FoCL57	JH651396.1	1653966	72007	80477	NC_030996.1	2337134	2280448	2288936	opposite	8264	8518	8488	97.0181	60
FoCL57	JH651396.1	1653966	62841	70110	NC_030996.1	2337134	2291754	2299014	opposite	7096	7273	7260	97.5663	60
FoCL57	JH651396.1	1653966	36625	60302	NC_030996.1	2337134	2299025	2324881	opposite	23019	26073	25856	88.2867	60
FoCL57	JH651396.1	1653966	34364	36599	NC_030996.1	2337134	2332309	2334667	opposite	2109	2359	2358	89.4023	60
FoCL57	JH651390.1	2759859	2347710	2352450	NC_030997.1	2233407	4552	9282	opposite	4649	4742	4730	98.0388	60
FoCL57	JH651390.1	2759859	2320516	2347541	NC_030997.1	2233407	9465	36389	opposite	26287	27099	26924	97.0036	60
FoCL57	JH651390.1	2759859	2309973	2314655	NC_030997.1	2233407	42350	46959	opposite	4395	4718	4609	93.1539	60
FoCL57	JH651390.1	2759859	2300448	2306459	NC_030997.1	2233407	53378	59437	opposite	5746	6063	6059	94.7716	60
FoCL57	JH651390.1	2759859	2299700	2300035	NC_030997.1	2233407	59850	60185	opposite	325	335	335	97.0149	60
FoCL57	JH651390.1	2759859	2298859	2299510	NC_030997.1	2233407	60378	61030	opposite	641	652	652	98.3129	60
FoCL57	JH651390.1	2759859	2278853	2298091	NC_030997.1	2233407	61582	80660	opposite	18611	19291	19078	96.4750	60
FoCL57	JH651390.1	2759859	2277713	2278538	NC_030997.1	2233407	82275	83100	opposite	762	825	825	92.3636	60
FoCL57	JH651390.1	2759859	2231950	2276652	NC_030997.1	2233407	84165	129053	opposite	43910	44683	44888	98.2700	60
FoCL57	JH651390.1	2759859	2206483	2231723	NC_030997.1	2233407	129280	154515	opposite	24627	25274	25235	97.4401	60
FoCL57	JH651390.1	2759859	2158355	2203361	NC_030997.1	2233407	156913	184952	opposite	26902	45616	28039	58.9749	60
FoCL57	JH651390.1	2759859	2147528	2157903	NC_030997.1	2233407	185399	195929	opposite	9969	10268	10530	97.0880	60
FoCL57	JH651390.1	2759859	2123940	2146337	NC_030997.1	2233407	200106	222535	opposite	21967	22433	22429	97.9227	60
FoCL57	JH651390.1	2759859	2120218	2123550	NC_030997.1	2233407	223009	226341	opposite	3289	3332	3332	98.7095	60
FoCL57	JH651390.1	2759859	2113094	2116326	NC_030997.1	2233407	230040	234075	opposite	3016	4037	4035	74.7089	60
FoCL57	JH651390.1	2759859	2075637	2112333	NC_030997.1	2233407	234836	271584	opposite	36051	36778	36748	98.0233	60
FoCL57	JH651390.1	2759859	2052587	2075320	NC_030997.1	2233407	271932	294264	opposite	21636	22991	22332	94.1064	60
FoCL57	JH651390.1	2759859	2048999	2051989	NC_030997.1	2233407	294890	297765	opposite	2734	2995	2875	91.2855	60
FoCL57	JH651390.1	2759859	2041418	2046440	NC_030997.1	2233407	303351	308409	opposite	4864	5062	5058	96.0885	60
FoCL57	JH651390.1	2759859	2039410	2041223	NC_030997.1	2233407	308603	310619	opposite	1682	1920	2016	87.6042	60
FoCL57	JH651390.1	2759859	2032845	2039114	NC_030997.1	2233407	310915	317197	opposite	6111	6285	6282	97.2315	60
FoCL57	JH651390.1	2759859	1976990	2031027	NC_030997.1	2233407	319660	373805	opposite	53275	54063	54145	98.5424	60
FoCL57	JH651390.1	2759859	1926814	1976918	NC_030997.1	2233407	373876	423975	opposite	49377	50147	50099	98.4645	60
FoCL57	JH651390.1	2759859	1915725	1926591	NC_030997.1	2233407	424218	435092	opposite	10713	10874	10874	98.5194	60
FoCL57	JH651390.1	2759859	1915285	1915711	NC_030997.1	2233407	435423	435852	opposite	416	429	429	96.9697	60
FoCL57	JH651390.1	2759859	1816829	1914866	NC_030997.1	2233407	436249	536385	opposite	96675	100253	100136	96.4310	60
FoCL57	JH651390.1	2759859	1788951	1814918	NC_030997.1	2233407	538370	564332	opposite	25468	25981	25962	98.0255	60
FoCL57	JH651390.1	2759859	1707490	1788828	NC_030997.1	2233407	564467	648212	opposite	80069	83832	83745	95.5113	60
FoCL57	JH651390.1	2759859	1694408	1707056	NC_030997.1	2233407	648756	661410	opposite	12473	12666	12654	98.4762	60
FoCL57	JH651390.1	2759859	1661350	1694073	NC_030997.1	2233407	661817	694515	opposite	32305	32739	32698	98.6744	60
FoCL57	JH651390.1	2759859	1605311	1661203	NC_030997.1	2233407	694672	753667	opposite	53230	60542	58995	87.9224	60
FoCL57	JH651390.1	2759859	1561726	1604299	NC_030997.1	2233407	754433	797516	opposite	40141	44623	43083	89.9559	60
FoCL57	JH651390.1	2759859	1517858	1557433	NC_030997.1	2233407	798265	837844	opposite	38868	39623	39579	98.0945	60
FoCL57	JH651390.1	2759859	1513666	1514499	NC_030997.1	2233407	841379	842212	same	788	833	833	94.5978	60
FoCL57	JH651390.1	2759859	1485385	1511258	NC_030997.1	2233407	844471	870369	opposite	25235	25986	25898	97.1100	60
FoCL57	JH651390.1	2759859	1391585	1484556	NC_030997.1	2233407	871127	966794	opposite	91062	96150	95667	94.7083	60
FoCL57	JH651390.1	2759859	1384818	1391465	NC_030997.1	2233407	966914	973560	opposite	6521	6648	6646	98.0897	60
FoCL57	JH651390.1	2759859	1374896	1383830	NC_030997.1	2233407	975236	984185	opposite	8643	8951	8949	96.5590	60
FoCL57	JH651390.1	2759859	1359299	1374445	NC_030997.1	2233407	984686	999831	opposite	14837	15149	15145	97.9405	60
FoCL57	JH651390.1	2759859	1296758	1359117	NC_030997.1	2233407	1000018	1063089	opposite	61578	63103	63071	97.5833	60
FoCL57	JH651390.1	2759859	1267894	1296623	NC_030997.1	2233407	1072207	1100082	opposite	26975	29131	27875	92.5989	60
FoCL57	JH651390.1	2759859	1213664	1265206	NC_030997.1	2233407	1102515	1154891	opposite	50795	52507	52376	96.7395	60
FoCL57	JH651390.1	2759859	1207306	1210694	NC_030997.1	2233407	1156873	1161530	opposite	3227	4569	4657	70.6281	60
FoCL57	JH651390.1	2759859	1146219	1206180	NC_030997.1	2233407	1162713	1222320	opposite	58440	60224	59607	97.0377	60
FoCL57	JH651390.1	2759859	1143294	1145192	NC_030997.1	2233407	1223400	1225298	opposite	1877	1898	1898	98.8936	60
FoCL57	JH651390.1	2759859	1073061	1143169	NC_030997.1	2233407	1225433	1295355	opposite	68686	70055	69922	98.0458	60
FoCL57	JH651390.1	2759859	1028540	1039332	NC_030997.1	2233407	1296355	1307151	opposite	10687	10798	10796	98.9720	60
FoCL57	JH651390.1	2759859	1014263	1027845	NC_030997.1	2233407	1308335	1322775	opposite	13407	14464	14440	92.6922	60
FoCL57	JH651390.1	2759859	1002086	1014062	NC_030997.1	2233407	1322987	1334905	opposite	11712	11988	11918	97.6977	60
FoCL57	JH651390.1	2759859	998954	1001874	NC_030997.1	2233407	1336480	1338849	opposite	2352	2921	2369	80.5204	60
FoCL57	JH651390.1	2759859	983704	998889	NC_030997.1	2233407	1338920	1354124	opposite	14930	15212	15204	98.1462	60
FoCL57	JH651390.1	2759859	971086	980134	NC_030997.1	2233407	1359553	1368592	opposite	8865	9052	9039	97.9342	60
FoCL57	JH651390.1	2759859	936600	967751	NC_030997.1	2233407	1372253	1403274	opposite	30259	31245	31021	96.8443	60
FoCL57	JH651390.1	2759859	932162	936469	NC_030997.1	2233407	1403405	1407711	opposite	4234	4307	4306	98.3051	60
FoCL57	JH651390.1	2759859	931528	931942	NC_030997.1	2233407	1407931	1408345	opposite	395	414	414	95.4106	60
FoCL57	JH651390.1	2759859	923161	930677	NC_030997.1	2233407	1409192	1416706	opposite	7361	7518	7514	97.9117	60
FoCL57	JH651390.1	2759859	900834	922874	NC_030997.1	2233407	1416994	1439052	opposite	21732	22062	22058	98.5042	60
FoCL57	JH651390.1	2759859	795559	900622	NC_030997.1	2233407	1439277	1547628	opposite	102108	109170	108351	93.5312	60
FoCL57	KK035937.1	3623	88	2973	NC_030997.1	2233407	1445702	1448588	opposite	2700	2887	2886	93.5227	1
FoCL57	JH651438.1	32620	22052	25083	NC_030997.1	2233407	1467149	1470168	opposite	2809	3032	3019	92.6451	60
FoCL57	JH651390.1	2759859	778098	793871	NC_030997.1	2233407	1549720	1565495	opposite	15510	15781	15775	98.2827	60
FoCL57	JH651390.1	2759859	743557	777756	NC_030997.1	2233407	1565939	1599918	opposite	33280	34097	33979	97.6039	60
FoCL57	JH651390.1	2759859	693740	738050	NC_030997.1	2233407	1601872	1651597	opposite	42919	50293	49725	85.3379	60
FoCL57	JH651390.1	2759859	686839	693604	NC_030997.1	2233407	1651752	1664267	opposite	6636	12517	12515	53.0159	60
FoCL57	JH651390.1	2759859	670677	677457	NC_030997.1	2233407	1664928	1671714	opposite	6569	6798	6786	96.6314	60
FoCL57	JH651390.1	2759859	627231	670373	NC_030997.1	2233407	1672031	1715168	opposite	41823	43311	43137	96.5644	60
FoCL57	JH651390.1	2759859	612865	626904	NC_030997.1	2233407	1715464	1729657	opposite	13582	14116	14193	96.2171	60
FoCL57	JH651390.1	2759859	610480	611158	NC_030997.1	2233407	1736025	1736701	opposite	633	678	676	93.3628	60
FoCL57	JH651390.1	2759859	580992	610009	NC_030997.1	2233407	1737173	1767685	opposite	28053	30449	30512	92.1311	60
FoCL57	JH651402.1	711798	585307	586917	NC_030997.1	2233407	1772724	1774319	opposite	1465	1610	1595	90.9938	60
FoCL57	JH651402.1	711798	582805	584670	NC_030997.1	2233407	1774965	1776830	opposite	1731	1865	1865	92.8150	60
FoCL57	JH651390.1	2759859	568062	572871	NC_030997.1	2233407	1776983	1781571	opposite	4386	4825	4588	90.9016	60
FoCL57	JH651390.1	2759859	566208	567356	NC_030997.1	2233407	1790008	1791158	opposite	1089	1150	1150	94.6957	60
FoCL57	JH651390.1	2759859	537131	550695	NC_030997.1	2233407	1796499	1810049	opposite	13202	13580	13550	97.2165	60
FoCL57	JH651390.1	2759859	504366	536692	NC_030997.1	2233407	1810679	1828878	opposite	17614	32415	18199	54.3390	60
FoCL57	JH651390.1	2759859	484927	504301	NC_030997.1	2233407	1828934	1849130	opposite	18600	20220	20196	91.9881	60
FoCL57	JH651390.1	2759859	477670	478278	NC_030997.1	2233407	1856348	1856954	opposite	583	608	606	95.8882	60
FoCL57	JH651390.1	2759859	475230	477351	NC_030997.1	2233407	1857324	1859444	opposite	2031	2124	2120	95.6215	60
FoCL57	JH651390.1	2759859	463658	474634	NC_030997.1	2233407	1859978	1867145	opposite	6557	11308	7167	57.9855	60
FoCL57	JH651390.1	2759859	445203	458873	NC_030997.1	2233407	1870753	1884730	opposite	13157	13893	13977	94.7024	60
FoCL57	JH651390.1	2759859	441622	444934	NC_030997.1	2233407	1885119	1888430	opposite	3225	3326	3311	96.9633	60
FoCL57	JH651390.1	2759859	426242	437412	NC_030997.1	2233407	1899340	1910488	opposite	10864	11181	11148	97.1648	60
FoCL57	JH651390.1	2759859	422667	426237	NC_030997.1	2233407	1911168	1914361	opposite	3101	3574	3193	86.7655	60
FoCL57	JH651390.1	2759859	419115	422561	NC_030997.1	2233407	1914485	1917932	opposite	3390	3447	3447	98.3464	60
FoCL57	JH651390.1	2759859	337100	417611	NC_030997.1	2233407	1918086	1998623	opposite	78239	80798	80537	96.8328	60
FoCL57	JH651390.1	2759859	279556	330372	NC_030997.1	2233407	2008182	2047382	opposite	34975	53927	39200	64.8562	60
FoCL57	JH651390.1	2759859	277297	279241	NC_030997.1	2233407	2047746	2049693	opposite	1839	1947	1947	94.4530	60
FoCL57	JH651423.1	45983	15871	24266	NC_030997.1	2233407	2117434	2127517	same	8231	10101	10083	81.4870	60
FoCL57	JH651423.1	45983	27871	30493	NC_030997.1	2233407	2130861	2133486	same	2425	2625	2625	92.3810	60
FoCL57	JH651405.1	250012	243352	245372	NC_030997.1	2233407	2131488	2133508	same	1869	2020	2020	92.5248	60
FoCL57	JH651405.1	250012	245934	246541	NC_030997.1	2233407	2133855	2134463	same	590	608	608	97.0395	60
FoCL57	JH651405.1	250012	246707	249250	NC_030997.1	2233407	2134890	2137432	same	2461	2544	2542	96.7374	60
FoCL57	KK035850.1	56936	1462	4108	NC_030997.1	2233407	2140684	2143329	same	2453	2646	2645	92.7060	60
FoCL57	JH651390.1	2759859	261319	275604	NC_030997.1	2233407	2144134	2158410	opposite	13692	14300	14276	95.7483	60
FoCL57	JH651390.1	2759859	219461	232652	NC_030997.1	2233407	2160962	2174120	opposite	12742	13214	13158	96.4280	60
FoCL57	JH651390.1	2759859	217391	219174	NC_030997.1	2233407	2174538	2176321	opposite	1736	1783	1783	97.3640	60
FoCL57	JH651390.1	2759859	211234	216467	NC_030997.1	2233407	2177223	2182445	opposite	4986	5252	5222	94.9353	60
FoCL57	JH651390.1	2759859	207544	211127	NC_030997.1	2233407	2185445	2188899	opposite	3297	3607	3454	91.4056	60
FoCL57	JH651390.1	2759859	191152	192641	NC_030997.1	2233407	2209817	2211298	opposite	1419	1491	1481	95.1710	60
FoCL57	JH651390.1	2759859	175705	190803	NC_030997.1	2233407	2211631	2226717	opposite	14578	15128	15086	96.3644	60
FoCL57	JH651390.1	2759859	169010	175193	NC_030997.1	2233407	2227214	2233407	opposite	6016	6197	6193	97.0792	60
FoCL57	JH651400.1	1058449	858671	863193	NC_030998.1	1751499	7676	14700	opposite	4368	7043	7024	62.0190	60
FoCL57	JH651400.1	1058449	848594	849809	NC_030998.1	1751499	19957	21173	opposite	1171	1216	1216	96.2993	60
FoCL57	JH651400.1	1058449	788705	846677	NC_030998.1	1751499	30003	93222	opposite	49051	70664	63219	69.4144	60
FoCL57	JH651400.1	1058449	781796	788084	NC_030998.1	1751499	93929	99804	opposite	5638	6292	5875	89.6058	60
FoCL57	JH651400.1	1058449	764804	781144	NC_030998.1	1751499	100862	117210	opposite	15996	16351	16348	97.8289	60
FoCL57	JH651400.1	1058449	739388	760879	NC_030998.1	1751499	122302	143742	opposite	20953	21507	21440	97.4241	60
FoCL57	JH651400.1	1058449	699109	738650	NC_030998.1	1751499	144463	184575	opposite	38739	40299	40112	96.1289	60
FoCL57	JH651400.1	1058449	691402	698595	NC_030998.1	1751499	185127	192773	opposite	6973	7647	7646	91.1861	60
FoCL57	JH651400.1	1058449	668688	691125	NC_030998.1	1751499	193059	215499	opposite	21945	22468	22440	97.6722	60
FoCL57	JH651400.1	1058449	617168	668305	NC_030998.1	1751499	215839	267002	opposite	50141	51185	51163	97.9603	60
FoCL57	JH651400.1	1058449	525661	616236	NC_030998.1	1751499	267637	359228	opposite	88787	91734	91591	96.7875	60
FoCL57	JH651400.1	1058449	519688	524516	NC_030998.1	1751499	366405	371070	opposite	4570	4831	4665	94.5974	60
FoCL57	JH651400.1	1058449	494416	503555	NC_030998.1	1751499	374182	383321	opposite	9023	9142	9139	98.6983	60
FoCL57	JH651400.1	1058449	458612	493106	NC_030998.1	1751499	384700	420514	opposite	33710	35883	35814	93.9442	60
FoCL57	JH651400.1	1058449	438088	458626	NC_030998.1	1751499	421129	441238	opposite	19785	20558	20109	96.2399	60
FoCL57	JH651400.1	1058449	422944	437851	NC_030998.1	1751499	441490	456379	opposite	14636	14911	14889	98.1557	60
FoCL57	JH651400.1	1058449	273395	422796	NC_030998.1	1751499	456588	619750	opposite	145625	163482	163162	89.0771	60
FoCL57	JH651400.1	1058449	241515	269971	NC_030998.1	1751499	623181	651567	opposite	27775	28495	28386	97.4732	60
FoCL57	JH651400.1	1058449	229245	240575	NC_030998.1	1751499	652062	663383	opposite	11161	11332	11321	98.4910	60
FoCL57	JH651400.1	1058449	221187	228739	NC_030998.1	1751499	663944	671509	opposite	7416	7568	7565	97.9915	60
FoCL57	JH651400.1	1058449	195774	219581	NC_030998.1	1751499	673058	696863	opposite	23516	23815	23805	98.7445	60
FoCL57	JH651400.1	1058449	141194	195655	NC_030998.1	1751499	696986	751533	opposite	53684	54610	54547	98.3043	60
FoCL57	JH651400.1	1058449	19623	140216	NC_030998.1	1751499	751984	870897	opposite	116747	120908	118913	96.5585	60
FoCL57	JH651400.1	1058449	295	17605	NC_030998.1	1751499	872909	890243	opposite	17120	17346	17334	98.6971	60
FoCL57	KK035843.1	256123	207191	255924	NC_030998.1	1751499	890229	941018	opposite	47599	50997	50789	93.3369	60
FoCL57	KK035843.1	256123	205048	205556	NC_030998.1	1751499	942697	943206	opposite	500	509	509	98.2318	60
FoCL57	KK035843.1	256123	200636	205003	NC_030998.1	1751499	943253	947628	opposite	4263	4381	4375	97.3066	60
FoCL57	KK035843.1	256123	160933	200201	NC_030998.1	1751499	948050	987783	opposite	38558	39746	39733	97.0110	60
FoCL57	KK035843.1	256123	127285	160507	NC_030998.1	1751499	988203	1021153	opposite	32312	33285	32950	97.0768	60
FoCL57	KK035843.1	256123	103970	127027	NC_030998.1	1751499	1021513	1044598	opposite	22697	23096	23085	98.2724	60
FoCL57	KK035843.1	256123	57	103646	NC_030998.1	1751499	1044922	1150594	opposite	102020	105879	105672	96.3553	60
FoCL57	KK035840.1	1038905	924338	1038702	NC_030998.1	1751499	1150581	1265031	opposite	112739	114351	114450	98.5903	60
FoCL57	KK035840.1	1038905	862164	923894	NC_030998.1	1751499	1265523	1327804	opposite	60187	62241	62281	96.6999	60
FoCL57	KK035840.1	1038905	856080	861806	NC_030998.1	1751499	1328161	1333895	opposite	5593	5734	5734	97.5410	60
FoCL57	KK035840.1	1038905	847375	855663	NC_030998.1	1751499	1334304	1342590	opposite	8051	8295	8286	97.0585	60
FoCL57	KK035840.1	1038905	812768	845487	NC_030998.1	1751499	1344417	1377191	opposite	32081	32879	32774	97.5729	60
FoCL57	KK035840.1	1038905	766464	769406	NC_030998.1	1751499	1378199	1381143	opposite	2918	2945	2944	99.0832	60
FoCL57	KK035840.1	1038905	763079	765975	NC_030998.1	1751499	1381662	1384556	opposite	2875	2897	2894	99.2406	60
FoCL57	KK035840.1	1038905	731870	762790	NC_030998.1	1751499	1384903	1415996	opposite	30378	31109	31093	97.6502	60
FoCL57	KK035840.1	1038905	723528	731551	NC_030998.1	1751499	1416302	1424351	opposite	7779	8054	8049	96.5855	60
FoCL57	KK035840.1	1038905	705282	721931	NC_030998.1	1751499	1425947	1442809	opposite	15965	17053	16862	93.6199	60
FoCL57	KK035840.1	1038905	624778	704818	NC_030998.1	1751499	1443491	1523993	opposite	78183	80958	80502	96.5723	60
FoCL57	KK035840.1	1038905	574259	624602	NC_030998.1	1751499	1524182	1574732	opposite	49286	50826	50550	96.9701	60
FoCL57	KK035840.1	1038905	536494	574026	NC_030998.1	1751499	1574981	1619866	opposite	36836	44731	44885	82.3500	60
FoCL57	KK035840.1	1038905	524604	530842	NC_030998.1	1751499	1630467	1636010	opposite	5343	6150	5543	86.8780	60
FoCL57	KK035840.1	1038905	480621	520425	NC_030998.1	1751499	1643793	1693098	opposite	38992	43960	49305	88.6988	60
FoCL57	JH651389.1	2870791	2854306	2855376	NC_030998.1	1751499	1670768	1671838	opposite	983	1070	1070	91.8692	60
FoCL57	KK035845.1	143271	139342	140291	NC_030998.1	1751499	1671945	1672894	same	864	949	949	91.0432	60
FoCL57	KK035840.1	1038905	456370	480251	NC_030998.1	1751499	1693557	1717453	opposite	23284	24032	23896	96.8875	60
FoCL57	KK035840.1	1038905	424936	453674	NC_030998.1	1751499	1720161	1748906	opposite	27819	28837	28745	96.4698	60
FoCL57	JH651411.1	89040	16021	16397	NC_030999.1	1838362	3765	4137	opposite	362	376	372	96.2766	60
FoCL57	KK035977.1	2318	850	1226	NC_030999.1	1838362	3765	4137	opposite	367	376	372	97.6064	60
FoCL57	JH651443.1	27152	1453	2580	NC_030999.1	1838362	121874	123010	opposite	1087	1136	1136	95.6866	60
FoCL57	JH651409.1	91740	27396	28974	NC_030999.1	1838362	121927	123514	opposite	1515	1587	1587	95.4631	60
FoCL57	KK035874.1	12640	10297	10830	NC_030999.1	1838362	123008	123541	opposite	520	533	533	97.5610	60
FoCL57	JH651406.1	152588	0	835	NC_030999.1	1838362	180203	181038	opposite	823	835	835	98.5629	1
FoCL57	KK035874.1	12640	5675	7895	NC_030999.1	1838362	285019	287240	opposite	2126	2221	2221	95.7226	1
FoCL57	JH651406.1	152588	65163	66463	NC_030999.1	1838362	285937	287239	opposite	1240	1302	1302	95.2381	29
FoCL57	JH651408.1	106902	11568	12382	NC_030999.1	1838362	312196	313010	same	790	814	814	97.0516	42
FoCL57	JH651415.1	57426	56972	57426	NC_030999.1	1838362	314735	315189	same	446	454	454	98.2379	32
FoCL57	KK035860.1	20798	20571	20798	NC_030999.1	1838362	342297	342524	same	226	227	227	99.5595	8
FoCL57	JH651425.1	44689	11872	13749	NC_030999.1	1838362	346581	348565	opposite	1631	1817	1984	89.7633	2
FoCL57	JH651410.1	90235	21543	21984	NC_030999.1	1838362	363356	363797	opposite	420	441	441	95.2381	60
FoCL57	JH651493.1	6489	0	463	NC_030999.1	1838362	380294	380757	opposite	447	463	463	96.5443	0
FoCL57	KK035851.1	48835	17046	18892	NC_030999.1	1838362	388719	390589	opposite	1718	1870	1870	91.8717	60
FoCL57	JH651442.1	27012	20981	23277	NC_030999.1	1838362	434508	436812	opposite	2100	2304	2304	91.1458	60
FoCL57	JH651432.1	39416	30598	35949	NC_030999.1	1838362	447746	453113	same	5139	5376	5367	95.5915	60
FoCL57	JH651442.1	27012	12991	15624	NC_030999.1	1838362	447749	450376	opposite	2525	2638	2627	95.7165	60
FoCL57	JH651426.1	44953	14571	19374	NC_030999.1	1838362	449879	454682	same	4729	4803	4803	98.4593	60
FoCL57	KK035933.1	3854	2794	3750	NC_030999.1	1838362	451938	452897	opposite	902	961	959	93.8606	60
FoCL57	JH651426.1	44953	21697	31750	NC_030999.1	1838362	454708	464635	same	8598	10886	9927	78.9822	60
FoCL57	KK035933.1	3854	0	1962	NC_030999.1	1838362	457330	459286	opposite	1838	1973	1956	93.1576	60
FoCL57	JH651432.1	39416	9600	16088	NC_030999.1	1838362	459234	465580	same	5859	6544	6346	89.5324	60
FoCL57	KK035908.1	4937	51	4758	NC_030999.1	1838362	459280	464057	opposite	4332	4800	4777	90.2500	60
FoCL57	JH651426.1	44953	33109	35005	NC_030999.1	1838362	465856	467753	same	1725	1902	1897	90.6940	60
FoCL57	JH651432.1	39416	27908	28405	NC_030999.1	1838362	479205	479699	same	470	497	494	94.5674	60
FoCL57	KK035905.1	5405	0	5070	NC_030999.1	1838362	551279	556349	opposite	5070	5070	5070	100.0000	1
FoCL57	KK036064.1	1474	30	1146	NC_030999.1	1838362	557308	558424	opposite	1028	1116	1116	92.1147	0
FoCL57	KK035940.1	3558	78	3075	NC_030999.1	1838362	612629	618442	opposite	2952	5813	5813	50.7827	58
FoCL57	KK036092.1	1336	1031	1336	NC_030999.1	1838362	614192	614497	same	303	305	305	99.3443	60
FoCL57	KK035932.1	3839	0	248	NC_030999.1	1838362	634258	634507	opposite	247	249	249	99.1968	59
FoCL57	KK035998.1	2026	5	1944	NC_030999.1	1838362	639520	641459	opposite	1930	1939	1939	99.5358	60
FoCL57	JH651433.1	36238	2679	3927	NC_030999.1	1838362	660960	662208	same	1211	1248	1248	97.0353	60
FoCL57	JH651433.1	36238	5024	6599	NC_030999.1	1838362	662943	664518	same	1538	1575	1575	97.6508	60
FoCL57	KK035863.1	17522	4029	4464	NC_030999.1	1838362	669820	670256	opposite	424	437	436	97.0252	60
FoCL57	KK035983.1	2238	1105	2238	NC_030999.1	1838362	701091	702224	opposite	1084	1133	1133	95.6752	60
FoCL57	KK035862.1	17569	11596	12116	NC_030999.1	1838362	749233	749753	opposite	494	520	520	95.0000	60
FoCL57	KK036085.1	1306	532	1306	NC_030999.1	1838362	772477	773249	opposite	719	777	772	92.5354	60
FoCL57	KK036069.1	1460	422	812	NC_030999.1	1838362	778611	779001	opposite	387	390	390	99.2308	26
FoCL57	KK036069.1	1460	159	424	NC_030999.1	1838362	781113	781378	opposite	259	265	265	97.7358	60
FoCL57	KK036062.1	1436	0	1436	NC_030999.1	1838362	784956	786388	same	1401	1436	1432	97.5627	59
FoCL57	JH651390.1	2759859	2740684	2741577	NC_030999.1	1838362	792097	792992	same	835	896	895	93.1920	51
FoCL57	JH651390.1	2759859	2743725	2744062	NC_030999.1	1838362	795146	795483	same	329	337	337	97.6261	53
FoCL57	JH651422.1	50541	38745	40613	NC_030999.1	1838362	833237	835106	opposite	1861	1869	1869	99.5720	60
FoCL57	JH651441.1	31881	17966	20365	NC_030999.1	1838362	839156	841612	opposite	2217	2458	2456	90.1953	60
FoCL57	JH651411.1	89040	30179	31093	NC_030999.1	1838362	839716	840631	same	851	915	915	93.0055	20
FoCL57	JH651463.1	16871	14600	16871	NC_030999.1	1838362	844741	847015	same	2120	2274	2274	93.2278	1
FoCL57	JH651419.1	52215	51967	52215	NC_030999.1	1838362	846445	846693	same	247	248	248	99.5968	0
FoCL57	JH651515.1	2557	29	1826	NC_030999.1	1838362	869617	871749	same	1642	2055	2132	79.9027	60
FoCL57	JH651515.1	2557	1682	2557	NC_030999.1	1838362	871605	872488	same	780	948	883	82.2785	60
FoCL57	JH651488.1	7300	0	679	NC_030999.1	1838362	878805	879484	same	646	679	679	95.1399	60
FoCL57	KK036058.1	1421	0	1421	NC_030999.1	1838362	879308	880728	opposite	1389	1421	1420	97.7481	60
FoCL57	JH651488.1	7300	1568	2640	NC_030999.1	1838362	880440	881512	same	990	1075	1072	92.0930	60
FoCL57	KK036118.1	1038	0	1038	NC_030999.1	1838362	881466	882503	same	1008	1038	1037	97.1098	60
FoCL57	KK036112.1	1135	0	1135	NC_030999.1	1838362	884067	885203	opposite	1108	1136	1136	97.5352	60
FoCL57	KK036027.1	1661	0	1656	NC_030999.1	1838362	886938	888592	opposite	1632	1656	1654	98.5507	60
FoCL57	KK036061.1	1481	0	1481	NC_030999.1	1838362	892430	893911	same	1474	1481	1481	99.5273	60
FoCL57	KK035961.1	2854	0	2854	NC_030999.1	1838362	893835	896704	opposite	2756	2874	2869	95.8942	60
FoCL57	KK036056.1	1497	0	1497	NC_030999.1	1838362	900481	901978	same	1488	1497	1497	99.3988	60
FoCL57	KK035926.1	4042	0	4042	NC_030999.1	1838362	905667	909671	opposite	3842	4062	4004	94.5839	60
FoCL57	KK036012.1	1802	0	1802	NC_030999.1	1838362	911331	913324	opposite	1742	1996	1993	87.2745	49
FoCL57	KK036114.1	1174	0	975	NC_030999.1	1838362	911448	912417	same	945	975	969	96.9231	60
FoCL57	JH651469.1	14995	12554	14950	NC_030999.1	1838362	918439	920836	opposite	2298	2397	2397	95.8698	60
FoCL57	JH651467.1	15113	10389	12601	NC_030999.1	1838362	919709	921922	opposite	2132	2215	2213	96.2528	60
FoCL57	KK036073.1	1441	201	1441	NC_030999.1	1838362	920676	921922	opposite	1205	1246	1246	96.7095	60
FoCL57	JH651469.1	14995	9574	10993	NC_030999.1	1838362	922087	923511	opposite	1341	1424	1424	94.1713	60
FoCL57	JH651469.1	14995	0	2296	NC_030999.1	1838362	931424	933768	opposite	2230	2355	2344	94.6921	60
FoCL57	JH651467.1	15113	10	1649	NC_030999.1	1838362	931995	933636	opposite	1528	1659	1641	92.1037	60
FoCL57	JH651410.1	90235	87509	89320	NC_030999.1	1838362	948115	949926	opposite	1674	1811	1811	92.4351	18
FoCL57	JH651390.1	2759859	2733740	2735790	NC_030999.1	1838362	1025821	1027876	same	1978	2055	2055	96.2530	1
FoCL57	JH651385.1	5064356	4949614	4951016	NC_030999.1	1838362	1069847	1071249	opposite	1328	1409	1402	94.2512	60
FoCL57	JH651443.1	27152	14176	14535	NC_030999.1	1838362	1140728	1141087	opposite	350	359	359	97.4930	60
FoCL57	JH651390.1	2759859	2686480	2686879	NC_030999.1	1838362	1140728	1141127	opposite	395	400	399	98.7500	0
FoCL57	JH651456.1	17309	11248	12284	NC_030999.1	1838362	1140728	1142937	opposite	926	2109	2209	43.9071	60
FoCL57	JH651448.1	24904	7750	9650	NC_030999.1	1838362	1140746	1142741	same	1768	1997	1995	88.5328	27
FoCL57	KK035854.1	27712	26489	27712	NC_030999.1	1838362	1148545	1149768	same	1208	1223	1223	98.7735	60
FoCL57	JH651406.1	152588	35664	36658	NC_030999.1	1838362	1200330	1201321	same	922	994	991	92.7565	19
FoCL57	JH651417.1	57168	20356	20865	NC_030999.1	1838362	1208246	1208755	same	501	509	509	98.4283	0
FoCL57	JH651406.1	152588	33842	35390	NC_030999.1	1838362	1293419	1294969	same	1455	1551	1550	93.8104	60
FoCL57	JH651480.1	9120	5330	6703	NC_030999.1	1838362	1293592	1294969	opposite	1290	1377	1377	93.6819	60
FoCL57	JH651404.1	282688	186190	186657	NC_030999.1	1838362	1345642	1346107	same	450	469	465	95.9488	60
FoCL57	KK035866.1	14714	3169	3810	NC_030999.1	1838362	1378814	1379457	opposite	607	643	643	94.4012	0
FoCL57	JH651471.1	14292	0	288	NC_030999.1	1838362	1400490	1400778	same	287	288	288	99.6528	0
FoCL57	JH651491.1	7119	3441	7119	NC_030999.1	1838362	1478644	1482313	opposite	3653	3678	3669	99.3203	0
FoCL57	KK035903.1	5623	1770	2391	NC_030999.1	1838362	1540534	1541155	opposite	601	621	621	96.7794	60
FoCL57	KK035932.1	3839	3083	3839	NC_030999.1	1838362	1553427	1554183	same	731	758	756	96.4380	28
FoCL57	JH651468.1	13910	10910	13529	NC_030999.1	1838362	1554604	1557223	opposite	2556	2619	2619	97.5945	53
FoCL57	JH651443.1	27152	11517	12134	NC_030999.1	1838362	1565202	1565819	opposite	583	617	617	94.4895	36
FoCL57	KK035867.1	14313	10391	10794	NC_030999.1	1838362	1577357	1577760	same	399	403	403	99.0074	60
FoCL57	JH651420.1	52559	48010	49029	NC_030999.1	1838362	1577635	1578658	same	943	1023	1023	92.1799	60
FoCL57	JH651404.1	282688	37407	38706	NC_030999.1	1838362	1632469	1633764	opposite	1270	1299	1295	97.7675	60
FoCL57	JH651404.1	282688	33987	36119	NC_030999.1	1838362	1634727	1637024	opposite	2050	2301	2297	89.0917	60
FoCL57	JH651404.1	282688	63148	64798	NC_030999.1	1838362	1676264	1677863	same	1530	1650	1599	92.7273	60
FoCL57	KK035851.1	48835	3030	3983	NC_030999.1	1838362	1695413	1696366	same	905	958	953	94.4676	60
FoCL57	JH651416.1	58138	14523	15074	NC_030999.1	1838362	1699517	1700068	same	521	551	551	94.5554	19
FoCL57	JH651419.1	52215	46127	48425	NC_030999.1	1838362	1699517	1701814	opposite	2186	2298	2297	95.1262	60
FoCL57	KK035888.1	7283	681	1497	NC_030999.1	1838362	1699519	1700335	opposite	803	816	816	98.4069	60
FoCL57	KK035864.1	16437	15251	16437	NC_030999.1	1838362	1699833	1701019	opposite	1165	1186	1186	98.2293	58
FoCL57	JH651440.1	30340	25319	29239	NC_030999.1	1838362	1758611	1762556	same	3742	3972	3945	94.2095	60
FoCL57	JH651420.1	52559	39866	41167	NC_030999.1	1838362	1762752	1764056	opposite	1228	1304	1304	94.1718	1
FoCL57	JH651406.1	152588	101989	105850	NC_030999.1	1838362	1766890	1770748	same	3825	3861	3858	99.0676	60
FoCL57	KK035956.1	2941	1549	2715	NC_031000.1	2434640	3514	4680	same	1085	1166	1166	93.0532	0
FoCL57	KK035849.1	61333	33713	34952	NC_031000.1	2434640	13127	14294	opposite	1102	1246	1167	88.4430	60
FoCL57	JH651405.1	250012	19000	20271	NC_031000.1	2434640	100759	102003	same	1186	1272	1244	93.2390	0
FoCL57	JH651438.1	32620	6783	7251	NC_031000.1	2434640	191398	191865	opposite	459	468	467	98.0769	0
FoCL57	JH651411.1	89040	14509	15181	NC_031000.1	2434640	208959	209631	same	661	673	672	98.2169	0
FoCL57	KK035940.1	3558	3072	3558	NC_031000.1	2434640	218423	218909	opposite	483	486	486	99.3827	0
FoCL57	KK035949.1	3183	2109	3183	NC_031000.1	2434640	231278	232352	opposite	1010	1074	1074	94.0410	0
FoCL57	JH651421.1	50000	43281	46206	NC_031000.1	2434640	240290	243217	same	2884	2928	2927	98.4973	0
FoCL57	JH651438.1	32620	192	1026	NC_031000.1	2434640	242382	243216	same	823	834	834	98.6811	0
FoCL57	KK035864.1	16437	12656	13628	NC_031000.1	2434640	252894	253866	same	894	972	972	91.9753	0
FoCL57	JH651385.1	5064356	4996076	4998026	NC_031000.1	2434640	281145	283093	same	1832	1951	1948	93.9006	60
FoCL57	JH651430.1	40904	2442	3015	NC_031000.1	2434640	362599	363171	opposite	560	573	572	97.7312	0
FoCL57	JH651404.1	282688	237626	241537	NC_031000.1	2434640	367012	371252	opposite	3679	4142	4240	88.8218	0
FoCL57	KK035858.1	22213	392	2253	NC_031000.1	2434640	374582	376444	opposite	1849	1862	1862	99.3018	0
FoCL57	JH651409.1	91740	44180	49151	NC_031000.1	2434640	457501	462531	same	4808	5044	5030	95.3212	0
FoCL57	JH651427.1	45697	20010	21856	NC_031000.1	2434640	464155	466001	same	1690	1846	1846	91.5493	0
FoCL57	JH651425.1	44689	30644	32173	NC_031000.1	2434640	546206	547903	same	1342	1685	1697	79.6439	0
FoCL57	JH651404.1	282688	262057	263009	NC_031000.1	2434640	584101	585049	opposite	903	952	948	94.8529	0
FoCL57	JH651465.1	15173	0	1854	NC_031000.1	2434640	605519	607326	opposite	1683	1856	1807	90.6789	0
FoCL57	KK035964.1	2834	1760	2834	NC_031000.1	2434640	606417	607491	opposite	1010	1074	1074	94.0410	0
FoCL57	KK035881.1	10428	7319	7693	NC_031000.1	2434640	615433	615807	same	370	374	374	98.9305	0
FoCL57	JH651390.1	2759859	2656416	2660605	NC_031000.1	2434640	629834	633773	same	3857	4205	3939	91.7241	16
FoCL57	JH651421.1	50000	122	1852	NC_031000.1	2434640	644329	646047	same	1624	1732	1718	93.7644	0
FoCL57	JH651438.1	32620	32064	32595	NC_031000.1	2434640	645277	645789	opposite	499	531	512	93.9736	0
FoCL57	JH651417.1	57168	15978	17234	NC_031000.1	2434640	694968	696225	opposite	1227	1257	1257	97.6134	0
FoCL57	JH651427.1	45697	10001	10797	NC_031000.1	2434640	696040	696836	same	780	796	796	97.9899	0
FoCL57	KK035930.1	3824	68	3814	NC_031000.1	2434640	744684	748578	same	3568	3899	3894	91.5106	7
FoCL57	JH651404.1	282688	109804	110553	NC_031000.1	2434640	780080	780848	same	695	774	768	89.7933	17
FoCL57	KK035849.1	61333	433	1937	NC_031000.1	2434640	804968	806439	opposite	1373	1504	1471	91.2899	0
FoCL57	JH651441.1	31881	12209	12678	NC_031000.1	2434640	819998	820467	same	453	469	469	96.5885	0
FoCL57	JH651428.1	44983	6591	8397	NC_031000.1	2434640	834395	836135	opposite	1675	1806	1740	92.7464	20
FoCL57	JH651406.1	152588	82467	84240	NC_031000.1	2434640	834425	836132	same	1629	1774	1707	91.8264	1
FoCL57	JH651502.1	4477	200	1642	NC_031000.1	2434640	842043	843483	opposite	1390	1445	1440	96.1938	0
FoCL57	KK035901.1	5693	475	2668	NC_031000.1	2434640	853307	855458	opposite	2022	2193	2151	92.2025	0
FoCL57	KK036038.1	1620	1150	1620	NC_031000.1	2434640	890074	890542	opposite	451	470	468	95.9574	0
FoCL57	JH651447.1	25838	15437	16019	NC_031000.1	2434640	897454	898044	opposite	543	594	590	91.4141	0
FoCL57	KK035862.1	17569	2287	6292	NC_031000.1	2434640	901751	905786	opposite	3768	4038	4035	93.3135	33
FoCL57	JH651438.1	32620	9647	13217	NC_031000.1	2434640	902207	905785	opposite	3353	3579	3578	93.6854	27
FoCL57	JH651390.1	2759859	2636196	2638223	NC_031000.1	2434640	939773	941805	opposite	1905	2033	2032	93.7039	60
FoCL57	JH651390.1	2759859	2607453	2631077	NC_031000.1	2434640	943023	968751	opposite	23351	25582	25728	91.2790	60
FoCL57	JH651406.1	152588	29049	29491	NC_031000.1	2434640	947767	948209	opposite	427	444	442	96.1712	1
FoCL57	JH651390.1	2759859	2585184	2591398	NC_031000.1	2434640	981282	987508	opposite	6177	6226	6226	99.2130	60
FoCL57	JH651465.1	15173	11670	13973	NC_031000.1	2434640	1046271	1048615	same	2231	2344	2344	95.1792	60
FoCL57	KK035943.1	3432	983	3236	NC_031000.1	2434640	1046304	1048598	opposite	2095	2294	2294	91.3252	60
FoCL57	JH651390.1	2759859	2523372	2542349	NC_031000.1	2434640	1069277	1088091	opposite	18550	18995	18814	97.6573	60
FoCL57	KK035863.1	17522	3590	3909	NC_031000.1	2434640	1166751	1167070	same	311	319	319	97.4922	0
FoCL57	JH651425.1	44689	16212	18059	NC_031000.1	2434640	1167164	1169015	same	1685	1887	1851	89.2952	12
FoCL57	JH651421.1	50000	2587	3466	NC_031000.1	2434640	1219342	1220221	same	865	879	879	98.4073	0
FoCL57	JH651474.1	11445	896	3517	NC_031000.1	2434640	1233373	1235993	opposite	2470	2621	2620	94.2388	23
FoCL57	KK035849.1	61333	0	411	NC_031000.1	2434640	1267202	1267613	opposite	410	411	411	99.7567	0
FoCL57	KK036053.1	1457	0	1426	NC_031000.1	2434640	1362578	1364004	opposite	1399	1426	1426	98.1066	0
FoCL57	JH651417.1	57168	35984	45391	NC_031000.1	2434640	1364508	1373700	same	8971	9483	9192	94.6009	6
FoCL57	JH651406.1	152588	132532	133601	NC_031000.1	2434640	1390231	1391301	opposite	1049	1070	1070	98.0374	0
FoCL57	JH651390.1	2759859	2672313	2673030	NC_031000.1	2434640	1405506	1406223	same	696	717	717	97.0711	60
FoCL57	JH651451.1	22534	0	238	NC_031000.1	2434640	1415244	1415482	same	235	238	238	98.7395	0
FoCL57	JH651491.1	7119	1858	2230	NC_031000.1	2434640	1439771	1440143	same	365	372	372	98.1183	0
FoCL57	KK035878.1	11077	972	1413	NC_031000.1	2434640	1488644	1489085	same	433	441	441	98.1859	0
FoCL57	KK035860.1	20798	0	490	NC_031000.1	2434640	1500431	1500921	opposite	480	490	490	97.9592	0
FoCL57	KK036104.1	1242	0	1242	NC_031000.1	2434640	1580267	1581508	opposite	1234	1242	1241	99.3559	60
FoCL57	KK036035.1	1632	0	1587	NC_031000.1	2434640	1623695	1625282	same	1581	1587	1587	99.6219	19
FoCL57	KK036067.1	1470	0	1470	NC_031000.1	2434640	1626753	1628219	opposite	1453	1470	1466	98.8435	0
FoCL57	JH651446.1	26737	3178	3859	NC_031000.1	2434640	1647903	1648584	opposite	672	681	681	98.6784	0
FoCL57	JH651408.1	106902	54703	57433	NC_031000.1	2434640	1691566	1694203	same	2532	2763	2637	91.6395	11
FoCL57	KK035915.1	4706	546	4706	NC_031000.1	2434640	1696598	1700985	opposite	3819	4443	4387	85.9554	0
FoCL57	KK035914.1	4724	215	4674	NC_031000.1	2434640	1696775	1701224	opposite	4215	4479	4449	94.1058	0
FoCL57	KK035894.1	6486	0	2468	NC_031000.1	2434640	1700072	1702548	opposite	2366	2478	2476	95.4802	46
FoCL57	JH651428.1	44983	41793	44983	NC_031000.1	2434640	1707209	1710462	opposite	2911	3099	3253	93.9335	60
FoCL57	JH651461.1	15834	0	1469	NC_031000.1	2434640	1708230	1709702	same	1356	1472	1472	92.1196	60
FoCL57	JH651428.1	44983	39544	41569	NC_031000.1	2434640	1710687	1712724	opposite	1875	2039	2037	91.9568	55
FoCL57	JH651461.1	15834	4049	5379	NC_031000.1	2434640	1711384	1712724	same	1227	1342	1340	91.4307	59
FoCL57	JH651461.1	15834	5522	7570	NC_031000.1	2434640	1712874	1714911	same	1905	2066	2037	92.2072	60
FoCL57	JH651428.1	44983	32499	38779	NC_031000.1	2434640	1713469	1719496	opposite	5555	6244	6027	88.9654	60
FoCL57	JH651429.1	42699	35497	42699	NC_031000.1	2434640	1714029	1721747	opposite	6855	7645	7718	89.6664	60
FoCL57	JH651422.1	50541	10097	10555	NC_031000.1	2434640	1716250	1716709	same	434	459	459	94.5534	17
FoCL57	JH651422.1	50541	10787	11886	NC_031000.1	2434640	1716941	1719757	same	1052	2819	2816	37.3182	8
FoCL57	JH651436.1	34711	5367	7269	NC_031000.1	2434640	1718863	1720765	same	1825	1902	1902	95.9516	60
FoCL57	JH651461.1	15834	11660	14244	NC_031000.1	2434640	1718880	1721454	same	2432	2585	2574	94.0812	60
FoCL57	JH651428.1	44983	30519	31803	NC_031000.1	2434640	1720351	1721632	opposite	1233	1284	1281	96.0280	59
FoCL57	JH651406.1	152588	54335	55581	NC_031000.1	2434640	1732098	1733343	opposite	1152	1247	1245	92.3817	60
FoCL57	JH651406.1	152588	45008	53517	NC_031000.1	2434640	1733903	1744544	opposite	8012	10616	10641	75.4710	60
FoCL57	JH651436.1	34711	34075	34478	NC_031000.1	2434640	1761641	1762047	same	384	410	406	93.6585	60
FoCL57	JH651428.1	44983	6212	6485	NC_031000.1	2434640	1761757	1762030	opposite	267	273	273	97.8022	60
FoCL57	JH651484.1	7798	3937	7798	NC_031000.1	2434640	1771550	1774889	same	3080	3908	3339	78.8127	60
FoCL57	KK036089.1	1286	20	826	NC_031000.1	2434640	1773456	1774262	opposite	776	807	806	96.1586	32
FoCL57	KK035909.1	4833	0	4055	NC_031000.1	2434640	1779106	1783280	same	3795	4038	4174	93.9822	60
FoCL57	JH651417.1	57168	49273	51140	NC_031000.1	2434640	1915544	1917410	opposite	1795	1870	1866	95.9893	60
FoCL57	JH651420.1	52559	30611	31585	NC_031000.1	2434640	1926911	1927885	same	919	974	974	94.3532	60
FoCL57	JH651420.1	52559	42578	43578	NC_031000.1	2434640	1929062	1930061	opposite	992	1000	999	99.2000	60
FoCL57	KK035866.1	14714	11130	11948	NC_031000.1	2434640	1929243	1930060	same	798	818	817	97.5550	60
FoCL57	JH651390.1	2759859	2469462	2475455	NC_031000.1	2434640	2008778	2015123	opposite	5610	6413	6345	87.4786	60
FoCL57	JH651487.1	9811	27	699	NC_031000.1	2434640	2030131	2030805	opposite	631	674	674	93.6202	60
FoCL57	JH651404.1	282688	245946	248006	NC_031000.1	2434640	2064644	2066704	opposite	1983	2068	2060	95.8897	60
FoCL57	KK035906.1	5500	4449	5303	NC_031000.1	2434640	2078766	2079620	opposite	846	854	854	99.0632	60
FoCL57	KK035873.1	12431	0	1367	NC_031000.1	2434640	2087300	2088667	opposite	1349	1367	1367	98.6832	60
FoCL57	KK036083.1	1376	431	1376	NC_031000.1	2434640	2088602	2089547	opposite	940	945	945	99.4709	60
FoCL57	JH651417.1	57168	238	2197	NC_031000.1	2434640	2099825	2101753	same	1765	1963	1928	89.9134	60
FoCL57	KK036041.1	1594	0	514	NC_031000.1	2434640	2107877	2108392	opposite	495	515	515	96.1165	60
FoCL57	JH651409.1	91740	52755	54784	NC_031000.1	2434640	2108174	2110208	same	1935	2036	2034	95.0393	60
FoCL57	KK035927.1	4042	8	4042	NC_031000.1	2434640	2110162	2114196	opposite	3960	4037	4034	98.0926	60
FoCL57	KK036002.1	2001	0	2001	NC_031000.1	2434640	2114208	2116209	opposite	1949	2001	2001	97.4013	60
FoCL57	JH651390.1	2759859	2662326	2663738	NC_031000.1	2434640	2126558	2127971	opposite	1400	1414	1413	99.0099	60
FoCL57	JH651444.1	25046	24636	25046	NC_031000.1	2434640	2163796	2164204	same	403	410	408	98.2927	60
FoCL57	KK035867.1	14313	6926	7531	NC_031000.1	2434640	2163796	2164399	same	592	605	603	97.8512	60
FoCL57	JH651406.1	152588	69722	70849	NC_031000.1	2434640	2163796	2164921	same	1087	1127	1125	96.4508	56
FoCL57	JH651420.1	52559	7	537	NC_031000.1	2434640	2166557	2167081	same	512	531	524	96.4218	50
FoCL57	KK035877.1	11365	0	441	NC_031000.1	2434640	2166639	2167081	same	435	442	442	98.4163	60
FoCL57	JH651404.1	282688	209528	210621	NC_031000.1	2434640	2180821	2181914	same	1040	1093	1093	95.1510	43
FoCL57	KK035844.1	206411	200308	202542	NC_031000.1	2434640	2195064	2197312	same	2037	2250	2248	90.5333	60
FoCL57	JH651387.1	4395809	4394211	4395335	NC_031000.1	2434640	2198841	2199930	same	1022	1127	1089	90.6832	60
FoCL57	KK036006.1	1869	133	1257	NC_031000.1	2434640	2198841	2199930	opposite	1025	1126	1089	91.0302	60
FoCL57	JH651489.1	7391	2892	5352	NC_031000.1	2434640	2202147	2204582	same	2237	2460	2435	90.9350	60
FoCL57	KK035922.1	4215	593	1877	NC_031000.1	2434640	2204798	2206088	same	1227	1291	1290	95.0426	60
FoCL57	JH651489.1	7391	5702	7363	NC_031000.1	2434640	2204798	2206467	same	1568	1669	1669	93.9485	60
FoCL57	KK035948.1	3256	58	2028	NC_031000.1	2434640	2204805	2206770	opposite	1811	1976	1965	91.6498	60
FoCL57	KK035880.1	10511	0	9916	NC_031000.1	2434640	2208825	2218792	opposite	9712	9981	9967	97.3049	60
FoCL57	KK035850.1	56936	47663	55973	NC_031000.1	2434640	2231024	2239304	opposite	7703	8333	8280	92.4397	60
FoCL57	KK036084.1	1369	1	1356	NC_031000.1	2434640	2241214	2242559	opposite	1322	1355	1345	97.5646	60
FoCL57	KK036113.1	1190	2	1189	NC_031000.1	2434640	2243037	2244223	same	1172	1187	1186	98.7363	60
FoCL57	KK035850.1	56936	41758	43612	NC_031000.1	2434640	2243895	2245747	opposite	1717	1854	1852	92.6106	60
FoCL57	KK035850.1	56936	37405	40558	NC_031000.1	2434640	2246860	2250016	opposite	2925	3157	3156	92.6513	60
FoCL57	KK035865.1	15131	7032	8074	NC_031000.1	2434640	2283356	2284398	same	1015	1042	1042	97.4088	60
FoCL57	KK035920.1	4505	1360	3660	NC_031000.1	2434640	2296057	2298357	opposite	2257	2300	2300	98.1304	60
FoCL57	KK035920.1	4505	589	1271	NC_031000.1	2434640	2298467	2299149	opposite	675	682	682	98.9736	60
FoCL57	JH651420.1	52559	39262	39853	NC_031000.1	2434640	2301137	2301728	same	571	591	591	96.6159	8
FoCL57	JH651390.1	2759859	2676034	2676613	NC_031000.1	2434640	2301150	2301729	same	550	579	579	94.9914	9
FoCL57	KK036077.1	1411	0	1411	NC_031000.1	2434640	2401238	2402649	opposite	1408	1411	1411	99.7874	0
