query_genome	query_id	query_length_bp	query_start_0based	query_end_0based	ref_id	ref_length_bp	ref_start_0based	ref_end_0based	orientation	matching_bases	alignment_block_length_bp	ref_span_bp	percent_identity	mapping_quality
FolD11	CM012187.1	6551299	127190	139564	NC_030986.1	6854980	0	12470	same	12321	12324	12470	99.9757	60
FolD11	CM012187.1	6551299	157848	287253	NC_030986.1	6854980	33880	164751	same	129293	130688	130871	98.9326	60
FolD11	CM012187.1	6551299	287329	332927	NC_030986.1	6854980	164854	210444	same	45578	45605	45590	99.9408	60
FolD11	CM012187.1	6551299	333013	362534	NC_030986.1	6854980	210537	240725	same	29521	30188	30188	97.7905	60
FolD11	CM012187.1	6551299	364782	396276	NC_030986.1	6854980	243297	274794	same	31486	31500	31497	99.9556	60
FolD11	CM012187.1	6551299	396492	492427	NC_030986.1	6854980	275031	365576	same	90537	95942	90545	94.3664	60
FolD11	CM012187.1	6551299	492485	565666	NC_030986.1	6854980	365644	438830	same	73180	73186	73186	99.9918	60
FolD11	CM012187.1	6551299	565792	666626	NC_030986.1	6854980	438969	539794	same	100815	100843	100825	99.9722	60
FolD11	CM012187.1	6551299	666756	704768	NC_030986.1	6854980	539940	577955	same	38010	38016	38015	99.9842	60
FolD11	CM012187.1	6551299	704959	764400	NC_030986.1	6854980	578147	637593	same	59438	59447	59446	99.9849	60
FolD11	CM012187.1	6551299	765685	767312	NC_030986.1	6854980	638789	640417	same	1627	1628	1628	99.9386	60
FolD11	CM012187.1	6551299	767488	769139	NC_030986.1	6854980	640736	642387	same	1649	1651	1651	99.8789	60
FolD11	CM012187.1	6551299	769545	817908	NC_030986.1	6854980	643087	691454	same	48363	48367	48367	99.9917	60
FolD11	CM012187.1	6551299	818016	863859	NC_030986.1	6854980	691580	737427	same	45842	45848	45847	99.9869	60
FolD11	CM012187.1	6551299	864501	974082	NC_030986.1	6854980	738266	847960	same	109368	109454	109694	99.9214	60
FolD11	CM012187.1	6551299	974243	981906	NC_030986.1	6854980	848104	855767	same	7663	7663	7663	100.0000	60
FolD11	CM012187.1	6551299	982449	1063505	NC_030986.1	6854980	856349	937471	same	81001	81026	81122	99.9691	60
FolD11	CM012187.1	6551299	1064071	1069460	NC_030986.1	6854980	937970	943361	same	5370	5392	5391	99.5920	60
FolD11	CM012187.1	6551299	1069519	1099801	NC_030986.1	6854980	943433	973717	same	30282	30284	30284	99.9934	60
FolD11	CM012187.1	6551299	1099949	1151898	NC_030986.1	6854980	973871	1025821	same	51948	51950	51950	99.9962	60
FolD11	CM012187.1	6551299	1152120	1188673	NC_030986.1	6854980	1026045	1062598	same	36553	36553	36553	100.0000	60
FolD11	CM012187.1	6551299	1188781	1250023	NC_030986.1	6854980	1062723	1123966	same	61235	61245	61243	99.9837	60
FolD11	CM012187.1	6551299	1253392	1264191	NC_030986.1	6854980	1127152	1137952	same	10799	10800	10800	99.9907	60
FolD11	CM012187.1	6551299	1264341	1369539	NC_030986.1	6854980	1138113	1243454	same	105178	105202	105341	99.9772	60
FolD11	CM012187.1	6551299	1370481	1448067	NC_030986.1	6854980	1244348	1322616	same	77576	78269	78268	99.1146	60
FolD11	CM012187.1	6551299	1448227	1525688	NC_030986.1	6854980	1322784	1400314	same	77329	77343	77530	99.9819	60
FolD11	CM012187.1	6551299	1526265	1692605	NC_030986.1	6854980	1401054	1565615	same	164381	166287	164561	98.8538	60
FolD11	CM012187.1	6551299	1693003	1701907	NC_030986.1	6854980	1566074	1574979	same	8903	8905	8905	99.9775	60
FolD11	CM012187.1	6551299	1702065	1731389	NC_030986.1	6854980	1575149	1603705	same	28552	29327	28556	97.3574	60
FolD11	CM012187.1	6551299	1782582	1786370	NC_030986.1	6854980	1604705	1608496	same	3787	3792	3791	99.8681	60
FolD11	CM012187.1	6551299	1787992	1889739	NC_030986.1	6854980	1610354	1711439	same	101050	101765	101085	99.2974	60
FolD11	CM012187.1	6551299	1889845	1911860	NC_030986.1	6854980	1711541	1733541	same	21989	22019	22000	99.8638	60
FolD11	CM012187.1	6551299	1912334	1933449	NC_030986.1	6854980	1734176	1755293	same	21113	21118	21117	99.9763	60
FolD11	CM012187.1	6551299	1933562	2016868	NC_030986.1	6854980	1755401	1838835	same	83153	83186	83434	99.9603	60
FolD11	CM012187.1	6551299	2017478	2043500	NC_030986.1	6854980	1839452	1866150	same	26005	26700	26698	97.3970	60
FolD11	CM012194.1	3452555	58414	59056	NC_030986.1	6854980	1859162	1859805	opposite	642	643	643	99.8445	1
FolD11	CM012187.1	6551299	2045048	2056276	NC_030986.1	6854980	1867885	1879114	same	11228	11229	11229	99.9911	60
FolD11	CM012187.1	6551299	2056782	2087596	NC_030986.1	6854980	1879754	1910582	same	30807	30829	30828	99.9286	60
FolD11	CM012187.1	6551299	2088044	2137892	NC_030986.1	6854980	1911218	1960778	same	49082	49782	49560	98.5939	60
FolD11	CM012187.1	6551299	2138418	2165190	NC_030986.1	6854980	1961368	1988142	same	26771	26775	26774	99.9851	60
FolD11	CM012187.1	6551299	2165560	2212741	NC_030986.1	6854980	1988594	2035931	same	47088	47128	47337	99.9151	60
FolD11	CM012187.1	6551299	2213283	2216591	NC_030986.1	6854980	2036756	2040066	same	3307	3310	3310	99.9094	60
FolD11	CM012187.1	6551299	2217169	2230314	NC_030986.1	6854980	2040554	2053708	same	13120	13156	13154	99.7264	60
FolD11	CM012187.1	6551299	2231178	2264263	NC_030986.1	6854980	2054359	2087447	same	33081	33091	33088	99.9698	60
FolD11	CM012187.1	6551299	2264913	2427743	NC_030986.1	6854980	2087927	2250772	same	162807	162860	162845	99.9675	60
FolD11	CM012187.1	6551299	2428144	2485492	NC_030986.1	6854980	2251302	2308623	same	57209	57252	57321	99.9249	60
FolD11	CM012187.1	6551299	2485605	2554952	NC_030986.1	6854980	2308742	2377965	same	69205	69360	69223	99.7765	60
FolD11	CM012187.1	6551299	2555046	2737601	NC_030986.1	6854980	2378057	2560625	same	182550	182570	182568	99.9890	60
FolD11	CM012187.1	6551299	2737913	2793048	NC_030986.1	6854980	2561055	2616198	same	55090	55150	55143	99.8912	60
FolD11	CM012187.1	6551299	2793129	2809359	NC_030986.1	6854980	2616280	2632513	same	16230	16233	16233	99.9815	60
FolD11	CM012187.1	6551299	2810605	2839432	NC_030986.1	6854980	2634085	2662913	same	28827	28828	28828	99.9965	60
FolD11	CM012187.1	6551299	2839658	2854496	NC_030986.1	6854980	2663281	2678123	same	14837	14842	14842	99.9663	60
FolD11	CM012187.1	6551299	2854859	2880559	NC_030986.1	6854980	2678480	2704155	same	25675	25700	25675	99.9027	60
FolD11	CM012187.1	6551299	2880717	2970813	NC_030986.1	6854980	2704314	2794413	same	90094	90101	90099	99.9922	60
FolD11	CM012187.1	6551299	2970905	3076134	NC_030986.1	6854980	2794507	2899757	same	105228	105250	105250	99.9791	60
FolD11	CM012187.1	6551299	3076627	3086057	NC_030986.1	6854980	2900219	2909649	same	9426	9432	9430	99.9364	60
FolD11	CM012187.1	6551299	3086399	3126271	NC_030986.1	6854980	2910153	2950021	same	39846	39880	39868	99.9147	60
FolD11	CM012187.1	6551299	3126391	3151984	NC_030986.1	6854980	2950137	2975731	same	25580	25602	25594	99.9141	60
FolD11	CM012187.1	6551299	3152765	3449699	NC_030986.1	6854980	2977184	3274241	same	296767	296834	297057	99.9774	60
FolD11	CM012187.1	6551299	3449938	3454539	NC_030986.1	6854980	3274486	3279088	same	4601	4602	4602	99.9783	60
FolD11	CM012187.1	6551299	3454987	3516357	NC_030986.1	6854980	3279507	3341020	same	61296	61327	61513	99.9495	60
FolD11	CM012187.1	6551299	3517229	3559995	NC_030986.1	6854980	3341778	3384547	same	42763	42769	42769	99.9860	60
FolD11	CM012187.1	6551299	3560181	3686947	NC_030986.1	6854980	3384726	3511518	same	126742	126811	126792	99.9456	60
FolD11	CM012187.1	6551299	3687432	3801161	NC_030986.1	6854980	3511844	3625585	same	113726	113742	113741	99.9859	60
FolD11	CM012187.1	6551299	3801292	3802601	NC_030986.1	6854980	3625718	3627027	same	1309	1309	1309	100.0000	60
FolD11	CM012187.1	6551299	3802886	3806361	NC_030986.1	6854980	3627338	3630814	same	3475	3476	3476	99.9712	60
FolD11	CM012187.1	6551299	3806492	3807877	NC_030986.1	6854980	3631042	3632427	same	1381	1387	1385	99.5674	60
FolD11	CM012187.1	6551299	3808125	3889961	NC_030986.1	6854980	3632639	3714483	same	81834	81845	81844	99.9866	60
FolD11	CM012187.1	6551299	3891373	3925005	NC_030986.1	6854980	3715878	3749639	same	33630	33761	33761	99.6120	60
FolD11	CM012187.1	6551299	3925121	4001079	NC_030986.1	6854980	3749762	3825769	same	75891	75907	76007	99.9789	60
FolD11	CM012187.1	6551299	4001435	4078935	NC_030986.1	6854980	3826146	3903657	same	77494	77511	77511	99.9781	60
FolD11	CM012187.1	6551299	4079729	4101421	NC_030986.1	6854980	3905362	3927150	same	21633	21662	21788	99.8661	60
FolD11	CM012187.1	6551299	4101685	4126483	NC_030986.1	6854980	3927500	3952299	same	24797	24800	24799	99.9879	60
FolD11	CM012187.1	6551299	4126574	4205456	NC_030986.1	6854980	3952389	4031489	same	78656	78727	79100	99.9098	60
FolD11	CM012187.1	6551299	4206089	4212025	NC_030986.1	6854980	4032197	4038134	same	5935	5937	5937	99.9663	60
FolD11	CM012187.1	6551299	4212281	4217650	NC_030986.1	6854980	4038496	4043866	same	5369	5370	5370	99.9814	60
FolD11	CM012187.1	6551299	4217738	4449358	NC_030986.1	6854980	4043960	4276331	same	231490	232327	232371	99.6397	60
FolD11	CM012187.1	6551299	4449860	4455042	NC_030986.1	6854980	4276883	4282065	same	5178	5182	5182	99.9228	60
FolD11	CM012187.1	6551299	4455303	4467326	NC_030986.1	6854980	4282857	4294882	same	12022	12025	12025	99.9751	60
FolD11	CM012187.1	6551299	4468304	4516168	NC_030986.1	6854980	4295892	4343292	same	47114	47828	47400	98.5072	60
FolD11	CM012187.1	6551299	4516433	4626836	NC_030986.1	6854980	4343647	4454123	same	110352	110376	110476	99.9783	60
FolD11	CM012187.1	6551299	4627107	4658042	NC_030986.1	6854980	4454401	4485570	same	30756	30864	31169	99.6501	60
FolD11	CM012187.1	6551299	4658516	4659992	NC_030986.1	6854980	4487523	4489001	same	1474	1478	1478	99.7294	60
FolD11	CM012187.1	6551299	4662349	4695555	NC_030986.1	6854980	4491869	4524813	same	32837	33109	32944	99.1785	60
FolD11	CM012187.1	6551299	4695717	4751077	NC_030986.1	6854980	4524976	4580341	same	55360	55365	55365	99.9910	60
FolD11	CM012187.1	6551299	4751268	4869055	NC_030986.1	6854980	4580548	4697682	same	117112	117805	117134	99.4117	60
FolD11	CM012187.1	6551299	4869119	4984080	NC_030986.1	6854980	4697755	4812752	same	114878	114900	114997	99.9809	60
FolD11	CM012187.1	6551299	4984230	5097829	NC_030986.1	6854980	4812901	4927293	same	113473	114173	114392	99.3869	60
FolD11	CM012187.1	6551299	6264403	6265059	NC_030986.1	6854980	4814387	4815043	same	656	656	656	100.0000	1
FolD11	CM012187.1	6551299	5098054	5119089	NC_030986.1	6854980	4927847	4948985	same	20915	21040	21138	99.4059	60
FolD11	CM012187.1	6551299	5119457	5122432	NC_030986.1	6854980	4949451	4952425	same	2974	2975	2974	99.9664	60
FolD11	CM012187.1	6551299	5122693	5125269	NC_030986.1	6854980	4952818	4955393	same	2575	2576	2575	99.9612	60
FolD11	CM012187.1	6551299	5125926	5147365	NC_030986.1	6854980	4955991	4977355	same	21236	21320	21364	99.6060	60
FolD11	CM012187.1	6551299	5147462	5294491	NC_030986.1	6854980	4977456	5124491	same	147017	147037	147035	99.9864	60
FolD11	CM012187.1	6551299	5295623	5328290	NC_030986.1	6854980	5125635	5158303	same	32664	32669	32668	99.9847	60
FolD11	CM012187.1	6551299	5328480	5462229	NC_030986.1	6854980	5158564	5292335	same	133628	133683	133771	99.9589	60
FolD11	CM012187.1	6551299	5462333	5516593	NC_030986.1	6854980	5292448	5346658	same	54064	54139	54210	99.8615	60
FolD11	CM012187.1	6551299	5517083	5582394	NC_030986.1	6854980	5347194	5412580	same	65039	65094	65386	99.9155	60
FolD11	CM012187.1	6551299	5582506	5704468	NC_030986.1	6854980	5412704	5534061	same	121018	121753	121357	99.3963	60
FolD11	CM012187.1	6551299	5704703	5722972	NC_030986.1	6854980	5534378	5552646	same	18268	18269	18268	99.9945	60
FolD11	CM012187.1	6551299	5723400	5723953	NC_030986.1	6854980	5553107	5553660	same	553	553	553	100.0000	60
FolD11	CM012187.1	6551299	5724010	5805279	NC_030986.1	6854980	5553717	5634997	same	81262	81281	81280	99.9766	60
FolD11	CM012187.1	6551299	5807079	5812110	NC_030986.1	6854980	5637912	5642945	same	5027	5034	5033	99.8609	60
FolD11	CM012187.1	6551299	5812359	5819421	NC_030986.1	6854980	5643252	5650316	same	7062	7064	7064	99.9717	60
FolD11	CM012187.1	6551299	5819663	5929099	NC_030986.1	6854980	5650546	5759985	same	109432	109440	109439	99.9927	60
FolD11	CM012187.1	6551299	5929774	6028701	NC_030986.1	6854980	5760634	5859669	same	98772	98916	99035	99.8544	60
FolD11	CM012187.1	6551299	6029148	6032560	NC_030986.1	6854980	5860203	5863615	same	3412	3412	3412	100.0000	60
FolD11	RBXW01000006.1	105766	54010	105766	NC_030986.1	6854980	5873554	5919215	same	44965	51305	45661	87.6425	60
FolD11	CM012196.1	2138808	1950266	1953252	NC_030986.1	6854980	6032400	6035365	opposite	2927	2986	2965	98.0241	1
FolD11	RBXW01000002.1	5801746	1957383	1960279	NC_030986.1	6854980	6104392	6107057	same	2618	2909	2665	89.9966	1
FolD11	RBXW01000007.1	2135404	257966	317779	NC_030986.1	6854980	6140563	6194348	same	53751	59830	53785	89.8395	60
FolD11	RBXW01000002.1	5801746	1331301	1361190	NC_030986.1	6854980	6149345	6177989	opposite	27527	30021	28644	91.6925	60
FolD11	RBXW01000007.1	2135404	368246	494577	NC_030986.1	6854980	6244591	6364830	same	120223	126346	120239	95.1538	60
FolD11	RBXW01000002.1	5801746	2206049	2211661	NC_030986.1	6854980	6402999	6408412	same	5205	5620	5413	92.6157	12
FolD11	RBXW01000002.1	5801746	2257283	2259254	NC_030986.1	6854980	6453239	6455210	same	1941	1971	1971	98.4779	12
FolD11	RBXW01000002.1	5801746	1655620	1657484	NC_030986.1	6854980	6459335	6461199	opposite	1811	1864	1864	97.1567	7
FolD11	CM012194.1	3452555	3335564	3336057	NC_030986.1	6854980	6483615	6484099	same	464	493	484	94.1176	1
FolD11	CM012195.1	2918466	2882478	2888228	NC_030986.1	6854980	6611394	6617128	opposite	5510	5758	5734	95.6929	18
FolD11	CM012195.1	2918466	2878900	2881989	NC_030986.1	6854980	6617618	6620695	opposite	2873	3102	3077	92.6177	60
FolD11	RBXW01000007.1	2135404	767212	784398	NC_030986.1	6854980	6650589	6670195	same	17167	19506	19606	88.0088	60
FolD11	RBXW01000007.1	2135404	785414	797769	NC_030986.1	6854980	6671248	6683601	same	12315	12393	12353	99.3706	60
FolD11	RBXW01000007.1	2135404	797842	800273	NC_030986.1	6854980	6683676	6686108	same	2431	2432	2432	99.9589	60
FolD11	RBXW01000007.1	2135404	801119	945621	NC_030986.1	6854980	6687113	6833082	same	144413	145035	145969	99.5711	60
FolD11	RBXW01000002.1	5801746	1888963	1890422	NC_030986.1	6854980	6734681	6736139	opposite	1396	1463	1458	95.4204	1
FolD11	RBXW01000007.1	2135404	945675	967505	NC_030986.1	6854980	6833149	6854980	same	21827	21831	21831	99.9817	60
FolD11	RBXW01000002.1	5801746	2275195	2277056	NC_030986.1	6854980	6852497	6854358	opposite	1861	1861	1861	100.0000	10
FolD11	CM012188.1	4845296	15582	30610	NC_030987.1	5577357	7552	22586	same	14937	15034	15034	99.3548	60
FolD11	CM012188.1	4845296	74040	103581	NC_030987.1	5577357	36421	66346	same	29446	29826	29925	98.7259	60
FolD11	CM012188.1	4845296	126511	129883	NC_030987.1	5577357	85940	89312	same	3372	3372	3372	100.0000	60
FolD11	CM012188.1	4845296	129974	219394	NC_030987.1	5577357	89408	179009	same	89341	89373	89601	99.9642	60
FolD11	CM012190.1	5140509	4936849	4942945	NC_030987.1	5577357	172051	178147	opposite	6092	6096	6096	99.9344	60
FolD11	CM012188.1	4845296	220354	222110	NC_030987.1	5577357	179980	181735	same	1755	1756	1755	99.9431	60
FolD11	CM012188.1	4845296	223067	228989	NC_030987.1	5577357	182808	188731	same	5917	5923	5923	99.8987	60
FolD11	CM012188.1	4845296	229082	273290	NC_030987.1	5577357	188826	232616	same	43397	44176	43790	98.2366	60
FolD11	CM012188.1	4845296	273391	319258	NC_030987.1	5577357	232719	278587	same	45865	45869	45868	99.9913	60
FolD11	CM012188.1	4845296	320396	327267	NC_030987.1	5577357	280002	286874	same	6871	6872	6872	99.9854	60
FolD11	CM012188.1	4845296	328081	329288	NC_030987.1	5577357	287728	288936	same	1207	1208	1208	99.9172	60
FolD11	CM012188.1	4845296	330064	346020	NC_030987.1	5577357	289684	305807	same	15938	15949	16123	99.9310	60
FolD11	CM012188.1	4845296	346135	348449	NC_030987.1	5577357	305944	308258	same	2313	2314	2314	99.9568	60
FolD11	CM012188.1	4845296	348747	379032	NC_030987.1	5577357	308699	338987	same	30285	30288	30288	99.9901	60
FolD11	CM012188.1	4845296	379372	435580	NC_030987.1	5577357	339359	395746	same	56091	56117	56387	99.9537	60
FolD11	CM012188.1	4845296	436146	447502	NC_030987.1	5577357	396692	408047	same	11291	11417	11355	98.8964	60
FolD11	CM012188.1	4845296	447691	456556	NC_030987.1	5577357	408231	417102	same	8861	8871	8871	99.8873	60
FolD11	CM012188.1	4845296	456748	494695	NC_030987.1	5577357	417279	455231	same	37946	37952	37952	99.9842	60
FolD11	CM012188.1	4845296	494809	671176	NC_030987.1	5577357	455345	631721	same	176329	176381	176376	99.9705	60
FolD11	CM012196.1	2138808	1903058	1909155	NC_030987.1	5577357	621197	627313	same	6094	6117	6116	99.6240	4
FolD11	CM012188.1	4845296	671304	870545	NC_030987.1	5577357	631877	831278	same	199041	199103	199401	99.9689	60
FolD11	CM012188.1	4845296	870670	984925	NC_030987.1	5577357	831429	944922	same	113486	114260	113493	99.3226	60
FolD11	CM012188.1	4845296	985176	1122228	NC_030987.1	5577357	945176	1082321	same	136884	136908	137145	99.9825	60
FolD11	CM012188.1	4845296	1122444	1149229	NC_030987.1	5577357	1082850	1109637	same	26782	26790	26787	99.9701	60
FolD11	CM012194.1	3452555	3409690	3411037	NC_030987.1	5577357	1095867	1097214	opposite	1259	1347	1347	93.4670	1
FolD11	CM012188.1	4845296	1149303	1225188	NC_030987.1	5577357	1109731	1185955	same	75755	75864	76224	99.8563	60
FolD11	CM012188.1	4845296	1225327	1293592	NC_030987.1	5577357	1186118	1254407	same	68247	68307	68289	99.9122	60
FolD11	CM012188.1	4845296	1294011	1298767	NC_030987.1	5577357	1254836	1259592	same	4755	4756	4756	99.9790	60
FolD11	CM012188.1	4845296	1298980	1401019	NC_030987.1	5577357	1259822	1361102	same	101270	102048	101280	99.2376	60
FolD11	CM012188.1	4845296	1401213	1403542	NC_030987.1	5577357	1361358	1363687	same	2327	2329	2329	99.9141	60
FolD11	CM012188.1	4845296	1403982	1442415	NC_030987.1	5577357	1365408	1403852	same	38425	38445	38444	99.9480	60
FolD11	CM012188.1	4845296	1442869	1497357	NC_030987.1	5577357	1404500	1458993	same	54487	54493	54493	99.9890	60
FolD11	CM012188.1	4845296	1497570	1561274	NC_030987.1	5577357	1459226	1522998	same	63662	63676	63772	99.9780	60
FolD11	CM012188.1	4845296	1562407	1645150	NC_030987.1	5577357	1523954	1606735	same	82605	82624	82781	99.9770	60
FolD11	CM012188.1	4845296	1645484	1888984	NC_030987.1	5577357	1606988	1850871	same	243306	243373	243883	99.9725	60
FolD11	CM012188.1	4845296	1889139	2067260	NC_030987.1	5577357	1851042	2029157	same	177970	178040	178115	99.9607	60
FolD11	CM012188.1	4845296	2067413	2108975	NC_030987.1	5577357	2029318	2070892	same	41557	41574	41574	99.9591	60
FolD11	CM012188.1	4845296	2109041	2111274	NC_030987.1	5577357	2071114	2073346	same	2231	2234	2232	99.8657	60
FolD11	CM012188.1	4845296	2113185	2190405	NC_030987.1	5577357	2075235	2152511	same	77122	77133	77276	99.9857	60
FolD11	CM012188.1	4845296	2190650	2191048	NC_030987.1	5577357	2152774	2153172	same	398	398	398	100.0000	60
FolD11	CM012188.1	4845296	2191534	2212661	NC_030987.1	5577357	2153639	2174767	same	21122	21129	21128	99.9669	60
FolD11	CM012188.1	4845296	2212793	2234497	NC_030987.1	5577357	2174912	2196626	same	21700	21714	21714	99.9355	60
FolD11	CM012188.1	4845296	2234663	2258085	NC_030987.1	5577357	2196795	2220237	same	23316	23320	23442	99.9828	60
FolD11	CM012188.1	4845296	2258580	2263477	NC_030987.1	5577357	2220825	2225723	same	4897	4898	4898	99.9796	60
FolD11	CM012188.1	4845296	2263752	2268581	NC_030987.1	5577357	2226040	2230870	same	4828	4830	4830	99.9586	60
FolD11	CM012188.1	4845296	2268947	2287602	NC_030987.1	5577357	2231304	2249960	same	18649	18659	18656	99.9464	60
FolD11	CM012188.1	4845296	2287682	2348600	NC_030987.1	5577357	2250035	2310956	same	60917	60921	60921	99.9934	60
FolD11	CM012188.1	4845296	2348658	2377004	NC_030987.1	5577357	2311023	2339377	same	28346	28354	28354	99.9718	60
FolD11	CM012188.1	4845296	2377180	2456256	NC_030987.1	5577357	2339580	2418708	same	78936	78949	79128	99.9835	60
FolD11	CM012188.1	4845296	2456486	2553040	NC_030987.1	5577357	2418942	2515623	same	96365	96393	96681	99.9710	60
FolD11	CM012188.1	4845296	2553302	2575377	NC_030987.1	5577357	2516058	2538132	same	22072	22076	22074	99.9819	60
FolD11	CM012188.1	4845296	2575804	2579215	NC_030987.1	5577357	2538637	2542048	same	3411	3411	3411	100.0000	60
FolD11	CM012188.1	4845296	2579762	2609780	NC_030987.1	5577357	2542662	2572681	same	30018	30019	30019	99.9967	60
FolD11	CM012188.1	4845296	2610265	2621838	NC_030987.1	5577357	2573657	2585233	same	11573	11576	11576	99.9741	60
FolD11	CM012188.1	4845296	2622145	2664663	NC_030987.1	5577357	2585576	2628181	same	42485	42507	42605	99.9482	60
FolD11	CM012188.1	4845296	2665488	2693346	NC_030987.1	5577357	2629066	2657023	same	27846	27857	27957	99.9605	60
FolD11	CM012188.1	4845296	2744610	2756137	NC_030987.1	5577357	2658023	2669555	same	11526	11532	11532	99.9480	60
FolD11	CM012188.1	4845296	2756374	2783993	NC_030987.1	5577357	2669796	2697422	same	27595	27628	27626	99.8806	60
FolD11	CM012188.1	4845296	2784522	2932741	NC_030987.1	5577357	2698151	2840848	same	142461	148092	142697	96.1976	60
FolD11	CM012188.1	4845296	2932853	2933474	NC_030987.1	5577357	2840874	2841495	opposite	605	622	621	97.2669	60
FolD11	CM012188.1	4845296	2933497	2991811	NC_030987.1	5577357	2841606	2899922	same	58314	58316	58316	99.9966	60
FolD11	CM012188.1	4845296	2992158	3041761	NC_030987.1	5577357	2900387	2949992	same	49602	49606	49605	99.9919	60
FolD11	CM012188.1	4845296	3042068	3069070	NC_030987.1	5577357	2950370	2977376	same	26998	27006	27006	99.9704	60
FolD11	CM012188.1	4845296	3069259	3074594	NC_030987.1	5577357	2977648	2982983	same	5335	5335	5335	100.0000	60
FolD11	CM012188.1	4845296	3074705	3078283	NC_030987.1	5577357	2983081	2986659	same	3578	3578	3578	100.0000	60
FolD11	CM012188.1	4845296	3078379	3087085	NC_030987.1	5577357	2986765	2995472	same	8704	8707	8707	99.9655	60
FolD11	CM012188.1	4845296	3087209	3159484	NC_030987.1	5577357	2995601	3067882	same	72268	72283	72281	99.9792	60
FolD11	CM012188.1	4845296	3160540	3178457	NC_030987.1	5577357	3069137	3087055	same	17917	17918	17918	99.9944	60
FolD11	CM012188.1	4845296	3178770	3198405	NC_030987.1	5577357	3087614	3107255	same	19632	19642	19641	99.9491	60
FolD11	CM012188.1	4845296	3198509	3224624	NC_030987.1	5577357	3107354	3136420	same	26115	29066	29066	89.8472	60
FolD11	CM012188.1	4845296	3224691	3377107	NC_030987.1	5577357	3136480	3288904	same	152406	152430	152424	99.9843	60
FolD11	CM012188.1	4845296	3377260	3441724	NC_030987.1	5577357	3289211	3353679	same	64458	64469	64468	99.9829	60
FolD11	CM012188.1	4845296	3442610	3469727	NC_030987.1	5577357	3354269	3381449	same	27054	27082	27180	99.8966	60
FolD11	CM012188.1	4845296	3469946	3563515	NC_030987.1	5577357	3381816	3475390	same	93560	93576	93574	99.9829	60
FolD11	CM012188.1	4845296	3563876	3608370	NC_030987.1	5577357	3475717	3520216	same	44487	44499	44499	99.9730	60
FolD11	CM012188.1	4845296	3608623	3664763	NC_030987.1	5577357	3520481	3576624	same	56138	56143	56143	99.9911	60
FolD11	CM012188.1	4845296	3664921	3727336	NC_030987.1	5577357	3576783	3639219	same	62410	62440	62436	99.9520	60
FolD11	CM012188.1	4845296	3727458	3761869	NC_030987.1	5577357	3639343	3673758	same	34408	34415	34415	99.9797	60
FolD11	CM012188.1	4845296	3761932	3831937	NC_030987.1	5577357	3673840	3743849	same	70004	70010	70009	99.9914	60
FolD11	CM012188.1	4845296	3832131	3863904	NC_030987.1	5577357	3744057	3775905	same	31668	31692	31848	99.9243	60
FolD11	CM012188.1	4845296	3865160	3982920	NC_030987.1	5577357	3777189	3895056	same	117729	117772	117867	99.9635	60
FolD11	CM012188.1	4845296	3983261	4016705	NC_030987.1	5577357	3895519	3928966	same	33443	33447	33447	99.9880	60
FolD11	CM012188.1	4845296	4016967	4053465	NC_030987.1	5577357	3929334	3965835	same	36480	36517	36501	99.8987	60
FolD11	CM012188.1	4845296	4053694	4120321	NC_030987.1	5577357	3966089	4033039	same	66299	66309	66950	99.9849	60
FolD11	CM012188.1	4845296	4120718	4543629	NC_030987.1	5577357	4033460	4455673	same	421795	422870	422213	99.7458	60
FolD11	CM012188.1	4845296	4543793	4550115	NC_030987.1	5577357	4455857	4462185	same	6319	6329	6328	99.8420	60
FolD11	CM012188.1	4845296	4550282	4587932	NC_030987.1	5577357	4462345	4500511	same	37372	37465	38166	99.7518	60
FolD11	CM012188.1	4845296	4588148	4627185	NC_030987.1	5577357	4500880	4539975	same	38987	38998	39095	99.9718	60
FolD11	CM012188.1	4845296	4627253	4746825	NC_030987.1	5577357	4540058	4661982	same	118776	122710	121924	96.7941	60
FolD11	CM012188.1	4845296	4747650	4827264	NC_030987.1	5577357	4662845	4758615	same	79188	89546	95770	88.4328	60
FolD11	RBXW01000032.1	50203	0	1971	NC_030987.1	5577357	4729225	4731265	same	1962	2040	2040	96.1765	60
FolD11	RBXW01000027.1	43179	26954	41517	NC_030987.1	5577357	4743836	4758649	opposite	14284	14616	14813	97.7285	60
FolD11	RBXW01000038.1	153880	22539	37312	NC_030987.1	5577357	4743836	4758649	same	14513	14612	14813	99.3225	60
FolD11	RBXW01000026.1	20496	16574	20496	NC_030987.1	5577357	4749795	4753771	opposite	3919	3979	3976	98.4921	0
FolD11	RBXW01000032.1	50203	24748	46871	NC_030987.1	5577357	4757175	4779271	same	21524	22042	22096	97.6499	60
FolD11	RBXW01000027.1	43179	42471	43179	NC_030987.1	5577357	4757934	4758649	opposite	706	715	715	98.7413	60
FolD11	RBXW01000026.1	20496	86	4623	NC_030987.1	5577357	4758967	4763661	opposite	4529	4695	4694	96.4643	8
FolD11	RBXW01000029.1	35470	0	15286	NC_030987.1	5577357	4758967	4774565	opposite	15263	15606	15598	97.8021	60
FolD11	RBXW01000031.1	46261	0	15685	NC_030987.1	5577357	4758967	4774852	opposite	15657	15896	15885	98.4965	60
FolD11	RBXW01000028.1	47848	0	16656	NC_030987.1	5577357	4758967	4775925	opposite	16636	16960	16958	98.0896	60
FolD11	CM012188.1	4845296	4827639	4845296	NC_030987.1	5577357	4758967	4776777	same	17638	17818	17810	98.9898	60
FolD11	RBXW01000038.1	153880	45561	65716	NC_030987.1	5577357	4758967	4779152	same	20148	20186	20185	99.8118	60
FolD11	RBXW01000038.1	153880	69182	89334	NC_030987.1	5577357	4758967	4779152	same	20145	20186	20185	99.7969	60
FolD11	RBXW01000034.1	22819	1129	21288	NC_030987.1	5577357	4758967	4779271	same	20143	20308	20304	99.1875	60
FolD11	RBXW01000028.1	47848	6463	32030	NC_030987.1	5577357	4758967	4816341	opposite	25532	30577	57374	83.5007	60
FolD11	RBXW01000029.1	35470	5147	30857	NC_030987.1	5577357	4758967	4816348	opposite	25687	30587	57381	83.9801	60
FolD11	RBXW01000027.1	43179	950	26587	NC_030987.1	5577357	4758967	4816366	opposite	25580	30615	57399	83.5538	60
FolD11	RBXW01000027.1	43179	8774	34283	NC_030987.1	5577357	4758967	4816366	opposite	25447	30615	57399	83.1194	60
FolD11	RBXW01000028.1	47848	14198	39672	NC_030987.1	5577357	4758967	4816366	opposite	25432	30603	57399	83.1030	60
FolD11	RBXW01000030.1	54013	11947	38051	NC_030987.1	5577357	4758967	4816366	opposite	26096	30599	57399	85.2838	60
FolD11	RBXW01000030.1	54013	19821	45923	NC_030987.1	5577357	4758967	4816366	opposite	26094	30599	57399	85.2773	60
FolD11	RBXW01000030.1	54013	27695	53671	NC_030987.1	5577357	4758967	4816366	opposite	25959	30599	57399	84.8361	60
FolD11	RBXW01000031.1	46261	5478	31194	NC_030987.1	5577357	4758967	4816366	opposite	25666	30611	57399	83.8457	60
FolD11	RBXW01000038.1	153880	29817	55917	NC_030987.1	5577357	4758967	4816366	same	26092	30599	57399	85.2708	60
FolD11	RBXW01000039.1	33747	1184	27222	NC_030987.1	5577357	4758967	4816366	opposite	26027	30599	57399	85.0583	60
FolD11	RBXW01000033.1	31100	11971	31100	NC_030987.1	5577357	4759044	4778714	same	19072	19685	19670	96.8860	60
FolD11	RBXW01000031.1	46261	21013	46261	NC_030987.1	5577357	4759591	4816366	opposite	25203	29987	56775	84.0464	60
FolD11	RBXW01000039.1	33747	8994	33747	NC_030987.1	5577357	4760311	4816366	opposite	24745	29255	56055	84.5838	60
FolD11	RBXW01000033.1	31100	0	17292	NC_030987.1	5577357	4762711	4811656	same	17236	22153	48945	77.8044	60
FolD11	RBXW01000026.1	20496	10136	14405	NC_030987.1	5577357	4764056	4768640	opposite	4235	4588	4584	92.3060	0
FolD11	RBXW01000030.1	54013	0	7818	NC_030987.1	5577357	4765663	4773584	opposite	7802	7924	7921	98.4604	60
FolD11	RBXW01000034.1	22819	20	1829	NC_030987.1	5577357	4806348	4808169	same	1764	1866	1821	94.5338	60
FolD11	RBXW01000038.1	153880	149736	153844	NC_030987.1	5577357	4808340	4812503	same	4103	4165	4163	98.5114	60
FolD11	RBXW01000027.1	43179	0	660	NC_030987.1	5577357	4816620	4817282	opposite	660	662	662	99.6979	60
FolD11	RBXW01000039.1	33747	12	893	NC_030987.1	5577357	4816620	4817514	opposite	881	894	894	98.5459	60
FolD11	RBXW01000024.1	312224	0	16670	NC_030987.1	5577357	4818321	4861246	same	16653	21344	42925	78.0219	1
FolD11	RBXW01000034.1	22819	21993	22819	NC_030987.1	5577357	4826834	4827674	same	826	840	840	98.3333	60
FolD11	RBXW01000038.1	153880	827	24379	NC_030987.1	5577357	4849735	4902159	same	23538	28805	52424	81.7150	60
FolD11	RBXW01000038.1	153880	102863	117972	NC_030987.1	5577357	4849754	4865314	same	14896	15470	15560	96.2896	60
FolD11	RBXW01000038.1	153880	134253	149222	NC_030987.1	5577357	4849754	4865374	same	14741	15529	15620	94.9256	60
FolD11	RBXW01000030.1	54013	4857	15279	NC_030987.1	5577357	4854409	4865374	opposite	10260	10818	10965	94.8419	60
FolD11	RBXW01000002.1	5801746	1895278	1895528	NC_030987.1	5577357	4918378	4918628	same	245	250	250	98.0000	60
FolD11	RBXW01000002.1	5801746	1469650	1473338	NC_030987.1	5577357	5036482	5040139	opposite	3342	3697	3657	90.3976	47
FolD11	RBXW01000015.1	1558014	1298363	1301252	NC_030987.1	5577357	5046456	5049345	opposite	2889	2889	2889	100.0000	1
FolD11	CM012187.1	6551299	45894	48781	NC_030987.1	5577357	5046457	5049344	same	2887	2887	2887	100.0000	1
FolD11	RBXW01000002.1	5801746	1835607	1838494	NC_030987.1	5577357	5046458	5049345	same	2887	2887	2887	100.0000	1
FolD11	CM012194.1	3452555	45112	45594	NC_030987.1	5577357	5129439	5129921	opposite	481	482	482	99.7925	2
FolD11	RBXW01000002.1	5801746	1684243	1687698	NC_030987.1	5577357	5132273	5135725	same	3426	3455	3452	99.1606	60
FolD11	RBXW01000002.1	5801746	1688053	1695456	NC_030987.1	5577357	5136158	5142952	same	6649	7404	6794	89.8028	60
FolD11	RBXW01000002.1	5801746	1696070	1697313	NC_030987.1	5577357	5143566	5144809	same	1185	1243	1243	95.3339	60
FolD11	RBXW01000002.1	5801746	1700218	1701847	NC_030987.1	5577357	5147695	5149323	same	1601	1629	1628	98.2812	60
FolD11	RBXW01000002.1	5801746	2526453	2532140	NC_030987.1	5577357	5165879	5174205	same	5687	8226	8326	69.1345	60
FolD11	RBXW01000002.1	5801746	1549584	1555004	NC_030987.1	5577357	5165893	5171372	opposite	5419	5479	5479	98.9049	20
FolD11	RBXW01000024.1	312224	226043	243904	NC_030987.1	5577357	5266210	5281176	opposite	14792	17756	14966	83.3071	60
FolD11	RBXW01000024.1	312224	220824	225851	NC_030987.1	5577357	5281656	5286683	opposite	5027	5027	5027	100.0000	60
FolD11	CM012187.1	6551299	109929	111794	NC_030987.1	5577357	5286884	5288749	opposite	1865	1865	1865	100.0000	60
FolD11	RBXW01000002.1	5801746	218083	219927	NC_030987.1	5577357	5286905	5288749	opposite	1844	1844	1844	100.0000	60
FolD11	RBXW01000024.1	312224	145695	214930	NC_030987.1	5577357	5288747	5357305	opposite	68544	69239	68558	98.9962	60
FolD11	RBXW01000024.1	312224	128114	145206	NC_030987.1	5577357	5357810	5374414	opposite	16248	16924	16604	96.0057	60
FolD11	RBXW01000002.1	5801746	1717408	1718797	NC_030987.1	5577357	5360757	5362167	same	1261	1410	1410	89.4326	60
FolD11	RBXW01000002.1	5801746	1721489	1725506	NC_030987.1	5577357	5366401	5370417	same	3653	4017	4016	90.9385	60
FolD11	RBXW01000002.1	5801746	1726017	1726523	NC_030987.1	5577357	5370928	5371434	same	494	506	506	97.6285	60
FolD11	RBXW01000002.1	5801746	1726683	1729928	NC_030987.1	5577357	5371686	5374174	same	2406	3245	2488	74.1448	60
FolD11	RBXW01000024.1	312224	117853	128041	NC_030987.1	5577357	5374500	5384686	opposite	10186	10188	10186	99.9804	60
FolD11	RBXW01000024.1	312224	114548	117585	NC_030987.1	5577357	5384919	5387956	opposite	3036	3038	3037	99.9342	60
FolD11	CM012187.1	6551299	74195	80594	NC_030987.1	5577357	5388525	5394941	same	6399	6416	6416	99.7350	52
FolD11	RBXW01000024.1	312224	98276	113824	NC_030987.1	5577357	5388814	5404463	opposite	15536	15550	15649	99.9100	60
FolD11	RBXW01000024.1	312224	95102	97603	NC_030987.1	5577357	5405058	5407560	opposite	2501	2502	2502	99.9600	60
FolD11	RBXW01000024.1	312224	87990	91181	NC_030987.1	5577357	5412043	5415237	opposite	3190	3195	3194	99.8435	60
FolD11	RBXW01000002.1	5801746	2099891	2100560	NC_030987.1	5577357	5414178	5414843	same	627	669	665	93.7220	60
FolD11	RBXW01000024.1	312224	55570	87471	NC_030987.1	5577357	5415746	5443283	opposite	26768	32670	27537	81.9345	60
FolD11	RBXW01000024.1	312224	16957	48249	NC_030987.1	5577357	5459637	5490930	opposite	31292	31293	31293	99.9968	60
FolD11	RBXW01000038.1	153880	95693	96974	NC_030987.1	5577357	5492686	5493969	opposite	1281	1283	1283	99.8441	60
FolD11	RBXW01000038.1	153880	147360	151907	NC_030987.1	5577357	5500486	5505164	opposite	4542	4678	4678	97.0928	60
FolD11	RBXW01000038.1	153880	97128	105302	NC_030987.1	5577357	5520678	5532534	opposite	8062	8116	11856	99.3346	60
FolD11	RBXW01000038.1	153880	60968	74001	NC_030987.1	5577357	5520678	5538622	opposite	12927	13128	17944	98.4689	60
FolD11	RBXW01000038.1	153880	123754	136686	NC_030987.1	5577357	5520678	5538622	opposite	12813	13132	17944	97.5708	60
FolD11	RBXW01000038.1	153880	115921	128882	NC_030987.1	5577357	5520690	5538583	opposite	12854	13077	17893	98.2947	60
FolD11	RBXW01000029.1	35470	26109	35470	NC_030987.1	5577357	5520694	5533821	same	9250	9387	13127	98.5405	60
FolD11	RBXW01000028.1	47848	35009	47472	NC_030987.1	5577357	5520707	5538583	same	12324	13064	17876	94.3356	60
FolD11	RBXW01000038.1	153880	84589	96301	NC_030987.1	5577357	5525629	5538622	opposite	11704	11922	12993	98.1714	60
FolD11	RBXW01000032.1	50203	42075	50203	NC_030987.1	5577357	5529123	5538583	opposite	8120	8392	9460	96.7588	60
FolD11	RBXW01000038.1	153880	0	1155	NC_030987.1	5577357	5535590	5536753	opposite	1152	1164	1163	98.9691	60
FolD11	RBXW01000022.1	1573990	1508488	1564048	NC_030988.1	5634991	0	58724	opposite	55520	58531	58724	94.8557	60
FolD11	CM012195.1	2918466	2901383	2901915	NC_030988.1	5634991	498	1030	opposite	532	532	532	100.0000	1
FolD11	CM012194.1	3452555	3140945	3143908	NC_030988.1	5634991	25818	28781	opposite	2963	2963	2963	100.0000	1
FolD11	RBXW01000022.1	1573990	1434838	1508414	NC_030988.1	5634991	58795	131866	opposite	65720	80716	73071	81.4213	60
FolD11	CM012196.1	2138808	267322	278668	NC_030988.1	5634991	128027	140285	same	11269	12188	12258	92.4598	60
FolD11	RBXW01000022.1	1573990	1391203	1424715	NC_030988.1	5634991	144440	177952	opposite	33511	33512	33512	99.9970	60
FolD11	CM012192.1	4117910	4080846	4082713	NC_030988.1	5634991	158831	160698	same	1867	1867	1867	100.0000	1
FolD11	CM012196.1	2138808	2077954	2079616	NC_030988.1	5634991	158832	160494	opposite	1662	1662	1662	100.0000	60
FolD11	CM012189.1	5433907	5329721	5331588	NC_030988.1	5634991	158832	160699	opposite	1867	1867	1867	100.0000	0
FolD11	CM012196.1	2138808	2045446	2051954	NC_030988.1	5634991	179178	185662	opposite	6396	6514	6484	98.1885	60
FolD11	RBXW01000002.1	5801746	2281590	2282551	NC_030988.1	5634991	195250	196213	same	924	963	963	95.9502	1
FolD11	RBXW01000022.1	1573990	1308295	1314102	NC_030988.1	5634991	197775	203582	opposite	5786	5807	5807	99.6384	43
FolD11	RBXW01000022.1	1573990	1266469	1272589	NC_030988.1	5634991	240297	246360	opposite	6032	6127	6063	98.4495	22
FolD11	RBXW01000022.1	1573990	1186788	1265555	NC_030988.1	5634991	247399	326173	opposite	78653	78775	78774	99.8451	60
FolD11	RBXW01000022.1	1573990	846708	895292	NC_030988.1	5634991	523525	571346	opposite	47816	48588	47821	98.4111	60
FolD11	RBXW01000002.1	5801746	1929348	1933610	NC_030988.1	5634991	567072	571324	opposite	4098	4272	4252	95.9270	1
FolD11	RBXW01000002.1	5801746	1658277	1661477	NC_030988.1	5634991	568067	571304	same	2988	3253	3237	91.8537	3
FolD11	RBXW01000002.1	5801746	1661753	1663120	NC_030988.1	5634991	571611	572976	same	1267	1372	1365	92.3469	2
FolD11	RBXW01000002.1	5801746	1927121	1929092	NC_030988.1	5634991	571611	573579	opposite	1896	1975	1968	96.0000	1
FolD11	RBXW01000022.1	1573990	479295	480706	NC_030988.1	5634991	931941	933352	opposite	1411	1411	1411	100.0000	0
FolD11	RBXW01000022.1	1573990	478926	479295	NC_030988.1	5634991	935966	936335	same	369	369	369	100.0000	0
FolD11	RBXW01000022.1	1573990	466570	472262	NC_030988.1	5634991	943871	949564	opposite	5691	5694	5693	99.9473	0
FolD11	CM012196.1	2138808	1892922	1894574	NC_030988.1	5634991	1039277	1040924	same	1600	1654	1647	96.7352	60
FolD11	RBXW01000022.1	1573990	351229	384789	NC_030988.1	5634991	1278418	1316249	same	33551	37832	37831	88.6842	60
FolD11	RBXW01000022.1	1573990	386119	388751	NC_030988.1	5634991	1317652	1320284	same	2625	2632	2632	99.7340	60
FolD11	RBXW01000022.1	1573990	390935	392029	NC_030988.1	5634991	1323581	1324675	same	1094	1094	1094	100.0000	60
FolD11	RBXW01000002.1	5801746	4598312	4863047	NC_030988.1	5634991	1552692	1807773	opposite	252634	266817	255081	94.6844	60
FolD11	RBXW01000002.1	5801746	2289806	2290566	NC_030988.1	5634991	1928601	1929361	opposite	760	760	760	100.0000	1
FolD11	CM012188.1	4845296	3408	4188	NC_030988.1	5634991	1932137	1932917	same	767	782	780	98.0818	60
FolD11	RBXW01000002.1	5801746	3152065	3165759	NC_030988.1	5634991	1971148	1985088	opposite	13361	13952	13940	95.7640	60
FolD11	RBXW01000002.1	5801746	3202146	3206546	NC_030988.1	5634991	2085875	2090276	opposite	4386	4401	4401	99.6592	60
FolD11	RBXW01000002.1	5801746	4195909	4268670	NC_030988.1	5634991	2090484	2163456	opposite	72575	72683	72972	99.8514	60
FolD11	RBXW01000002.1	5801746	3173484	3182721	NC_030988.1	5634991	2102121	2111350	opposite	9098	9241	9229	98.4525	60
FolD11	RBXW01000002.1	5801746	3172148	3173378	NC_030988.1	5634991	2111330	2112811	opposite	1205	1482	1481	81.3090	60
FolD11	RBXW01000002.1	5801746	3166244	3171630	NC_030988.1	5634991	2113514	2118874	opposite	5048	5419	5360	93.1537	60
FolD11	RBXW01000002.1	5801746	4079404	4092251	NC_030988.1	5634991	2267463	2280311	opposite	12845	12849	12848	99.9689	60
FolD11	RBXW01000002.1	5801746	4004868	4079287	NC_030988.1	5634991	2280429	2354857	opposite	74403	74428	74428	99.9664	60
FolD11	RBXW01000002.1	5801746	3882182	4003947	NC_030988.1	5634991	2356028	2477937	opposite	118366	124735	121909	94.8940	60
FolD11	RBXW01000011.1	34710	6804	34710	NC_030988.1	5634991	2359303	2384968	opposite	24694	28762	25665	85.8563	28
FolD11	RBXW01000011.1	34710	4772	6091	NC_030988.1	5634991	2385692	2387016	opposite	1292	1324	1324	97.5831	30
FolD11	RBXW01000002.1	5801746	2147970	2148705	NC_030988.1	5634991	2474319	2475076	opposite	704	757	757	92.9987	1
FolD11	CM012195.1	2918466	349369	349589	NC_030988.1	5634991	2477937	2478157	same	220	220	220	100.0000	60
FolD11	RBXW01000002.1	5801746	1358290	1389236	NC_030988.1	5634991	2690973	2718417	same	25021	33153	27444	75.4713	1
FolD11	RBXW01000002.1	5801746	1848174	1849487	NC_030988.1	5634991	2915240	2916468	same	1155	1313	1228	87.9665	1
FolD11	RBXW01000002.1	5801746	1618701	1620012	NC_030988.1	5634991	2966330	2967641	opposite	1235	1311	1311	94.2029	11
FolD11	RBXW01000002.1	5801746	3805799	3811334	NC_030988.1	5634991	3071372	3076904	opposite	5522	5539	5532	99.6931	60
FolD11	CM012188.1	4845296	0	3050	NC_030988.1	5634991	3200580	3203645	same	3043	3067	3065	99.2175	0
FolD11	RBXW01000002.1	5801746	1276258	1281791	NC_030988.1	5634991	3351980	3357513	opposite	5533	5533	5533	100.0000	32
FolD11	CM012187.1	6551299	19232	19884	NC_030988.1	5634991	3369291	3369943	same	652	652	652	100.0000	1
FolD11	RBXW01000015.1	1558014	1537998	1538373	NC_030988.1	5634991	3473210	3473586	opposite	362	376	376	96.2766	1
FolD11	RBXW01000002.1	5801746	3820038	3829750	NC_030988.1	5634991	3613118	3622835	same	9707	9717	9717	99.8971	60
FolD11	RBXW01000002.1	5801746	3830334	3853685	NC_030988.1	5634991	3621611	3642536	opposite	20249	24026	20925	84.2795	60
FolD11	RBXW01000002.1	5801746	3859702	3886771	NC_030988.1	5634991	3647361	3674460	same	26971	27000	27099	99.8926	60
FolD11	RBXW01000002.1	5801746	1408553	1410922	NC_030988.1	5634991	3711719	3714162	same	2235	2448	2443	91.2990	1
FolD11	RBXW01000002.1	5801746	1445701	1448629	NC_030988.1	5634991	3745145	3748073	same	2928	2928	2928	100.0000	1
FolD11	RBXW01000002.1	5801746	4092673	4223479	NC_030988.1	5634991	3881125	4012757	same	130441	131014	131632	99.5626	60
FolD11	RBXW01000002.1	5801746	4304450	4326046	NC_030988.1	5634991	3912895	3929585	opposite	16571	21603	16690	76.7069	9
FolD11	RBXW01000002.1	5801746	2370630	2371362	NC_030988.1	5634991	3945827	3946564	opposite	727	737	737	98.6431	4
FolD11	RBXW01000002.1	5801746	2360062	2365443	NC_030988.1	5634991	3949136	3954512	opposite	5257	5386	5376	97.6049	5
FolD11	RBXW01000002.1	5801746	2326406	2327989	NC_030988.1	5634991	3985914	3987497	opposite	1557	1583	1583	98.3575	4
FolD11	RBXW01000002.1	5801746	4268721	4302742	NC_030988.1	5634991	4061265	4094522	same	33254	34024	33257	97.7369	60
FolD11	RBXW01000002.1	5801746	4318753	4397723	NC_030988.1	5634991	4110569	4189085	same	78230	78911	78516	99.1370	60
FolD11	CM012188.1	4845296	7154	8237	NC_030988.1	5634991	4174307	4175394	same	1066	1091	1087	97.7085	0
FolD11	RBXW01000002.1	5801746	4398408	4542826	NC_030988.1	5634991	4189878	4333970	same	142802	145181	144092	98.3614	60
FolD11	RBXW01000002.1	5801746	4789993	4910354	NC_030988.1	5634991	4567163	4690617	same	116377	126765	123454	91.8053	60
FolD11	RBXW01000002.1	5801746	4911537	4913171	NC_030988.1	5634991	4691865	4693500	same	1634	1635	1635	99.9388	60
FolD11	RBXW01000002.1	5801746	4914274	4926442	NC_030988.1	5634991	4694814	4706982	same	12167	12168	12168	99.9918	60
FolD11	RBXW01000002.1	5801746	4930601	4943930	NC_030988.1	5634991	4711244	4724579	same	13264	13335	13335	99.4676	60
FolD11	RBXW01000002.1	5801746	4985380	5250393	NC_030988.1	5634991	4725579	4989878	same	258694	269952	264299	95.8296	60
FolD11	CM012194.1	3452555	3362716	3364292	NC_030988.1	5634991	4965698	4967273	same	1516	1577	1575	96.1319	60
FolD11	RBXW01000002.1	5801746	2283350	2286530	NC_030988.1	5634991	4973392	4976572	same	3138	3180	3180	98.6792	60
FolD11	RBXW01000002.1	5801746	5250949	5251807	NC_030988.1	5634991	4990511	4991370	same	857	859	859	99.7672	60
FolD11	RBXW01000002.1	5801746	5251752	5252982	NC_030988.1	5634991	4991315	4992558	same	1211	1244	1243	97.3473	60
FolD11	RBXW01000002.1	5801746	5254219	5254925	NC_030988.1	5634991	4993664	4994370	same	699	706	706	99.0085	60
FolD11	RBXW01000002.1	5801746	5256334	5259135	NC_030988.1	5634991	4995709	4998384	same	2567	2703	2675	94.9686	60
FolD11	RBXW01000002.1	5801746	5259714	5373759	NC_030988.1	5634991	4998971	5113811	same	113850	114483	114840	99.4471	60
FolD11	RBXW01000007.1	2135404	975726	986493	NC_030988.1	5634991	5021960	5032692	same	10677	10772	10732	99.1181	60
FolD11	RBXW01000002.1	5801746	2148873	2157336	NC_030988.1	5634991	5053498	5062693	opposite	8364	9233	9195	90.5881	60
FolD11	RBXW01000002.1	5801746	1883686	1884818	NC_030988.1	5634991	5094876	5096010	same	1059	1135	1134	93.3040	60
FolD11	RBXW01000002.1	5801746	1570070	1578908	NC_030988.1	5634991	5101475	5111963	opposite	8651	10231	10488	84.5567	60
FolD11	RBXW01000002.1	5801746	5373892	5423260	NC_030988.1	5634991	5113947	5163320	same	49363	49376	49373	99.9737	60
FolD11	CM012194.1	3452555	3281015	3284241	NC_030988.1	5634991	5133025	5136253	same	2993	3250	3228	92.0923	60
FolD11	RBXW01000002.1	5801746	5423322	5487092	NC_030988.1	5634991	5163382	5227083	same	62864	63993	63701	98.2357	60
FolD11	CM012194.1	3452555	3417998	3425034	NC_030988.1	5634991	5172802	5179837	same	6949	7039	7035	98.7214	60
FolD11	RBXW01000002.1	5801746	1465373	1467237	NC_030988.1	5634991	5200530	5202396	same	1844	1866	1866	98.8210	60
FolD11	RBXW01000002.1	5801746	2291502	2292902	NC_030988.1	5634991	5221984	5223384	same	1334	1400	1400	95.2857	60
FolD11	CM012196.1	2138808	2117598	2119053	NC_030988.1	5634991	5221984	5223438	same	1386	1455	1454	95.2577	60
FolD11	RBXW01000036.1	44290	2582	4070	NC_030988.1	5634991	5221984	5223479	same	1416	1496	1495	94.6524	60
FolD11	RBXW01000002.1	5801746	5487340	5493994	NC_030988.1	5634991	5227345	5233999	same	6653	6655	6654	99.9699	60
FolD11	RBXW01000002.1	5801746	5494335	5604406	NC_030988.1	5634991	5234367	5348364	same	109821	113745	113997	96.5502	60
FolD11	RBXW01000002.1	5801746	2280585	2281535	NC_030988.1	5634991	5270617	5271574	opposite	882	958	957	92.0668	47
FolD11	RBXW01000002.1	5801746	1844576	1848111	NC_030988.1	5634991	5296979	5300525	opposite	3293	3555	3546	92.6301	43
FolD11	RBXW01000017.1	1929982	134564	135330	NC_030988.1	5634991	5327372	5328138	opposite	766	766	766	100.0000	1
FolD11	RBXW01000002.1	5801746	5604485	5612972	NC_030988.1	5634991	5348441	5356929	same	8486	8488	8488	99.9764	60
FolD11	RBXW01000002.1	5801746	5613080	5656638	NC_030988.1	5634991	5357050	5400722	same	43468	43509	43672	99.9058	60
FolD11	RBXW01000002.1	5801746	1455559	1456300	NC_030988.1	5634991	5399976	5400716	same	702	741	740	94.7368	39
FolD11	RBXW01000002.1	5801746	5656728	5720593	NC_030988.1	5634991	5400823	5463928	same	63092	63872	63105	98.7788	60
FolD11	RBXW01000002.1	5801746	1457463	1460614	NC_030988.1	5634991	5401605	5403601	same	1819	3156	1996	57.6362	22
FolD11	RBXW01000002.1	5801746	1460953	1465125	NC_030988.1	5634991	5403930	5407755	same	3472	4188	3825	82.9035	33
FolD11	RBXW01000002.1	5801746	109222	114868	NC_030988.1	5634991	5453721	5459313	opposite	5590	5647	5592	98.9906	60
FolD11	RBXW01000002.1	5801746	5720818	5779051	NC_030988.1	5634991	5464141	5524659	same	57533	61191	60518	94.0220	60
FolD11	RBXW01000002.1	5801746	2157333	2203950	NC_030988.1	5634991	5485559	5520456	same	31789	49585	34897	64.1101	60
FolD11	RBXW01000002.1	5801746	1839168	1842467	NC_030988.1	5634991	5494506	5497595	opposite	3057	3304	3089	92.5242	60
FolD11	RBXW01000002.1	5801746	5779124	5782470	NC_030988.1	5634991	5524743	5528090	same	3334	3348	3347	99.5818	60
FolD11	RBXW01000037.1	27709	22594	27709	NC_030988.1	5634991	5529433	5534551	same	5114	5119	5118	99.9023	38
FolD11	RBXW01000007.1	2135404	2130095	2135404	NC_030988.1	5634991	5529433	5534792	same	5307	5360	5359	99.0112	60
FolD11	CM012192.1	4117910	4109361	4117910	NC_030988.1	5634991	5529433	5538063	same	8544	8631	8630	98.9920	60
FolD11	RBXW01000021.1	63807	7406	23277	NC_030988.1	5634991	5529433	5545230	same	15668	15880	15797	98.6650	60
FolD11	RBXW01000020.1	42871	26544	42577	NC_030988.1	5634991	5529433	5545400	same	15834	16050	15967	98.6542	33
FolD11	RBXW01000024.1	312224	294812	312224	NC_030988.1	5634991	5529433	5550102	same	17224	20839	20669	82.6527	23
FolD11	CM012190.1	5140509	102	24693	NC_030988.1	5634991	5529433	5557452	opposite	24560	28029	28019	87.6235	60
FolD11	CM012190.1	5140509	5115788	5140373	NC_030988.1	5634991	5529433	5557452	same	24555	28028	28019	87.6088	60
FolD11	CM012191.1	4408267	4383544	4408135	NC_030988.1	5634991	5529433	5557452	same	24559	28030	28019	87.6168	60
FolD11	CM012195.1	2918466	102	18992	NC_030988.1	5634991	5529433	5557452	opposite	18035	28870	28019	62.4697	60
FolD11	RBXW01000010.1	49849	13993	49700	NC_030988.1	5634991	5529433	5557452	same	27967	35730	28019	78.2732	60
FolD11	RBXW01000025.1	25583	220	25466	NC_030988.1	5634991	5529433	5557452	same	24453	28788	28019	84.9416	60
FolD11	RBXW01000002.1	5801746	107	24858	NC_030988.1	5634991	5529443	5557452	opposite	24552	28187	28009	87.1040	60
FolD11	RBXW01000022.1	1573990	0	9394	NC_030988.1	5634991	5535887	5545230	same	9189	9427	9343	97.4753	60
FolD11	RBXW01000015.1	1558014	1547037	1557873	NC_030988.1	5634991	5546776	5557452	same	10653	10855	10676	98.1391	32
FolD11	CM012194.1	3452555	105	10771	NC_030988.1	5634991	5546778	5557452	opposite	10651	10684	10674	99.6911	1
FolD11	CM012194.1	3452555	3441576	3452412	NC_030988.1	5634991	5546778	5557452	same	10652	10854	10674	98.1389	34
FolD11	CM012187.1	6551299	50	10401	NC_030988.1	5634991	5546779	5556967	opposite	10167	10368	10188	98.0613	51
FolD11	CM012187.1	6551299	6540482	6551145	NC_030988.1	5634991	5546779	5557452	same	10650	10682	10673	99.7004	1
FolD11	CM012189.1	5433907	91	10754	NC_030988.1	5634991	5546779	5557452	opposite	10650	10682	10673	99.7004	4
FolD11	CM012189.1	5433907	5422925	5433761	NC_030988.1	5634991	5546779	5557452	same	10652	10853	10673	98.1480	33
FolD11	CM012191.1	4408267	113	10777	NC_030988.1	5634991	5546779	5557452	opposite	10648	10684	10673	99.6630	1
FolD11	CM012192.1	4117910	113	10777	NC_030988.1	5634991	5546779	5557452	opposite	10649	10683	10673	99.6817	1
FolD11	CM012193.1	3386631	104	10767	NC_030988.1	5634991	5546779	5557452	opposite	10648	10683	10673	99.6724	1
FolD11	CM012193.1	3386631	3375827	3386489	NC_030988.1	5634991	5546779	5557452	same	10647	10683	10673	99.6630	1
FolD11	RBXW01000005.1	19872	113	10774	NC_030988.1	5634991	5546779	5557452	opposite	10645	10683	10673	99.6443	1
FolD11	RBXW01000009.1	54357	108	10937	NC_030988.1	5634991	5546779	5557452	opposite	10647	10851	10673	98.1200	35
FolD11	RBXW01000017.1	1929982	107	16895	NC_030988.1	5634991	5546779	5557452	opposite	10650	16807	10673	63.3665	1
FolD11	RBXW01000022.1	1573990	1563018	1573849	NC_030988.1	5634991	5546779	5557452	same	10649	10851	10673	98.1384	32
FolD11	CM012188.1	4845296	29725	42266	NC_030988.1	5634991	5546779	5559463	opposite	12359	12862	12684	96.0893	60
FolD11	RBXW01000002.1	5801746	5790958	5801605	NC_030988.1	5634991	5546794	5557452	same	10633	10667	10658	99.6813	60
FolD11	RBXW01000021.1	63807	38824	63807	NC_030988.1	5634991	5560110	5585288	same	24946	25191	25178	99.0274	60
FolD11	RBXW01000022.1	1573990	24971	88932	NC_030988.1	5634991	5560110	5624110	same	63708	63884	64000	99.7245	60
FolD11	RBXW01000009.1	54357	27614	54357	NC_030988.1	5634991	5597146	5624110	opposite	26645	26747	26964	99.6186	60
FolD11	RBXW01000009.1	54357	23617	27528	NC_030988.1	5634991	5624200	5628112	opposite	3911	3912	3912	99.9744	60
FolD11	RBXW01000022.1	1573990	89018	99802	NC_030988.1	5634991	5624200	5634984	same	10783	10784	10784	99.9907	60
FolD11	CM012189.1	5433907	5270590	5298853	NC_030989.1	5212762	35	28300	opposite	28255	28267	28265	99.9575	60
FolD11	CM012189.1	5433907	5227819	5252553	NC_030989.1	5212762	39376	64110	opposite	24733	24734	24734	99.9960	60
FolD11	CM012189.1	5433907	5214113	5215744	NC_030989.1	5212762	75680	77313	opposite	1617	1634	1633	98.9596	60
FolD11	CM012189.1	5433907	5174765	5212262	NC_030989.1	5212762	79160	116642	opposite	37446	37502	37482	99.8507	60
FolD11	CM012189.1	5433907	5032243	5174686	NC_030989.1	5212762	116729	261035	opposite	142431	144309	144306	98.6986	60
FolD11	CM012194.1	3452555	3172186	3174050	NC_030989.1	5212762	176760	178624	opposite	1864	1864	1864	100.0000	0
FolD11	CM012189.1	5433907	4978631	5031857	NC_030989.1	5212762	261478	314710	opposite	53226	53232	53232	99.9887	60
FolD11	CM012194.1	3452555	3054682	3057774	NC_030989.1	5212762	302182	305276	opposite	3092	3094	3094	99.9354	1
FolD11	CM012187.1	6551299	6122660	6125754	NC_030989.1	5212762	302182	305277	opposite	3094	3095	3095	99.9677	1
FolD11	CM012189.1	5433907	4977832	4978488	NC_030989.1	5212762	314852	315508	opposite	656	656	656	100.0000	60
FolD11	CM012189.1	5433907	4916404	4977056	NC_030989.1	5212762	316373	378043	opposite	60586	61236	61670	98.9385	60
FolD11	CM012189.1	5433907	4846675	4916300	NC_030989.1	5212762	378163	447840	opposite	69517	69627	69677	99.8420	60
FolD11	CM012189.1	5433907	4812197	4846613	NC_030989.1	5212762	447909	482328	opposite	34406	34424	34419	99.9477	60
FolD11	CM012189.1	5433907	4809954	4811987	NC_030989.1	5212762	482741	484774	opposite	2033	2033	2033	100.0000	60
FolD11	CM012189.1	5433907	4609454	4809210	NC_030989.1	5212762	485588	685358	opposite	199439	199574	199770	99.9324	60
FolD11	CM012189.1	5433907	4410970	4609347	NC_030989.1	5212762	685477	883869	opposite	198368	198393	198392	99.9874	60
FolD11	CM012189.1	5433907	4390145	4410669	NC_030989.1	5212762	884011	904545	opposite	20510	20535	20534	99.8783	60
FolD11	CM012189.1	5433907	4318516	4389918	NC_030989.1	5212762	904757	975355	opposite	70319	71150	70598	98.8320	60
FolD11	CM012189.1	5433907	4257433	4317943	NC_030989.1	5212762	976551	1037066	opposite	60432	60566	60515	99.7788	60
FolD11	CM012189.1	5433907	4086173	4257342	NC_030989.1	5212762	1037178	1208360	opposite	171157	171184	171182	99.9842	60
FolD11	CM012189.1	5433907	4049852	4086012	NC_030989.1	5212762	1208547	1244708	opposite	36134	36174	36161	99.8894	60
FolD11	CM012189.1	5433907	3927125	4049665	NC_030989.1	5212762	1244904	1367001	opposite	121742	122529	122097	99.3577	60
FolD11	CM012189.1	5433907	3887152	3926242	NC_030989.1	5212762	1367961	1407053	opposite	39089	39093	39092	99.9898	60
FolD11	CM012189.1	5433907	3856831	3887052	NC_030989.1	5212762	1407151	1437465	opposite	30184	30214	30314	99.9007	60
FolD11	CM012189.1	5433907	3691795	3854135	NC_030989.1	5212762	1440340	1602766	opposite	162224	162329	162426	99.9353	60
FolD11	CM012189.1	5433907	3499319	3691458	NC_030989.1	5212762	1603191	1795353	opposite	192126	192166	192162	99.9792	60
FolD11	CM012189.1	5433907	3494010	3498194	NC_030989.1	5212762	1796692	1800878	opposite	4183	4187	4186	99.9045	60
FolD11	CM012189.1	5433907	3490371	3493302	NC_030989.1	5212762	1801643	1804577	opposite	2928	2935	2934	99.7615	60
FolD11	CM012189.1	5433907	3488105	3489250	NC_030989.1	5212762	1805188	1806335	opposite	1141	1147	1147	99.4769	60
FolD11	CM012189.1	5433907	3484650	3487158	NC_030989.1	5212762	1807841	1810352	opposite	2501	2513	2511	99.5225	60
FolD11	CM012189.1	5433907	3346007	3484171	NC_030989.1	5212762	1810845	1949030	opposite	138140	138193	138185	99.9616	60
FolD11	CM012189.1	5433907	3281771	3345530	NC_030989.1	5212762	1949335	2013098	opposite	63759	63763	63763	99.9937	60
FolD11	CM012189.1	5433907	3051743	3281540	NC_030989.1	5212762	2013317	2243201	opposite	229742	229794	229884	99.9774	60
FolD11	CM012189.1	5433907	3039136	3051583	NC_030989.1	5212762	2243357	2255807	opposite	12441	12454	12450	99.8956	60
FolD11	CM012189.1	5433907	3025092	3038077	NC_030989.1	5212762	2256849	2269835	opposite	12985	12986	12986	99.9923	60
FolD11	CM012189.1	5433907	2973127	3024912	NC_030989.1	5212762	2270015	2321880	opposite	51601	51648	51865	99.9090	60
FolD11	CM012189.1	5433907	2967116	2972290	NC_030989.1	5212762	2322863	2328038	opposite	5173	5175	5175	99.9614	60
FolD11	CM012189.1	5433907	2867201	2907714	NC_030989.1	5212762	2329038	2369608	opposite	40460	40469	40570	99.9778	60
FolD11	CM012189.1	5433907	2618111	2866689	NC_030989.1	5212762	2370133	2619044	opposite	248158	248287	248911	99.9480	60
FolD11	CM012189.1	5433907	2389271	2617944	NC_030989.1	5212762	2619222	2847888	opposite	227983	229349	228666	99.4044	60
FolD11	CM012189.1	5433907	2286280	2388943	NC_030989.1	5212762	2848343	2951162	opposite	102505	102521	102819	99.9844	60
FolD11	CM012189.1	5433907	2174014	2285925	NC_030989.1	5212762	2951524	3095882	opposite	111219	145042	144358	76.6805	60
FolD11	CM012189.1	5433907	1898073	2173664	NC_030989.1	5212762	3096220	3373460	opposite	275569	277053	277240	99.4644	60
FolD11	RBXW01000002.1	5801746	1760944	1761536	NC_030989.1	5212762	3098255	3098847	same	561	592	592	94.7635	60
FolD11	RBXW01000017.1	1929982	95378	101487	NC_030989.1	5212762	3258891	3265001	opposite	6107	6110	6110	99.9509	1
FolD11	CM012189.1	5433907	1796081	1898011	NC_030989.1	5212762	3373547	3474718	opposite	101154	101943	101171	99.2260	60
FolD11	CM012189.1	5433907	1794335	1795699	NC_030989.1	5212762	3475234	3476599	opposite	1364	1365	1365	99.9267	60
FolD11	CM012189.1	5433907	1733839	1792399	NC_030989.1	5212762	3478504	3542459	opposite	58528	63096	63955	92.7602	60
FolD11	CM012189.1	5433907	1674679	1733510	NC_030989.1	5212762	3542878	3601717	opposite	58819	58840	58839	99.9643	60
FolD11	CM012189.1	5433907	1582349	1674433	NC_030989.1	5212762	3601911	3694716	opposite	91994	92687	92805	99.2523	60
FolD11	CM012189.1	5433907	1492041	1582240	NC_030989.1	5212762	3694830	3784473	opposite	89390	90097	89643	99.2153	60
FolD11	CM012189.1	5433907	1462246	1491818	NC_030989.1	5212762	3784708	3814283	opposite	29571	29576	29575	99.9831	60
FolD11	CM012189.1	5433907	1445884	1462065	NC_030989.1	5212762	3814481	3830665	opposite	16180	16184	16184	99.9753	60
FolD11	CM012189.1	5433907	1421424	1445597	NC_030989.1	5212762	3830932	3855104	opposite	24170	24174	24172	99.9835	60
FolD11	CM012189.1	5433907	1343431	1420120	NC_030989.1	5212762	3856476	3933937	opposite	76675	77364	77461	99.1094	60
FolD11	CM012189.1	5433907	1293159	1343005	NC_030989.1	5212762	3934499	3984357	opposite	49841	49858	49858	99.9659	60
FolD11	CM012189.1	5433907	1260251	1292577	NC_030989.1	5212762	3984937	4017268	opposite	32325	32331	32331	99.9814	60
FolD11	CM012189.1	5433907	1256696	1260054	NC_030989.1	5212762	4017571	4020929	opposite	3358	3358	3358	100.0000	60
FolD11	CM012189.1	5433907	1208408	1255847	NC_030989.1	5212762	4021939	4069386	opposite	47430	47447	47447	99.9642	60
FolD11	CM012189.1	5433907	1033565	1208194	NC_030989.1	5212762	4069624	4245217	opposite	174403	175114	175593	99.5940	60
FolD11	CM012189.1	5433907	1006441	1033230	NC_030989.1	5212762	4245472	4272371	opposite	26772	26780	26899	99.9701	60
FolD11	CM012189.1	5433907	928699	1006253	NC_030989.1	5212762	4272567	4350128	opposite	77552	77561	77561	99.9884	60
FolD11	CM012189.1	5433907	925772	928638	NC_030989.1	5212762	4350409	4353281	opposite	2858	2872	2872	99.5125	60
FolD11	CM012189.1	5433907	473786	925094	NC_030989.1	5212762	4353440	4776066	opposite	422357	451396	422626	93.5668	60
FolD11	CM012189.1	5433907	443292	471125	NC_030989.1	5212762	4777187	4805021	opposite	27833	27834	27834	99.9964	60
FolD11	CM012189.1	5433907	378809	442954	NC_030989.1	5212762	4805363	4869705	opposite	64082	64098	64342	99.9750	60
FolD11	CM012189.1	5433907	240143	378535	NC_030989.1	5212762	4870174	5001938	opposite	130917	137739	131764	95.0472	60
FolD11	CM012189.1	5433907	204301	239339	NC_030989.1	5212762	5002774	5037978	opposite	34899	34918	35204	99.9456	60
FolD11	CM012194.1	3452555	28325	28921	NC_030989.1	5212762	5034515	5035111	opposite	557	596	596	93.4564	60
FolD11	CM012189.1	5433907	122829	200720	NC_030989.1	5212762	5041359	5119265	opposite	77871	77907	77906	99.9538	60
FolD11	CM012189.1	5433907	27891	122748	NC_030989.1	5212762	5119350	5195458	opposite	75784	94793	76108	79.9468	60
FolD11	CM012189.1	5433907	25714	27620	NC_030989.1	5212762	5195685	5197591	opposite	1905	1906	1906	99.9475	60
FolD11	CM012189.1	5433907	10750	25200	NC_030989.1	5212762	5198198	5212648	opposite	14449	14450	14450	99.9931	60
FolD11	CM012190.1	5140509	4900670	4923477	NC_030990.1	4914260	1	22812	opposite	22781	22811	22811	99.8685	60
FolD11	CM012190.1	5140509	4857718	4900540	NC_030990.1	4914260	22964	65793	opposite	42805	42831	42829	99.9393	60
FolD11	CM012190.1	5140509	4854968	4857576	NC_030990.1	4914260	65941	68549	opposite	2608	2608	2608	100.0000	60
FolD11	CM012190.1	5140509	4823978	4854872	NC_030990.1	4914260	68656	99551	opposite	30894	30895	30895	99.9968	60
FolD11	CM012190.1	5140509	4818020	4823837	NC_030990.1	4914260	99697	105514	opposite	5816	5818	5817	99.9656	60
FolD11	CM012190.1	5140509	4784670	4817597	NC_030990.1	4914260	106109	139038	opposite	32924	32929	32929	99.9848	60
FolD11	CM012190.1	5140509	4731313	4783749	NC_030990.1	4914260	139949	192386	opposite	52430	52439	52437	99.9828	60
FolD11	CM012190.1	5140509	4691600	4730934	NC_030990.1	4914260	192757	232134	opposite	39151	39169	39377	99.9540	60
FolD11	CM012190.1	5140509	4684952	4691407	NC_030990.1	4914260	232328	238783	opposite	6455	6455	6455	100.0000	60
FolD11	CM012190.1	5140509	4678462	4684746	NC_030990.1	4914260	239013	245299	opposite	6283	6286	6286	99.9523	60
FolD11	CM012190.1	5140509	4443738	4677580	NC_030990.1	4914260	246065	482614	opposite	233733	236295	236549	98.9158	60
FolD11	CM012187.1	6551299	99416	101282	NC_030990.1	4914260	476208	478074	same	1866	1866	1866	100.0000	1
FolD11	CM012189.1	5433907	5336517	5338383	NC_030990.1	4914260	476208	478074	opposite	1866	1866	1866	100.0000	1
FolD11	CM012196.1	2138808	2133997	2135854	NC_030990.1	4914260	476208	478074	same	1857	1866	1866	99.5177	2
FolD11	RBXW01000036.1	44290	18975	20841	NC_030990.1	4914260	476208	478074	same	1866	1866	1866	100.0000	1
FolD11	CM012189.1	5433907	5332988	5334856	NC_030990.1	4914260	476208	478076	opposite	1868	1868	1868	100.0000	1
FolD11	CM012190.1	5140509	4267715	4442851	NC_030990.1	4914260	483369	658518	opposite	175134	175149	175149	99.9914	60
FolD11	CM012190.1	5140509	4163263	4267617	NC_030990.1	4914260	658608	762966	opposite	104354	104358	104358	99.9962	60
FolD11	CM012190.1	5140509	4106513	4162818	NC_030990.1	4914260	763528	819839	opposite	56301	56312	56311	99.9805	60
FolD11	CM012190.1	5140509	4094571	4106271	NC_030990.1	4914260	820472	832173	opposite	11699	11702	11701	99.9744	60
FolD11	CM012190.1	5140509	4074397	4093949	NC_030990.1	4914260	832813	852366	opposite	19547	19554	19553	99.9642	60
FolD11	CM012190.1	5140509	4047832	4074123	NC_030990.1	4914260	852781	879105	opposite	26198	26225	26324	99.8970	60
FolD11	CM012190.1	5140509	3931861	3987738	NC_030990.1	4914260	880251	936144	opposite	55857	55904	55893	99.9159	60
FolD11	CM012190.1	5140509	3790656	3931731	NC_030990.1	4914260	936290	1077391	opposite	141059	141105	141101	99.9674	60
FolD11	CM012190.1	5140509	3762386	3790428	NC_030990.1	4914260	1077627	1105673	opposite	28039	28046	28046	99.9750	60
FolD11	CM012190.1	5140509	3755361	3762278	NC_030990.1	4914260	1105786	1112704	opposite	6917	6918	6918	99.9855	60
FolD11	CM012190.1	5140509	3754440	3754712	NC_030990.1	4914260	1112691	1112962	opposite	271	272	271	99.6324	60
FolD11	CM012190.1	5140509	3750721	3753965	NC_030990.1	4914260	1113542	1116787	opposite	3241	3245	3245	99.8767	60
FolD11	CM012190.1	5140509	3708827	3750394	NC_030990.1	4914260	1117162	1158737	opposite	41560	41575	41575	99.9639	60
FolD11	CM012190.1	5140509	3654103	3708678	NC_030990.1	4914260	1158895	1213458	opposite	54557	54578	54563	99.9615	60
FolD11	CM012190.1	5140509	3579197	3654031	NC_030990.1	4914260	1213551	1288397	opposite	74823	74848	74846	99.9666	60
FolD11	CM012190.1	5140509	3554839	3578914	NC_030990.1	4914260	1288876	1312953	opposite	24075	24077	24077	99.9917	60
FolD11	CM012190.1	5140509	3539194	3554627	NC_030990.1	4914260	1313164	1328597	opposite	15432	15433	15433	99.9935	60
FolD11	CM012190.1	5140509	3468093	3539100	NC_030990.1	4914260	1328706	1399823	opposite	71005	71017	71117	99.9831	60
FolD11	CM012190.1	5140509	3426430	3467563	NC_030990.1	4914260	1400426	1441561	opposite	41132	41135	41135	99.9927	60
FolD11	CM012190.1	5140509	3354987	3426354	NC_030990.1	4914260	1441643	1513020	opposite	71346	71382	71377	99.9496	60
FolD11	CM012190.1	5140509	3268472	3353783	NC_030990.1	4914260	1514157	1599215	opposite	84542	85726	85058	98.6189	60
FolD11	CM012190.1	5140509	3266347	3268253	NC_030990.1	4914260	1599551	1601459	opposite	1901	1908	1908	99.6331	60
FolD11	CM012190.1	5140509	3264617	3265398	NC_030990.1	4914260	1601975	1602755	opposite	780	781	780	99.8720	60
FolD11	CM012190.1	5140509	3227868	3264319	NC_030990.1	4914260	1603086	1639540	opposite	36445	36455	36454	99.9726	60
FolD11	CM012190.1	5140509	3213744	3227435	NC_030990.1	4914260	1639983	1653678	opposite	13689	13695	13695	99.9562	60
FolD11	CM012190.1	5140509	3155857	3210880	NC_030990.1	4914260	1656506	1711680	opposite	54957	55004	55174	99.9146	60
FolD11	CM012190.1	5140509	3124286	3155767	NC_030990.1	4914260	1711775	1743260	opposite	31475	31485	31485	99.9682	60
FolD11	CM012190.1	5140509	3089142	3123870	NC_030990.1	4914260	1743982	1778713	opposite	34708	34741	34731	99.9050	60
FolD11	CM012190.1	5140509	2930091	3088759	NC_030990.1	4914260	1779181	1937867	opposite	158647	158691	158686	99.9723	60
FolD11	CM012190.1	5140509	2922954	2929977	NC_030990.1	4914260	1937987	1945020	opposite	6881	6883	7033	99.9709	60
FolD11	CM012190.1	5140509	2917534	2922831	NC_030990.1	4914260	1945150	1950447	opposite	5297	5297	5297	100.0000	60
FolD11	CM012190.1	5140509	2832692	2917384	NC_030990.1	4914260	1950610	2035318	opposite	84681	84709	84708	99.9669	60
FolD11	CM012190.1	5140509	2593152	2831890	NC_030990.1	4914260	2036214	2276443	opposite	238638	240130	240229	99.3787	60
FolD11	CM012190.1	5140509	2571546	2593075	NC_030990.1	4914260	2276520	2298058	opposite	21509	21540	21538	99.8561	60
FolD11	CM012190.1	5140509	2521224	2571281	NC_030990.1	4914260	2298533	2348600	opposite	50056	50067	50067	99.9780	60
FolD11	CM012190.1	5140509	2494907	2521066	NC_030990.1	4914260	2348760	2374917	opposite	26156	26159	26157	99.9885	60
FolD11	CM012190.1	5140509	2415088	2493627	NC_030990.1	4914260	2376626	2455542	opposite	78076	78178	78916	99.8695	60
FolD11	CM012190.1	5140509	2403643	2414592	NC_030990.1	4914260	2456197	2467156	opposite	10947	10961	10959	99.8723	60
FolD11	CM012190.1	5140509	2344659	2403532	NC_030990.1	4914260	2467283	2526161	opposite	58872	58879	58878	99.9881	60
FolD11	CM012190.1	5140509	2257593	2344383	NC_030990.1	4914260	2526573	2613958	opposite	86610	87359	87385	99.1426	60
FolD11	CM012195.1	2918466	271018	271662	NC_030990.1	4914260	2599873	2600517	opposite	644	644	644	100.0000	1
FolD11	CM012190.1	5140509	2203943	2256913	NC_030990.1	4914260	2614614	2666681	opposite	51948	52880	52067	98.2375	60
FolD11	CM012190.1	5140509	2137163	2203825	NC_030990.1	4914260	2666819	2733485	opposite	66658	66667	66666	99.9865	60
FolD11	CM012190.1	5140509	2086753	2137092	NC_030990.1	4914260	2733564	2783909	opposite	50338	50345	50345	99.9861	60
FolD11	CM012190.1	5140509	2033576	2085981	NC_030990.1	4914260	2784336	2836751	opposite	52404	52415	52415	99.9790	60
FolD11	CM012190.1	5140509	1978256	2033472	NC_030990.1	4914260	2836866	2892199	opposite	55145	55227	55333	99.8515	60
FolD11	CM012190.1	5140509	1953143	1977907	NC_030990.1	4914260	2892708	2917474	opposite	24756	24768	24766	99.9516	60
FolD11	CM012190.1	5140509	1817060	1952772	NC_030990.1	4914260	2918054	3053862	opposite	135648	135717	135808	99.9492	60
FolD11	CM012190.1	5140509	1669574	1816646	NC_030990.1	4914260	3054346	3201469	opposite	146941	146974	147123	99.9775	60
FolD11	CM012190.1	5140509	1658910	1669430	NC_030990.1	4914260	3201617	3212138	opposite	10520	10521	10521	99.9905	60
FolD11	CM012190.1	5140509	1472992	1658214	NC_030990.1	4914260	3212913	3398310	opposite	185100	185194	185397	99.9492	60
FolD11	CM012190.1	5140509	1440108	1471806	NC_030990.1	4914260	3399483	3431185	opposite	31694	31704	31702	99.9685	60
FolD11	CM012190.1	5140509	1379930	1439721	NC_030990.1	4914260	3431464	3491487	opposite	59714	59740	60023	99.9565	60
FolD11	CM012190.1	5140509	1332859	1379421	NC_030990.1	4914260	3491997	3538560	opposite	46557	46567	46563	99.9785	60
FolD11	CM012190.1	5140509	1277559	1332626	NC_030990.1	4914260	3538803	3593882	opposite	55041	55081	55079	99.9274	60
FolD11	CM012190.1	5140509	1235700	1277299	NC_030990.1	4914260	3594216	3635816	opposite	41597	41600	41600	99.9928	60
FolD11	CM012190.1	5140509	1147130	1235369	NC_030990.1	4914260	3636543	3724782	opposite	88236	88241	88239	99.9943	60
FolD11	CM012190.1	5140509	1127406	1146082	NC_030990.1	4914260	3725545	3744330	opposite	18561	18682	18785	99.3523	60
FolD11	CM012190.1	5140509	1058217	1127174	NC_030990.1	4914260	3744690	3813655	opposite	68954	68965	68965	99.9840	60
FolD11	CM012190.1	5140509	1057637	1058079	NC_030990.1	4914260	3813805	3814249	opposite	441	444	444	99.3243	60
FolD11	CM012190.1	5140509	1027245	1057094	NC_030990.1	4914260	3814826	3844926	opposite	29727	29754	30100	99.9093	60
FolD11	CM012190.1	5140509	911854	1027153	NC_030990.1	4914260	3845010	3960323	opposite	115288	115314	115313	99.9775	60
FolD11	CM012190.1	5140509	848078	911777	NC_030990.1	4914260	3960402	4023430	opposite	63019	63707	63028	98.9201	60
FolD11	CM012190.1	5140509	817271	847949	NC_030990.1	4914260	4023560	4054245	opposite	30674	30687	30685	99.9576	60
FolD11	CM012190.1	5140509	787481	816996	NC_030990.1	4914260	4054637	4084154	opposite	29514	29518	29517	99.9864	60
FolD11	CM012190.1	5140509	738381	786933	NC_030990.1	4914260	4084836	4133392	opposite	48551	48556	48556	99.9897	60
FolD11	CM012190.1	5140509	675939	738082	NC_030990.1	4914260	4133763	4195908	opposite	62141	62147	62145	99.9903	60
FolD11	CM012190.1	5140509	590065	675615	NC_030990.1	4914260	4196331	4281910	opposite	85443	85480	85579	99.9567	60
FolD11	CM012190.1	5140509	476837	589973	NC_030990.1	4914260	4282012	4395156	opposite	113120	113147	113144	99.9761	60
FolD11	CM012190.1	5140509	400456	476716	NC_030990.1	4914260	4395281	4469678	opposite	74391	76264	74397	97.5441	60
FolD11	RBXW01000007.1	2135404	2101544	2103410	NC_030990.1	4914260	4466464	4468330	same	1866	1866	1866	100.0000	0
FolD11	CM012194.1	3452555	3373996	3375864	NC_030990.1	4914260	4466464	4468332	opposite	1868	1868	1868	100.0000	0
FolD11	CM012190.1	5140509	372826	399668	NC_030990.1	4914260	4470528	4497373	opposite	26802	26852	26845	99.8138	60
FolD11	CM012189.1	5433907	5416614	5417736	NC_030990.1	4914260	4483803	4484925	same	1033	1122	1122	92.0677	60
FolD11	RBXW01000021.1	63807	0	5443	NC_030990.1	4914260	4486426	4491893	opposite	5443	5467	5467	99.5610	27
FolD11	CM012192.1	4117910	4099569	4107412	NC_030990.1	4914260	4486426	4494273	opposite	7843	7847	7847	99.9490	19
FolD11	RBXW01000007.1	2135404	2120287	2128131	NC_030990.1	4914260	4486426	4494273	opposite	7843	7848	7847	99.9363	16
FolD11	RBXW01000010.1	49849	4178	12023	NC_030990.1	4914260	4486426	4494273	opposite	7845	7847	7847	99.9745	18
FolD11	RBXW01000020.1	42871	16727	24575	NC_030990.1	4914260	4486426	4494273	opposite	7847	7848	7847	99.9873	15
FolD11	RBXW01000005.1	19872	11813	19657	NC_030990.1	4914260	4486427	4494273	opposite	7843	7847	7846	99.9490	16
FolD11	RBXW01000015.1	1558014	1026187	1034034	NC_030990.1	4914260	4486427	4494273	same	7846	7847	7846	99.9873	15
FolD11	CM012194.1	3452555	3293637	3301482	NC_030990.1	4914260	4486428	4494273	same	7845	7845	7845	100.0000	19
FolD11	RBXW01000017.1	1929982	202248	210091	NC_030990.1	4914260	4486428	4494273	opposite	7843	7845	7845	99.9745	60
FolD11	CM012193.1	3386631	3367026	3374789	NC_030990.1	4914260	4486511	4494273	same	7762	7763	7762	99.9871	16
FolD11	CM012195.1	2918466	405833	408906	NC_030990.1	4914260	4489317	4492390	opposite	2811	3073	3073	91.4741	1
FolD11	CM012189.1	5433907	5418751	5421755	NC_030990.1	4914260	4494274	4497278	same	2751	3009	3004	91.4257	60
FolD11	CM012190.1	5140509	364574	372060	NC_030990.1	4914260	4497976	4505468	opposite	7479	7492	7492	99.8265	60
FolD11	CM012192.1	4117910	4056801	4057043	NC_030990.1	4914260	4499774	4500016	opposite	242	242	242	100.0000	1
FolD11	RBXW01000017.1	1929982	191958	197477	NC_030990.1	4914260	4499778	4505359	opposite	5513	5581	5581	98.7816	60
FolD11	RBXW01000017.1	1929982	20209	26056	NC_030990.1	4914260	4499778	4505629	same	5842	5851	5851	99.8462	20
FolD11	CM012190.1	5140509	361870	364419	NC_030990.1	4914260	4505628	4508179	opposite	2548	2552	2551	99.8433	60
FolD11	CM012190.1	5140509	262771	361321	NC_030990.1	4914260	4508869	4607485	opposite	98499	98520	98616	99.9787	60
FolD11	CM012190.1	5140509	259667	262708	NC_030990.1	4914260	4607550	4610663	opposite	3009	3013	3113	99.8672	60
FolD11	CM012190.1	5140509	194213	258605	NC_030990.1	4914260	4611695	4676156	opposite	64244	64263	64461	99.9704	60
FolD11	CM012190.1	5140509	174613	194109	NC_030990.1	4914260	4676279	4695775	opposite	19495	19496	19496	99.9949	60
FolD11	CM012190.1	5140509	161984	174365	NC_030990.1	4914260	4696050	4708432	opposite	12379	12383	12382	99.9677	60
FolD11	CM012190.1	5140509	108776	161555	NC_030990.1	4914260	4708942	4762396	opposite	52761	53461	53454	98.6906	60
FolD11	CM012190.1	5140509	74786	108462	NC_030990.1	4914260	4762755	4792967	opposite	28769	35117	30212	81.9233	60
FolD11	CM012190.1	5140509	56688	74662	NC_030990.1	4914260	4793102	4811077	opposite	17974	17975	17975	99.9944	60
FolD11	CM012190.1	5140509	39839	56317	NC_030990.1	4914260	4811668	4828146	opposite	16343	16373	16478	99.8168	60
FolD11	CM012190.1	5140509	37495	39468	NC_030990.1	4914260	4828569	4830543	opposite	1973	1974	1974	99.9493	60
FolD11	CM012190.1	5140509	35000	36130	NC_030990.1	4914260	4831121	4832251	opposite	1130	1130	1130	100.0000	60
FolD11	CM012190.1	5140509	24785	34521	NC_030990.1	4914260	4832793	4842530	opposite	9734	9737	9737	99.9692	60
FolD11	RBXW01000036.1	44290	30541	35215	NC_030991.1	4589937	14719	19392	same	4602	4674	4673	98.4596	0
FolD11	RBXW01000002.1	5801746	2560712	2605136	NC_030991.1	4589937	36877	81219	same	44304	44431	44342	99.7142	60
FolD11	RBXW01000002.1	5801746	2611177	2615778	NC_030991.1	4589937	87498	92101	same	4601	4603	4603	99.9566	60
FolD11	RBXW01000002.1	5801746	2616110	2619664	NC_030991.1	4589937	92471	96031	same	3536	3561	3560	99.2980	60
FolD11	RBXW01000002.1	5801746	2619780	2633285	NC_030991.1	4589937	96153	109658	same	13505	13505	13505	100.0000	60
FolD11	RBXW01000002.1	5801746	2633396	2683342	NC_030991.1	4589937	109779	159709	same	49920	49950	49930	99.9399	60
FolD11	RBXW01000002.1	5801746	1490185	1491530	NC_030991.1	4589937	250771	252112	opposite	1268	1346	1341	94.2051	20
FolD11	RBXW01000002.1	5801746	2684613	2685557	NC_030991.1	4589937	389288	390232	same	944	944	944	100.0000	60
FolD11	RBXW01000002.1	5801746	2685699	2694983	NC_030991.1	4589937	390392	399677	same	9284	9285	9285	99.9892	60
FolD11	RBXW01000002.1	5801746	2695158	2833492	NC_030991.1	4589937	399855	543192	same	138118	143205	143337	96.4477	60
FolD11	RBXW01000002.1	5801746	2269199	2269828	NC_030991.1	4589937	410552	411181	same	613	629	629	97.4563	5
FolD11	RBXW01000002.1	5801746	1707343	1710355	NC_030991.1	4589937	475970	478979	same	2966	3012	3009	98.4728	60
FolD11	RBXW01000002.1	5801746	2018004	2020902	NC_030991.1	4589937	495520	498418	same	2898	2898	2898	100.0000	60
FolD11	RBXW01000002.1	5801746	2833654	2834384	NC_030991.1	4589937	543385	544115	same	730	730	730	100.0000	60
FolD11	RBXW01000002.1	5801746	2834964	2867439	NC_030991.1	4589937	544668	577230	same	32443	32468	32562	99.9230	60
FolD11	RBXW01000002.1	5801746	2867674	2908445	NC_030991.1	4589937	577482	617650	same	40156	40774	40168	98.4843	60
FolD11	RBXW01000002.1	5801746	2097282	2099844	NC_030991.1	4589937	585515	588087	same	2516	2579	2572	97.5572	60
FolD11	RBXW01000002.1	5801746	1711604	1714180	NC_030991.1	4589937	585516	588087	same	2530	2576	2571	98.2143	60
FolD11	RBXW01000002.1	5801746	2909486	2914691	NC_030991.1	4589937	618672	623878	same	5177	5206	5206	99.4430	60
FolD11	RBXW01000002.1	5801746	2920937	3014299	NC_030991.1	4589937	629826	723204	same	93314	93422	93378	99.8844	60
FolD11	RBXW01000015.1	1558014	1520472	1526496	NC_030991.1	4589937	629836	635860	opposite	6024	6024	6024	100.0000	5
FolD11	RBXW01000002.1	5801746	2241425	2246799	NC_030991.1	4589937	630486	635860	same	5338	5374	5374	99.3301	2
FolD11	RBXW01000002.1	5801746	1702133	1707346	NC_030991.1	4589937	680552	685776	opposite	4993	5225	5224	95.5598	38
FolD11	RBXW01000002.1	5801746	3014508	3139203	NC_030991.1	4589937	723464	788722	same	64970	124657	65258	52.1190	60
FolD11	RBXW01000002.1	5801746	3238336	3267796	NC_030991.1	4589937	817005	842443	same	23702	31082	25438	76.2564	60
FolD11	RBXW01000002.1	5801746	3272103	3285753	NC_030991.1	4589937	846958	860607	same	13635	13651	13649	99.8828	60
FolD11	RBXW01000002.1	5801746	3285939	3392091	NC_030991.1	4589937	860787	966942	same	106127	106163	106155	99.9661	60
FolD11	RBXW01000002.1	5801746	3394139	3396131	NC_030991.1	4589937	969290	971284	same	1987	1995	1994	99.5990	60
FolD11	RBXW01000002.1	5801746	3396244	3431058	NC_030991.1	4589937	971412	1006230	same	34807	34821	34818	99.9598	60
FolD11	RBXW01000002.1	5801746	3431573	3439593	NC_030991.1	4589937	1006836	1014829	same	7977	8025	7993	99.4019	60
FolD11	RBXW01000002.1	5801746	3448201	3449601	NC_030991.1	4589937	1022765	1024166	same	1398	1401	1401	99.7859	60
FolD11	RBXW01000002.1	5801746	3449854	3451887	NC_030991.1	4589937	1024718	1026751	same	2031	2033	2033	99.9016	60
FolD11	RBXW01000002.1	5801746	3452497	3484307	NC_030991.1	4589937	1027484	1059357	same	31717	31745	31873	99.9118	60
FolD11	RBXW01000002.1	5801746	1947826	1948389	NC_030991.1	4589937	1043939	1044508	same	534	569	569	93.8489	60
FolD11	RBXW01000002.1	5801746	3486308	3567638	NC_030991.1	4589937	1061632	1143065	same	81162	81203	81433	99.9495	60
FolD11	RBXW01000002.1	5801746	3567828	3631103	NC_030991.1	4589937	1143335	1206629	same	63195	63307	63294	99.8231	60
FolD11	RBXW01000002.1	5801746	4300352	4304861	NC_030991.1	4589937	1151262	1155773	opposite	4451	4512	4511	98.6480	60
FolD11	RBXW01000011.1	34710	1815	3866	NC_030991.1	4589937	1180824	1182893	opposite	2047	2069	2069	98.9367	60
FolD11	RBXW01000002.1	5801746	3631286	3633428	NC_030991.1	4589937	1206898	1209042	same	2141	2144	2144	99.8601	60
FolD11	RBXW01000002.1	5801746	3635063	3671989	NC_030991.1	4589937	1210506	1247664	same	36751	37027	37158	99.2546	60
FolD11	RBXW01000002.1	5801746	3672105	3724576	NC_030991.1	4589937	1247776	1299681	same	51746	52509	51905	98.5469	60
FolD11	RBXW01000002.1	5801746	2600881	2612297	NC_030991.1	4589937	1257220	1271483	opposite	11387	14263	14263	79.8359	60
FolD11	RBXW01000002.1	5801746	3725058	3740144	NC_030991.1	4589937	1300339	1315423	same	15083	15086	15084	99.9801	60
FolD11	RBXW01000002.1	5801746	3740341	3780095	NC_030991.1	4589937	1315646	1355418	same	39741	39773	39772	99.9195	60
FolD11	RBXW01000002.1	5801746	3786675	3788449	NC_030991.1	4589937	1362357	1364132	same	1745	1775	1775	98.3099	60
FolD11	RBXW01000002.1	5801746	3789035	3800330	NC_030991.1	4589937	1364760	1376059	same	11288	11299	11299	99.9026	60
FolD11	RBXW01000002.1	5801746	3809819	3825570	NC_030991.1	4589937	1383708	1407611	same	15732	19766	23903	79.5912	60
FolD11	RBXW01000002.1	5801746	1943135	1944599	NC_030991.1	4589937	1650203	1651667	same	1442	1464	1464	98.4973	1
FolD11	CM012195.1	2918466	109556	109931	NC_030991.1	4589937	1804759	1805135	opposite	362	376	376	96.2766	1
FolD11	CM012195.1	2918466	394903	396552	NC_030991.1	4589937	2070469	2072118	same	1649	1649	1649	100.0000	0
FolD11	RBXW01000002.1	5801746	1920050	1922269	NC_030991.1	4589937	2289555	2291776	same	2198	2221	2221	98.9644	1
FolD11	RBXW01000015.1	1558014	1034862	1035622	NC_030991.1	4589937	2532135	2532895	opposite	760	760	760	100.0000	1
FolD11	CM012187.1	6551299	6239942	6240702	NC_030991.1	4589937	2537404	2538181	same	760	777	777	97.8121	1
FolD11	RBXW01000002.1	5801746	1940954	1942570	NC_030991.1	4589937	2559489	2561103	opposite	1566	1616	1614	96.9059	60
FolD11	RBXW01000002.1	5801746	4543183	4725829	NC_030991.1	4589937	2601570	2771612	same	169394	183161	170042	92.4837	60
FolD11	RBXW01000022.1	1573990	149714	164948	NC_030991.1	4589937	2936758	2951323	same	14559	15237	14565	95.5503	60
FolD11	RBXW01000022.1	1573990	165008	348316	NC_030991.1	4589937	2951387	3135536	same	182423	184588	184149	98.8271	60
FolD11	CM012196.1	2138808	846425	851501	NC_030991.1	4589937	3148202	3153278	same	5076	5076	5076	100.0000	60
FolD11	CM012187.1	6551299	61662	64154	NC_030991.1	4589937	3153468	3155754	same	2179	2501	2286	87.1251	3
FolD11	CM012196.1	2138808	1959785	1962727	NC_030991.1	4589937	3234924	3237866	same	2942	2942	2942	100.0000	0
FolD11	CM012188.1	4845296	4258	7111	NC_030991.1	4589937	3234999	3237866	same	2850	2870	2867	99.3031	0
FolD11	RBXW01000022.1	1573990	392043	461271	NC_030991.1	4589937	3429755	3502715	same	69208	72863	72960	94.9837	60
FolD11	CM012196.1	2138808	812905	818054	NC_030991.1	4589937	3453897	3459046	same	5134	5149	5149	99.7087	60
FolD11	CM012196.1	2138808	1844147	1849296	NC_030991.1	4589937	3453897	3459046	opposite	5133	5149	5149	99.6893	26
FolD11	RBXW01000022.1	1573990	461468	466336	NC_030991.1	4589937	3502916	3507785	same	4864	4869	4869	99.8973	60
FolD11	RBXW01000022.1	1573990	474186	478926	NC_030991.1	4589937	3515248	3520380	same	4736	5132	5132	92.2837	60
FolD11	RBXW01000022.1	1573990	480985	654223	NC_030991.1	4589937	3524997	3693317	same	167329	173820	168320	96.2657	60
FolD11	RBXW01000022.1	1573990	656446	661736	NC_030991.1	4589937	3694137	3699427	same	5290	5290	5290	100.0000	60
FolD11	RBXW01000022.1	1573990	663800	707556	NC_030991.1	4589937	3701599	3746126	same	43754	44528	44527	98.2618	60
FolD11	RBXW01000022.1	1573990	707755	708470	NC_030991.1	4589937	3746410	3747126	same	715	716	716	99.8603	21
FolD11	RBXW01000022.1	1573990	708657	715866	NC_030991.1	4589937	3747329	3754539	same	7108	7111	7210	99.9578	60
FolD11	RBXW01000022.1	1573990	716842	789894	NC_030991.1	4589937	3755444	3822901	same	67227	72933	67457	92.1764	60
FolD11	RBXW01000022.1	1573990	793278	846474	NC_030991.1	4589937	3828628	3881826	same	53194	53199	53198	99.9906	60
FolD11	RBXW01000002.1	5801746	2124037	2127656	NC_030991.1	4589937	3909397	3913001	opposite	3570	3619	3604	98.6460	1
FolD11	RBXW01000022.1	1573990	895653	925725	NC_030991.1	4589937	3930413	3961254	same	30071	30841	30841	97.5033	60
FolD11	RBXW01000022.1	1573990	1024179	1104346	NC_030991.1	4589937	3958951	4044366	same	79396	86182	85415	92.1260	60
FolD11	CM012194.1	3452555	3293008	3293489	NC_030991.1	4589937	3963847	3964328	same	481	481	481	100.0000	1
FolD11	RBXW01000022.1	1573990	1094346	1184370	NC_030991.1	4589937	4034366	4124406	same	90003	90046	90040	99.9522	60
FolD11	CM012196.1	2138808	1962723	1985784	NC_030991.1	4589937	4182732	4205313	same	22168	23147	22581	95.7705	60
FolD11	CM012196.1	2138808	1986447	1992741	NC_030991.1	4589937	4206184	4212000	same	5701	6310	5816	90.3487	60
FolD11	RBXW01000022.1	1573990	1273342	1295557	NC_030991.1	4589937	4213057	4235266	same	22066	22217	22209	99.3203	60
FolD11	CM012196.1	2138808	1994980	2013727	NC_030991.1	4589937	4214598	4235275	same	18417	20739	20677	88.8037	60
FolD11	RBXW01000022.1	1573990	1296859	1299397	NC_030991.1	4589937	4236531	4239069	same	2516	2538	2538	99.1332	60
FolD11	CM012196.1	2138808	2014617	2019693	NC_030991.1	4589937	4236531	4241560	same	4953	5099	5029	97.1367	60
FolD11	CM012194.1	3452555	3030583	3030857	NC_030991.1	4589937	4254060	4254334	same	274	274	274	100.0000	23
FolD11	RBXW01000022.1	1573990	1315136	1325302	NC_030991.1	4589937	4261755	4294979	same	10108	31016	33224	32.5896	60
FolD11	RBXW01000022.1	1573990	1295270	1297887	NC_030991.1	4589937	4268740	4271359	same	2616	2619	2619	99.8855	60
FolD11	RBXW01000015.1	1558014	1526713	1527112	NC_030991.1	4589937	4269032	4269431	same	384	400	399	96.0000	60
FolD11	RBXW01000022.1	1573990	1298836	1308758	NC_030991.1	4589937	4272321	4282233	same	9862	9924	9912	99.3753	60
FolD11	CM012196.1	2138808	2022140	2033848	NC_030991.1	4589937	4272924	4283928	same	10826	11718	11004	92.3878	60
FolD11	CM012196.1	2138808	2034088	2044843	NC_030991.1	4589937	4284200	4294979	same	10676	10794	10779	98.9068	60
FolD11	RBXW01000022.1	1573990	1313985	1315631	NC_030991.1	4589937	4287270	4288832	same	1491	1655	1562	90.0906	60
FolD11	CM012196.1	2138808	2047640	2054980	NC_030991.1	4589937	4301380	4308742	same	7083	7421	7362	95.4454	60
FolD11	RBXW01000022.1	1573990	1328095	1358405	NC_030991.1	4589937	4301380	4331690	same	30309	30310	30310	99.9967	60
FolD11	RBXW01000022.1	1573990	1358634	1360768	NC_030991.1	4589937	4331863	4333997	same	2134	2134	2134	100.0000	60
FolD11	RBXW01000022.1	1573990	1361152	1389941	NC_030991.1	4589937	4334637	4364095	same	28789	29458	29458	97.7290	60
FolD11	RBXW01000022.1	1573990	1456262	1538314	NC_030991.1	4589937	4382275	4457102	same	74177	82033	74827	90.4234	60
FolD11	CM012196.1	2138808	1945985	1947661	NC_030991.1	4589937	4488997	4490674	opposite	1674	1677	1677	99.8211	60
FolD11	CM012196.1	2138808	1943915	1944805	NC_030991.1	4589937	4490821	4491711	same	881	890	890	98.9888	60
FolD11	CM012196.1	2138808	1937290	1940134	NC_030991.1	4589937	4494471	4497316	opposite	2843	2845	2845	99.9297	60
FolD11	CM012196.1	2138808	568307	625477	NC_030991.1	4589937	4494471	4556978	same	56468	63181	62507	89.3750	60
FolD11	CM012196.1	2138808	637657	652414	NC_030991.1	4589937	4570990	4580427	same	9299	14678	9437	63.3533	60
FolD11	CM012196.1	2138808	314550	318573	NC_030991.1	4589937	4576404	4580427	same	4005	4037	4023	99.2073	60
FolD11	CM012196.1	2138808	652479	654304	NC_030991.1	4589937	4580496	4582319	same	1821	1825	1823	99.7808	60
FolD11	CM012196.1	2138808	318757	324903	NC_030991.1	4589937	4580826	4587201	same	6108	6377	6375	95.7817	60
FolD11	RBXW01000015.1	1558014	1136681	1138830	NC_030991.1	4589937	4582717	4584918	same	1949	2204	2201	88.4301	47
FolD11	CM012193.1	3386631	3374789	3375831	NC_030992.1	4347182	4031	5074	opposite	1042	1043	1043	99.9041	0
FolD11	RBXW01000005.1	19872	10770	11813	NC_030992.1	4347182	4031	5074	same	1043	1043	1043	100.0000	0
FolD11	CM012193.1	3386631	10764	11667	NC_030992.1	4347182	4176	5080	same	903	904	904	99.8894	0
FolD11	CM012191.1	4408267	9714	15414	NC_030992.1	4347182	5171	10344	same	5001	5870	5173	85.1959	60
FolD11	CM012192.1	4117910	9714	15644	NC_030992.1	4347182	5171	10574	same	5232	6100	5403	85.7705	60
FolD11	RBXW01000002.1	5801746	2139314	2141729	NC_030992.1	4347182	7327	9737	opposite	2256	2419	2410	93.2617	60
FolD11	CM012191.1	4408267	15646	118799	NC_030992.1	4347182	10573	114470	same	103074	103799	103897	99.3015	60
FolD11	CM012191.1	4408267	118946	137447	NC_030992.1	4347182	114634	133181	same	18435	18447	18547	99.9349	60
FolD11	CM012191.1	4408267	137771	150072	NC_030992.1	4347182	133467	145766	same	12294	12302	12299	99.9350	60
FolD11	CM012191.1	4408267	150372	171703	NC_030992.1	4347182	146190	167521	same	21330	21332	21331	99.9906	60
FolD11	CM012191.1	4408267	175166	207630	NC_030992.1	4347182	171005	205499	same	32231	34194	34494	94.2592	60
FolD11	CM012191.1	4408267	208129	211288	NC_030992.1	4347182	206062	209220	same	3158	3159	3158	99.9683	60
FolD11	CM012191.1	4408267	215768	232615	NC_030992.1	4347182	213668	230726	same	16705	16741	17058	99.7850	60
FolD11	CM012191.1	4408267	233505	577282	NC_030992.1	4347182	231306	574583	same	342009	344323	343277	99.3280	60
FolD11	CM012191.1	4408267	579101	587443	NC_030992.1	4347182	576505	584847	same	8341	8342	8342	99.9880	60
FolD11	CM012191.1	4408267	587865	676412	NC_030992.1	4347182	585291	673851	same	88546	88560	88560	99.9842	60
FolD11	CM012191.1	4408267	676563	694962	NC_030992.1	4347182	674051	692450	same	18399	18399	18399	100.0000	60
FolD11	CM012191.1	4408267	695277	732965	NC_030992.1	4347182	692853	730717	same	37652	37678	37864	99.9310	60
FolD11	CM012191.1	4408267	733226	736162	NC_030992.1	4347182	730985	733922	same	2936	2937	2937	99.9660	60
FolD11	CM012191.1	4408267	736764	788864	NC_030992.1	4347182	734986	787068	same	51928	52032	52082	99.8001	60
FolD11	CM012191.1	4408267	789284	837630	NC_030992.1	4347182	787602	835951	same	48343	48349	48349	99.9876	60
FolD11	CM012191.1	4408267	838623	988861	NC_030992.1	4347182	837072	986715	same	149495	150216	149643	99.5200	60
FolD11	CM012191.1	4408267	989123	1027967	NC_030992.1	4347182	987151	1025996	same	38840	38846	38845	99.9846	60
FolD11	CM012191.1	4408267	1028482	1182166	NC_030992.1	4347182	1026595	1180289	same	153679	153697	153694	99.9883	60
FolD11	CM012191.1	4408267	1182241	1252831	NC_030992.1	4347182	1180372	1250965	same	70587	70593	70593	99.9915	60
FolD11	CM012191.1	4408267	1253136	1321971	NC_030992.1	4347182	1251318	1320165	same	68827	68851	68847	99.9651	60
FolD11	CM012191.1	4408267	1322287	1337069	NC_030992.1	4347182	1320543	1335332	same	14775	14790	14789	99.8986	60
FolD11	CM012191.1	4408267	1337195	1362880	NC_030992.1	4347182	1335476	1361131	same	25644	25692	25655	99.8132	60
FolD11	CM012191.1	4408267	1363488	1430676	NC_030992.1	4347182	1361564	1428755	same	67136	67239	67191	99.8468	60
FolD11	CM012191.1	4408267	1430734	1503738	NC_030992.1	4347182	1428821	1501828	same	73004	73007	73007	99.9959	60
FolD11	CM012191.1	4408267	1503942	1563877	NC_030992.1	4347182	1502040	1561978	same	59934	59939	59938	99.9917	60
FolD11	CM012191.1	4408267	1564532	1655342	NC_030992.1	4347182	1562910	1653733	same	90808	90823	90823	99.9835	60
FolD11	CM012191.1	4408267	1655557	1705002	NC_030992.1	4347182	1653972	1703427	same	49444	49456	49455	99.9757	60
FolD11	CM012189.1	5433907	5382313	5382595	NC_030992.1	4347182	1703426	1703708	same	282	282	282	100.0000	60
FolD11	CM012191.1	4408267	1705192	1740930	NC_030992.1	4347182	1703826	1740308	same	35648	36337	36482	98.1039	60
FolD11	CM012191.1	4408267	1742036	1772832	NC_030992.1	4347182	1741465	1772263	same	30794	30800	30798	99.9805	60
FolD11	CM012191.1	4408267	1773131	1786131	NC_030992.1	4347182	1772639	1785639	same	12999	13000	13000	99.9923	60
FolD11	CM012191.1	4408267	1786392	1799344	NC_030992.1	4347182	1786049	1799001	same	12951	12953	12952	99.9846	60
FolD11	CM012191.1	4408267	1799444	1856864	NC_030992.1	4347182	1799107	1857094	same	57249	57292	57987	99.9249	60
FolD11	CM012191.1	4408267	1857179	1859458	NC_030992.1	4347182	1858297	1860576	same	2278	2279	2279	99.9561	60
FolD11	CM012191.1	4408267	1860214	1964112	NC_030992.1	4347182	1860873	1964832	same	103839	103859	103959	99.9807	60
FolD11	CM012191.1	4408267	1964412	1967439	NC_030992.1	4347182	1965324	1968351	same	3027	3027	3027	100.0000	60
FolD11	CM012191.1	4408267	1968806	1996242	NC_030992.1	4347182	1969625	1997070	same	27435	27446	27445	99.9599	60
FolD11	CM012191.1	4408267	1997452	1999358	NC_030992.1	4347182	1998902	2000805	same	1902	1906	1903	99.7901	60
FolD11	CM012191.1	4408267	1999997	2002918	NC_030992.1	4347182	2000906	2003827	same	2906	2924	2921	99.3844	60
FolD11	CM012191.1	4408267	2003956	2055031	NC_030992.1	4347182	2004977	2056068	same	51061	51092	51091	99.9393	60
FolD11	CM012191.1	4408267	2055329	2188245	NC_030992.1	4347182	2056342	2189286	same	132901	132951	132944	99.9624	60
FolD11	CM012191.1	4408267	2188325	2241320	NC_030992.1	4347182	2189377	2242379	same	52989	53007	53002	99.9660	60
FolD11	CM012191.1	4408267	2241470	2280908	NC_030992.1	4347182	2242531	2281972	same	39436	39443	39441	99.9823	60
FolD11	CM012191.1	4408267	2283737	2383999	NC_030992.1	4347182	2283602	2384339	same	100154	100188	100737	99.9661	60
FolD11	CM012191.1	4408267	2384109	2408877	NC_030992.1	4347182	2384456	2409226	same	24766	24771	24770	99.9798	60
FolD11	CM012191.1	4408267	2408995	2509778	NC_030992.1	4347182	2409355	2509886	same	100419	100694	100531	99.7269	60
FolD11	CM012191.1	4408267	2510244	2514491	NC_030992.1	4347182	2510581	2514831	same	4239	4250	4250	99.7412	60
FolD11	CM012191.1	4408267	2515214	2561321	NC_030992.1	4347182	2515424	2561537	same	46104	46114	46113	99.9783	60
FolD11	CM012191.1	4408267	2561543	2688359	NC_030992.1	4347182	2561796	2688630	same	126796	126842	126834	99.9637	60
FolD11	CM012191.1	4408267	2729564	2794664	NC_030992.1	4347182	2689632	2754734	same	65100	65102	65102	99.9969	60
FolD11	CM012191.1	4408267	2794906	2798753	NC_030992.1	4347182	2754968	2758815	same	3847	3847	3847	100.0000	60
FolD11	CM012191.1	4408267	2798867	2824026	NC_030992.1	4347182	2758930	2784092	same	25156	25162	25162	99.9762	60
FolD11	CM012191.1	4408267	2824082	2826746	NC_030992.1	4347182	2784161	2786826	same	2664	2665	2665	99.9625	60
FolD11	CM012191.1	4408267	2826859	2985225	NC_030992.1	4347182	2786944	2945320	same	158359	158379	158376	99.9874	60
FolD11	CM012191.1	4408267	2985561	3005453	NC_030992.1	4347182	2945716	2965612	same	19891	19897	19896	99.9698	60
FolD11	CM012191.1	4408267	3005546	3030889	NC_030992.1	4347182	2965713	2991058	same	25343	25345	25345	99.9921	60
FolD11	CM012191.1	4408267	3032248	3070869	NC_030992.1	4347182	2992863	3031487	same	38616	38624	38624	99.9793	60
FolD11	CM012191.1	4408267	3071061	3161572	NC_030992.1	4347182	3031683	3122195	same	90502	90514	90512	99.9867	60
FolD11	CM012191.1	4408267	3161791	3355286	NC_030992.1	4347182	3122428	3316152	same	192344	193981	193724	99.1561	60
FolD11	CM012191.1	4408267	3355634	3479261	NC_030992.1	4347182	3316572	3439544	same	122958	123637	122972	99.4508	60
FolD11	CM012191.1	4408267	3479575	3532035	NC_030992.1	4347182	3439853	3492416	same	52447	52466	52563	99.9638	60
FolD11	CM012191.1	4408267	3532304	3539424	NC_030992.1	4347182	3492794	3499916	same	7119	7123	7122	99.9438	60
FolD11	CM012191.1	4408267	3540202	3542035	NC_030992.1	4347182	3500762	3502594	same	1831	1833	1832	99.8909	60
FolD11	CM012191.1	4408267	3542138	3543637	NC_030992.1	4347182	3502707	3504205	same	1497	1499	1498	99.8666	60
FolD11	CM012191.1	4408267	3543879	3609240	NC_030992.1	4347182	3504548	3569253	same	64689	65371	64705	98.9567	60
FolD11	CM012191.1	4408267	3609914	3765732	NC_030992.1	4347182	3570121	3726767	same	155590	156345	156646	99.5171	60
FolD11	CM012191.1	4408267	3766692	4034945	NC_030992.1	4347182	3727812	3996160	same	268211	268250	268348	99.9855	60
FolD11	CM012191.1	4408267	4035316	4164671	NC_030992.1	4347182	3996535	4120478	same	123729	129413	123943	95.6079	60
FolD11	CM012191.1	4408267	4165094	4234429	NC_030992.1	4347182	4120914	4190251	same	69331	69339	69337	99.9885	60
FolD11	CM012191.1	4408267	4237300	4337291	NC_030992.1	4347182	4190636	4291720	same	99124	101237	101084	97.9128	60
FolD11	CM012191.1	4408267	4339409	4383969	NC_030992.1	4347182	4293996	4338649	same	44541	44555	44653	99.9686	60
FolD11	CM012192.1	4117910	15470	19566	NC_030993.1	3984410	1596	5716	same	4082	4120	4120	99.0777	60
FolD11	CM012192.1	4117910	19669	106192	NC_030993.1	3984410	5839	94684	same	85761	89536	88845	95.7838	60
FolD11	RBXW01000002.1	5801746	301618	303258	NC_030993.1	3984410	6265	7905	opposite	1503	1640	1640	91.6463	51
FolD11	CM012192.1	4117910	108083	115022	NC_030993.1	3984410	106342	113281	same	6938	6940	6939	99.9712	60
FolD11	CM012192.1	4117910	115578	128042	NC_030993.1	3984410	113799	126266	same	12460	12467	12467	99.9439	60
FolD11	CM012192.1	4117910	129506	158592	NC_030993.1	3984410	127872	156966	same	29073	29100	29094	99.9072	60
FolD11	CM012192.1	4117910	158792	163641	NC_030993.1	3984410	157172	162021	same	4849	4849	4849	100.0000	60
FolD11	CM012192.1	4117910	163900	180017	NC_030993.1	3984410	162340	178460	same	16110	16122	16120	99.9256	60
FolD11	CM012190.1	5140509	4926975	4929119	NC_030993.1	3984410	189656	191800	opposite	1955	2144	2144	91.1847	45
FolD11	CM012192.1	4117910	215428	217247	NC_030993.1	3984410	189757	191576	same	1754	1819	1819	96.4266	60
FolD11	CM012192.1	4117910	218078	246496	NC_030993.1	3984410	193486	222204	same	28288	28313	28718	99.9117	60
FolD11	CM012190.1	5140509	4923937	4925999	NC_030993.1	3984410	193856	195949	opposite	1890	2095	2093	90.2148	43
FolD11	CM012195.1	2918466	2859647	2861703	NC_030993.1	3984410	193858	195914	opposite	1862	2057	2056	90.5202	60
FolD11	CM012192.1	4117910	246922	315712	NC_030993.1	3984410	222704	291621	same	68726	68878	68917	99.7793	60
FolD11	CM012192.1	4117910	315787	573845	NC_030993.1	3984410	291706	550532	same	257986	258727	258826	99.7136	60
FolD11	CM012192.1	4117910	574738	618455	NC_030993.1	3984410	551332	595048	same	43712	43717	43716	99.9886	60
FolD11	CM012192.1	4117910	619455	854986	NC_030993.1	3984410	596079	830945	same	234844	235542	234866	99.7037	60
FolD11	CM012192.1	4117910	855084	875524	NC_030993.1	3984410	831044	851484	same	20438	20441	20440	99.9853	60
FolD11	CM012192.1	4117910	875857	903028	NC_030993.1	3984410	851953	879125	same	27169	27173	27172	99.9853	60
FolD11	CM012192.1	4117910	903495	957939	NC_030993.1	3984410	879662	934369	same	54127	54137	54707	99.9815	60
FolD11	CM012192.1	4117910	958338	1209723	NC_030993.1	3984410	934815	1186355	same	251283	251331	251540	99.9809	60
FolD11	CM012192.1	4117910	1209895	1239469	NC_030993.1	3984410	1186529	1216381	same	29475	29761	29852	99.0390	60
FolD11	CM012192.1	4117910	1239573	1261852	NC_030993.1	3984410	1216488	1238775	same	22278	22287	22287	99.9596	60
FolD11	CM012192.1	4117910	1262765	1292504	NC_030993.1	3984410	1239892	1269638	same	29727	29752	29746	99.9160	60
FolD11	CM012192.1	4117910	1292578	1293961	NC_030993.1	3984410	1269713	1271096	same	1382	1383	1383	99.9277	60
FolD11	CM012192.1	4117910	1294077	1356265	NC_030993.1	3984410	1271215	1333406	same	62182	62197	62191	99.9759	60
FolD11	CM012192.1	4117910	1357544	1397882	NC_030993.1	3984410	1335047	1375474	same	40291	40334	40427	99.8934	60
FolD11	CM012192.1	4117910	1398555	1430924	NC_030993.1	3984410	1376136	1408508	same	32367	32372	32372	99.9846	60
FolD11	CM012192.1	4117910	1431130	1449640	NC_030993.1	3984410	1408706	1427216	same	18506	18511	18510	99.9730	60
FolD11	CM012192.1	4117910	1449757	1530908	NC_030993.1	3984410	1427343	1508497	same	81141	81158	81154	99.9791	60
FolD11	CM012192.1	4117910	1531195	1562260	NC_030993.1	3984410	1508942	1539974	same	30911	30951	31032	99.8708	60
FolD11	CM012192.1	4117910	1562388	1610370	NC_030993.1	3984410	1540191	1588185	same	47978	47994	47994	99.9667	60
FolD11	CM012192.1	4117910	1610587	1619057	NC_030993.1	3984410	1588488	1596956	same	8468	8470	8468	99.9764	60
FolD11	CM012192.1	4117910	1620081	1748104	NC_030993.1	3984410	1597711	1725783	same	127817	127924	128072	99.9164	60
FolD11	CM012192.1	4117910	1748218	1845135	NC_030993.1	3984410	1725913	1822832	same	96914	96921	96919	99.9928	60
FolD11	CM012192.1	4117910	1845341	1872815	NC_030993.1	3984410	1823038	1850514	same	27471	27476	27476	99.9818	60
FolD11	CM012192.1	4117910	1874887	1914610	NC_030993.1	3984410	1852080	1891762	same	39486	39560	39682	99.8129	60
FolD11	CM012192.1	4117910	1914911	1971931	NC_030993.1	3984410	1892159	1948601	same	56143	56837	56442	98.7790	60
FolD11	CM012192.1	4117910	1973577	2265943	NC_030993.1	3984410	1950563	2242236	same	291543	292293	291673	99.7434	60
FolD11	CM012192.1	4117910	2268152	2269309	NC_030993.1	3984410	2244634	2245793	same	1157	1159	1159	99.8274	60
FolD11	CM012192.1	4117910	2275675	2375716	NC_030993.1	3984410	2251543	2351601	same	100008	100060	100058	99.9480	60
FolD11	CM012192.1	4117910	2375824	2442911	NC_030993.1	3984410	2351717	2418803	same	67072	67092	67086	99.9702	60
FolD11	CM012192.1	4117910	2444431	2482333	NC_030993.1	3984410	2419873	2457778	same	37897	37905	37905	99.9789	60
FolD11	CM012192.1	4117910	2482472	2581010	NC_030993.1	3984410	2457939	2556414	same	98361	98447	98475	99.9126	60
FolD11	CM012192.1	4117910	2581266	2597415	NC_030993.1	3984410	2556849	2573004	same	16143	16157	16155	99.9134	60
FolD11	CM012192.1	4117910	2597811	2652382	NC_030993.1	3984410	2573511	2628074	same	54545	54581	54563	99.9340	60
FolD11	CM012192.1	4117910	2652502	2681111	NC_030993.1	3984410	2628202	2656824	same	28609	28622	28622	99.9546	60
FolD11	CM012192.1	4117910	2683699	2708927	NC_030993.1	3984410	2658742	2683976	same	25224	25234	25234	99.9604	60
FolD11	CM012192.1	4117910	2709029	2720121	NC_030993.1	3984410	2684089	2695181	same	11092	11092	11092	100.0000	60
FolD11	CM012192.1	4117910	2720273	2742869	NC_030993.1	3984410	2695344	2717272	same	21927	22597	21928	97.0350	60
FolD11	CM012192.1	4117910	2742952	2762431	NC_030993.1	3984410	2717364	2736844	same	19478	19480	19480	99.9897	60
FolD11	CM012192.1	4117910	2762842	2767777	NC_030993.1	3984410	2737464	2742400	same	4935	4936	4936	99.9797	60
FolD11	CM012192.1	4117910	2767847	2808915	NC_030993.1	3984410	2742474	2783544	same	41065	41072	41070	99.9830	60
FolD11	CM012192.1	4117910	2809407	2826746	NC_030993.1	3984410	2784118	2801563	same	17329	17345	17445	99.9078	60
FolD11	CM012192.1	4117910	2826867	2890687	NC_030993.1	3984410	2801698	2865599	same	63771	63798	63901	99.9577	60
FolD11	CM012192.1	4117910	2890773	2924970	NC_030993.1	3984410	2865688	2899893	same	34157	34207	34205	99.8538	60
FolD11	CM012192.1	4117910	2925161	3054136	NC_030993.1	3984410	2900196	3029183	same	128841	128865	128987	99.9814	60
FolD11	CM012192.1	4117910	3055781	3202440	NC_030993.1	3984410	3030742	3177291	same	146478	146725	146549	99.8317	60
FolD11	CM012192.1	4117910	3202610	3208184	NC_030993.1	3984410	3177474	3183050	same	5571	5576	5576	99.9103	60
FolD11	CM012192.1	4117910	3208799	3223669	NC_030993.1	3984410	3183617	3198490	same	14870	14873	14873	99.9798	60
FolD11	CM012192.1	4117910	3223766	3266800	NC_030993.1	3984410	3198596	3241636	same	43018	43050	43040	99.9257	60
FolD11	CM012192.1	4117910	3266888	3332476	NC_030993.1	3984410	3241741	3307332	same	65586	65593	65591	99.9893	60
FolD11	CM012192.1	4117910	3372634	3413628	NC_030993.1	3984410	3308340	3349341	same	40971	41005	41001	99.9171	60
FolD11	CM012192.1	4117910	3414107	3456708	NC_030993.1	3984410	3349785	3392730	same	42487	42855	42945	99.1413	60
FolD11	CM012192.1	4117910	3457121	3532952	NC_030993.1	3984410	3393168	3469822	same	75769	76556	76654	98.9720	60
FolD11	CM012192.1	4117910	3533128	3534858	NC_030993.1	3984410	3470078	3471809	same	1729	1731	1731	99.8845	60
FolD11	CM012192.1	4117910	3535222	3556189	NC_030993.1	3984410	3472185	3490147	same	17959	20968	17962	85.6496	60
FolD11	CM012192.1	4117910	3557352	3590375	NC_030993.1	3984410	3491452	3524480	same	33016	33029	33028	99.9606	60
FolD11	CM012192.1	4117910	3590976	3591190	NC_030993.1	3984410	3524934	3525148	same	214	214	214	100.0000	60
FolD11	CM012192.1	4117910	3591328	3618470	NC_030993.1	3984410	3525286	3552418	same	27130	27144	27132	99.9484	60
FolD11	CM012192.1	4117910	3618596	3675521	NC_030993.1	3984410	3552562	3609587	same	56785	56791	57025	99.9894	60
FolD11	RBXW01000002.1	5801746	1124244	1130353	NC_030993.1	3984410	3575376	3581486	same	6109	6110	6110	99.9836	0
FolD11	CM012195.1	2918466	2901913	2908024	NC_030993.1	3984410	3575376	3581488	same	6111	6112	6112	99.9836	1
FolD11	CM012192.1	4117910	3676085	3738552	NC_030993.1	3984410	3610169	3672643	same	62458	62475	62474	99.9728	60
FolD11	CM012192.1	4117910	3738655	3785405	NC_030993.1	3984410	3672759	3719515	same	46749	46756	46756	99.9850	60
FolD11	CM012192.1	4117910	3786063	3811222	NC_030993.1	3984410	3720346	3745512	same	25157	25166	25166	99.9642	60
FolD11	CM012192.1	4117910	3811407	3868483	NC_030993.1	3984410	3745704	3802790	same	57051	57089	57086	99.9334	60
FolD11	RBXW01000002.1	5801746	2274827	2275197	NC_030993.1	3984410	3794009	3794379	same	361	370	370	97.5676	60
FolD11	CM012192.1	4117910	3868614	3871543	NC_030993.1	3984410	3802937	3805846	same	2907	2929	2909	99.2489	60
FolD11	CM012192.1	4117910	3872278	3907737	NC_030993.1	3984410	3806637	3842093	same	35449	35463	35456	99.9605	60
FolD11	CM012192.1	4117910	3908359	4019447	NC_030993.1	3984410	3842582	3955307	same	111034	112665	112725	98.5523	60
FolD11	RBXW01000002.1	5801746	2302317	2304372	NC_030993.1	3984410	3935089	3937144	same	1881	2067	2055	91.0015	60
FolD11	RBXW01000002.1	5801746	2306702	2308506	NC_030993.1	3984410	3941088	3942930	same	1676	1844	1842	90.8894	60
FolD11	CM012192.1	4117910	4019803	4048739	NC_030993.1	3984410	3955468	3984410	same	28927	28947	28942	99.9309	60
FolD11	CM012193.1	3386631	13699	35738	NC_030994.1	3304701	0	22046	same	22037	22046	22046	99.9592	60
FolD11	CM012193.1	3386631	36050	60563	NC_030994.1	3304701	22475	47125	same	24474	24492	24650	99.9265	60
FolD11	CM012193.1	3386631	60778	63134	NC_030994.1	3304701	47374	49730	same	2355	2356	2356	99.9576	60
FolD11	CM012193.1	3386631	64056	350704	NC_030994.1	3304701	50668	332403	same	279793	288573	281735	96.9574	60
FolD11	CM012189.1	5433907	5343098	5344966	NC_030994.1	3304701	58568	60436	same	1868	1868	1868	100.0000	0
FolD11	CM012193.1	3386631	351746	629068	NC_030994.1	3304701	333960	610139	same	274071	279075	276179	98.2069	60
FolD11	CM012193.1	3386631	629335	702627	NC_030994.1	3304701	610508	684115	same	73276	73613	73607	99.5422	60
FolD11	CM012193.1	3386631	702871	712295	NC_030994.1	3304701	685146	694570	same	9424	9424	9424	100.0000	60
FolD11	CM012193.1	3386631	712423	1046999	NC_030994.1	3304701	694708	1029887	same	334191	334487	335179	99.9115	60
FolD11	CM012193.1	3386631	1048841	1192493	NC_030994.1	3304701	1032150	1175224	same	142784	143529	143074	99.4809	60
FolD11	CM012193.1	3386631	1192792	1291287	NC_030994.1	3304701	1175466	1273290	same	97819	98500	97824	99.3086	60
FolD11	CM012193.1	3386631	1291716	1300881	NC_030994.1	3304701	1273524	1282695	same	9148	9180	9171	99.6514	60
FolD11	CM012193.1	3386631	1301108	1310520	NC_030994.1	3304701	1282939	1292352	same	9412	9413	9413	99.9894	60
FolD11	CM012193.1	3386631	1310685	1377942	NC_030994.1	3304701	1292540	1359911	same	67251	67273	67371	99.9673	60
FolD11	CM012193.1	3386631	1378301	1452259	NC_030994.1	3304701	1360232	1434329	same	73864	73879	74097	99.9797	60
FolD11	CM012193.1	3386631	1452477	1496848	NC_030994.1	3304701	1434619	1478996	same	44367	44378	44377	99.9752	60
FolD11	CM012193.1	3386631	1497114	1516187	NC_030994.1	3304701	1479165	1498241	same	19070	19077	19076	99.9633	60
FolD11	CM012193.1	3386631	1516356	1544467	NC_030994.1	3304701	1498420	1526533	same	28110	28113	28113	99.9893	60
FolD11	CM012193.1	3386631	1544760	1586498	NC_030994.1	3304701	1526878	1568619	same	41737	41741	41741	99.9904	60
FolD11	CM012193.1	3386631	1587569	1592785	NC_030994.1	3304701	1569775	1574990	same	5214	5216	5215	99.9617	60
FolD11	CM012193.1	3386631	1593620	1600662	NC_030994.1	3304701	1575883	1582924	same	7041	7042	7041	99.9858	60
FolD11	CM012193.1	3386631	1600942	1618261	NC_030994.1	3304701	1583221	1600544	same	17318	17323	17323	99.9711	60
FolD11	CM012193.1	3386631	1618796	1651433	NC_030994.1	3304701	1601073	1633716	same	32636	32643	32643	99.9786	60
FolD11	CM012193.1	3386631	1651587	1780832	NC_030994.1	3304701	1633885	1763153	same	129153	129168	129268	99.9884	60
FolD11	CM012193.1	3386631	1781194	1798371	NC_030994.1	3304701	1763618	1780789	same	17169	17178	17171	99.9476	60
FolD11	CM012193.1	3386631	1798527	1816312	NC_030994.1	3304701	1780948	1798736	same	17784	17789	17788	99.9719	60
FolD11	CM012193.1	3386631	1816476	1867272	NC_030994.1	3304701	1798918	1849814	same	50649	50669	50896	99.9605	60
FolD11	CM012193.1	3386631	1868452	1890326	NC_030994.1	3304701	1851070	1873290	same	21861	21890	22220	99.8675	60
FolD11	CM012193.1	3386631	1890985	1986180	NC_030994.1	3304701	1874252	1969408	same	94786	95018	95156	99.7558	60
FolD11	CM012193.1	3386631	1986448	1992676	NC_030994.1	3304701	1969658	1975890	same	6221	6232	6232	99.8235	60
FolD11	CM012193.1	3386631	2037064	2239088	NC_030994.1	3304701	1977106	2179907	same	201834	202625	202801	99.6096	60
FolD11	CM012193.1	3386631	2239631	2445069	NC_030994.1	3304701	2180634	2386149	same	205116	205418	205515	99.8530	60
FolD11	CM012193.1	3386631	2445236	2480419	NC_030994.1	3304701	2386331	2421523	same	35182	35193	35192	99.9687	60
FolD11	CM012193.1	3386631	2481320	2529410	NC_030994.1	3304701	2422431	2470523	same	48087	48093	48092	99.9875	60
FolD11	CM012193.1	3386631	2531319	2570470	NC_030994.1	3304701	2472387	2510853	same	38466	39151	38466	98.2504	60
FolD11	CM012193.1	3386631	2570887	2624463	NC_030994.1	3304701	2511325	2565214	same	53433	53589	53889	99.7089	60
FolD11	CM012193.1	3386631	2624570	2635764	NC_030994.1	3304701	2565318	2576517	same	11185	11202	11199	99.8482	60
FolD11	CM012193.1	3386631	2636891	2640980	NC_030994.1	3304701	2577393	2581990	same	4068	4073	4597	99.8772	60
FolD11	CM012193.1	3386631	2641262	2685727	NC_030994.1	3304701	2582450	2627055	same	44418	44442	44605	99.9460	60
FolD11	CM012193.1	3386631	2685825	2688195	NC_030994.1	3304701	2627162	2629532	same	2370	2370	2370	100.0000	60
FolD11	CM012193.1	3386631	2688294	2910404	NC_030994.1	3304701	2629643	2851773	same	222106	222131	222130	99.9887	60
FolD11	CM012193.1	3386631	2910588	2932108	NC_030994.1	3304701	2851978	2873560	same	21407	21465	21582	99.7298	60
FolD11	CM012193.1	3386631	2932352	3053220	NC_030994.1	3304701	2873770	2995410	same	120859	121641	121640	99.3571	60
FolD11	RBXW01000015.1	1558014	1423317	1425181	NC_030994.1	3304701	2935065	2936929	opposite	1863	1864	1864	99.9464	6
FolD11	CM012193.1	3386631	3053423	3057316	NC_030994.1	3304701	2995719	2999612	same	3893	3893	3893	100.0000	60
FolD11	CM012193.1	3386631	3180067	3196858	NC_030994.1	3304701	3001828	3018623	opposite	16784	16795	16795	99.9345	60
FolD11	CM012193.1	3386631	3161629	3179999	NC_030994.1	3304701	3018701	3037069	opposite	18367	18370	18368	99.9837	60
FolD11	CM012193.1	3386631	3134847	3161485	NC_030994.1	3304701	3037228	3058667	opposite	21436	26640	21439	80.4655	60
FolD11	CM012193.1	3386631	3083591	3134770	NC_030994.1	3304701	3058748	3115127	opposite	51174	56380	56379	90.7662	60
FolD11	CM012193.1	3386631	3075169	3083450	NC_030994.1	3304701	3115293	3123574	opposite	8280	8282	8281	99.9759	60
FolD11	CM012193.1	3386631	3057314	3074837	NC_030994.1	3304701	3123954	3141478	opposite	17523	17524	17524	99.9943	60
FolD11	RBXW01000015.1	1558014	1354827	1355483	NC_030994.1	3304701	3140217	3140873	same	656	656	656	100.0000	1
FolD11	CM012193.1	3386631	3197198	3206804	NC_030994.1	3304701	3143338	3152946	same	9606	9608	9608	99.9792	60
FolD11	CM012193.1	3386631	3207312	3210011	NC_030994.1	3304701	3153468	3156167	same	2697	2699	2699	99.9259	60
FolD11	CM012193.1	3386631	3210482	3362986	NC_030994.1	3304701	3156728	3304701	same	147959	152514	147973	97.0134	60
FolD11	CM012194.1	3452555	2932609	3024266	NC_030995.1	2896840	0	91675	opposite	91645	91676	91675	99.9662	60
FolD11	CM012194.1	3452555	2892151	2932387	NC_030995.1	2896840	91970	132536	opposite	40229	40468	40566	99.4094	60
FolD11	CM012197.1	52353	23499	23723	NC_030995.1	2896840	123407	123631	opposite	224	224	224	100.0000	60
FolD11	CM012194.1	3452555	2836190	2892082	NC_030995.1	2896840	132601	188495	opposite	55886	55898	55894	99.9785	60
FolD11	CM012194.1	3452555	2704087	2836001	NC_030995.1	2896840	188740	320717	opposite	131789	131820	131977	99.9765	60
FolD11	CM012194.1	3452555	2667704	2703908	NC_030995.1	2896840	320933	357140	opposite	36202	36207	36207	99.9862	60
FolD11	CM012194.1	3452555	2666689	2667153	NC_030995.1	2896840	358018	358484	opposite	462	466	466	99.1416	60
FolD11	CM012194.1	3452555	2656957	2666540	NC_030995.1	2896840	358640	368224	opposite	9583	9584	9584	99.9896	60
FolD11	CM012194.1	3452555	2637416	2656773	NC_030995.1	2896840	368427	387784	opposite	19357	19357	19357	100.0000	60
FolD11	CM012194.1	3452555	2431895	2637147	NC_030995.1	2896840	388113	593609	opposite	205172	205252	205496	99.9610	60
FolD11	CM012194.1	3452555	2403477	2431695	NC_030995.1	2896840	593840	621291	opposite	27450	28218	27451	97.2783	60
FolD11	CM012194.1	3452555	2370848	2403374	NC_030995.1	2896840	621396	653923	opposite	32525	32527	32527	99.9939	60
FolD11	CM012194.1	3452555	2254196	2370727	NC_030995.1	2896840	654059	770678	opposite	116455	116485	116619	99.9742	60
FolD11	CM012194.1	3452555	2250904	2254092	NC_030995.1	2896840	770791	773979	opposite	3188	3188	3188	100.0000	60
FolD11	CM012194.1	3452555	2237778	2250678	NC_030995.1	2896840	774223	787124	opposite	12900	12901	12901	99.9922	60
FolD11	CM012194.1	3452555	1991378	2237641	NC_030995.1	2896840	787263	1033668	opposite	246139	246213	246405	99.9699	60
FolD11	CM012194.1	3452555	1981645	1991141	NC_030995.1	2896840	1033907	1043405	opposite	9494	9499	9498	99.9474	60
FolD11	CM012194.1	3452555	1871342	1981276	NC_030995.1	2896840	1043768	1153734	opposite	109807	109873	109966	99.9399	60
FolD11	CM012194.1	3452555	1808190	1827742	NC_030995.1	2896840	1154742	1174294	opposite	19549	19552	19552	99.9847	60
FolD11	CM012194.1	3452555	1804811	1807968	NC_030995.1	2896840	1174558	1177717	opposite	3157	3159	3159	99.9367	60
FolD11	CM012194.1	3452555	1751805	1804292	NC_030995.1	2896840	1178203	1230696	opposite	52486	52493	52493	99.9867	60
FolD11	CM012194.1	3452555	1720805	1751621	NC_030995.1	2896840	1230903	1258622	opposite	27715	30819	27719	89.9283	60
FolD11	CM012194.1	3452555	1617062	1720720	NC_030995.1	2896840	1258724	1362423	opposite	103488	103505	103699	99.9836	60
FolD11	CM012194.1	3452555	1590099	1616814	NC_030995.1	2896840	1362669	1389387	opposite	26713	26718	26718	99.9813	60
FolD11	CM012194.1	3452555	1587908	1589088	NC_030995.1	2896840	1390349	1391529	opposite	1180	1180	1180	100.0000	60
FolD11	CM012194.1	3452555	1385922	1587425	NC_030995.1	2896840	1392343	1593196	opposite	200826	201527	200853	99.6522	60
FolD11	CM012194.1	3452555	1248748	1385832	NC_030995.1	2896840	1593302	1730369	opposite	136949	137001	137067	99.9620	60
FolD11	CM012194.1	3452555	1239108	1248622	NC_030995.1	2896840	1730507	1740022	opposite	9513	9515	9515	99.9790	60
FolD11	CM012194.1	3452555	1230612	1238950	NC_030995.1	2896840	1740188	1748531	opposite	8337	8343	8343	99.9281	60
FolD11	CM012194.1	3452555	1130532	1230416	NC_030995.1	2896840	1748793	1853588	opposite	99458	104977	104795	94.7427	60
FolD11	CM012194.1	3452555	1117648	1130408	NC_030995.1	2896840	1853713	1866473	opposite	12760	12760	12760	100.0000	60
FolD11	CM012194.1	3452555	1036474	1117416	NC_030995.1	2896840	1866740	1947011	opposite	80262	80950	80271	99.1501	60
FolD11	CM012194.1	3452555	1024754	1036138	NC_030995.1	2896840	1947390	1958775	opposite	11383	11386	11385	99.9737	60
FolD11	CM012194.1	3452555	983199	1024539	NC_030995.1	2896840	1959076	2000417	opposite	41337	41342	41341	99.9879	60
FolD11	CM012194.1	3452555	980008	982341	NC_030995.1	2896840	2001452	2003785	opposite	2333	2333	2333	100.0000	60
FolD11	CM012194.1	3452555	977191	979664	NC_030995.1	2896840	2004202	2006675	opposite	2472	2474	2473	99.9192	60
FolD11	CM012194.1	3452555	879114	976441	NC_030995.1	2896840	2007173	2104586	opposite	97200	97332	97413	99.8644	60
FolD11	CM012194.1	3452555	856280	878846	NC_030995.1	2896840	2104856	2127422	opposite	22564	22567	22566	99.9867	60
FolD11	CM012194.1	3452555	825005	855337	NC_030995.1	2896840	2127623	2158587	opposite	30245	30325	30964	99.7362	60
FolD11	CM012194.1	3452555	555953	824760	NC_030995.1	2896840	2158930	2425732	opposite	265720	269441	266802	98.6190	60
FolD11	CM012194.1	3452555	534571	555860	NC_030995.1	2896840	2425835	2447127	opposite	21289	21292	21292	99.9859	60
FolD11	CM012194.1	3452555	494299	534487	NC_030995.1	2896840	2447220	2487412	opposite	40186	40193	40192	99.9826	60
FolD11	CM012194.1	3452555	427405	488071	NC_030995.1	2896840	2493547	2554216	opposite	60662	60669	60669	99.9885	60
FolD11	CM012194.1	3452555	410264	427174	NC_030995.1	2896840	2554467	2571377	opposite	16910	16910	16910	100.0000	60
FolD11	CM012194.1	3452555	391521	409652	NC_030995.1	2896840	2572177	2590308	opposite	18131	18131	18131	100.0000	60
FolD11	CM012194.1	3452555	372777	391280	NC_030995.1	2896840	2590620	2609122	opposite	18500	18503	18502	99.9838	60
FolD11	CM012194.1	3452555	329051	372480	NC_030995.1	2896840	2609517	2652947	opposite	43416	43430	43430	99.9678	60
FolD11	CM012194.1	3452555	297841	328047	NC_030995.1	2896840	2653983	2684238	opposite	30095	30100	30255	99.9834	60
FolD11	CM012194.1	3452555	286132	295901	NC_030995.1	2896840	2686212	2695981	opposite	9769	9769	9769	100.0000	60
FolD11	CM012194.1	3452555	279585	286011	NC_030995.1	2896840	2696102	2702953	opposite	6426	6751	6851	95.1859	60
FolD11	CM012194.1	3452555	229422	250034	NC_030995.1	2896840	2704154	2724774	opposite	20611	20620	20620	99.9564	60
FolD11	CM012194.1	3452555	222788	228835	NC_030995.1	2896840	2725408	2731459	opposite	6044	6052	6051	99.8678	60
FolD11	CM012194.1	3452555	220987	222235	NC_030995.1	2896840	2732223	2733471	opposite	1248	1248	1248	100.0000	60
FolD11	CM012194.1	3452555	219469	220700	NC_030995.1	2896840	2733699	2734930	opposite	1230	1231	1231	99.9188	60
FolD11	CM012194.1	3452555	189874	219126	NC_030995.1	2896840	2735329	2764662	opposite	29202	29235	29333	99.8871	60
FolD11	CM012194.1	3452555	186892	189680	NC_030995.1	2896840	2764967	2767756	opposite	2784	2790	2789	99.7849	60
FolD11	CM012194.1	3452555	115664	186298	NC_030995.1	2896840	2768344	2838977	opposite	70627	70636	70633	99.9873	60
FolD11	CM012194.1	3452555	108052	114402	NC_030995.1	2896840	2840271	2846656	opposite	6291	6444	6385	97.6257	60
FolD11	CM012194.1	3452555	60343	83032	NC_030995.1	2896840	2873481	2896810	opposite	22684	23330	23329	97.2310	60
FolD11	CM012195.1	2918466	410130	427130	NC_030996.1	2337134	2	17004	same	16998	17002	17002	99.9765	60
FolD11	RBXW01000015.1	1558014	1301274	1302312	NC_030996.1	2337134	660	1698	same	977	1038	1038	94.1233	25
FolD11	CM012195.1	2918466	428043	430098	NC_030996.1	2337134	18038	20092	same	2054	2055	2054	99.9513	60
FolD11	CM012195.1	2918466	430844	611315	NC_030996.1	2337134	20778	201258	same	180377	180543	180480	99.9081	60
FolD11	CM012195.1	2918466	611651	613875	NC_030996.1	2337134	201635	203859	same	2221	2225	2224	99.8202	60
FolD11	CM012195.1	2918466	614554	712565	NC_030996.1	2337134	204631	302652	same	98008	98021	98021	99.9867	60
FolD11	CM012195.1	2918466	713005	782398	NC_030996.1	2337134	303188	372604	same	69247	69286	69416	99.9437	60
FolD11	CM012195.1	2918466	782782	814079	NC_030996.1	2337134	373390	404689	same	31295	31300	31299	99.9840	60
FolD11	CM012195.1	2918466	814903	834175	NC_030996.1	2337134	405647	424918	same	19261	19272	19271	99.9429	60
FolD11	CM012195.1	2918466	834527	851455	NC_030996.1	2337134	425365	441627	same	16242	16938	16262	95.8909	60
FolD11	CM012195.1	2918466	852031	859039	NC_030996.1	2337134	442316	450356	same	7008	7940	8040	88.2620	60
FolD11	CM012195.1	2918466	860252	868183	NC_030996.1	2337134	451558	459555	same	7931	7997	7997	99.1747	60
FolD11	CM012195.1	2918466	922480	956768	NC_030996.1	2337134	460658	494946	same	34287	34288	34288	99.9971	60
FolD11	CM012195.1	2918466	956966	1081749	NC_030996.1	2337134	495147	619935	same	124781	124789	124788	99.9936	60
FolD11	CM012195.1	2918466	1081836	1140494	NC_030996.1	2337134	620025	678665	same	58477	58517	58640	99.9316	60
FolD11	CM012195.1	2918466	1140809	1162146	NC_030996.1	2337134	679003	700341	same	21335	21338	21338	99.9859	60
FolD11	CM012195.1	2918466	1162232	1408461	NC_030996.1	2337134	700449	950625	same	246213	250039	250176	98.4698	60
FolD11	CM012195.1	2918466	1408690	1491636	NC_030996.1	2337134	950985	1034704	same	82943	83721	83719	99.0707	60
FolD11	CM012195.1	2918466	1492437	1651358	NC_030996.1	2337134	1035326	1193651	same	158107	158873	158325	99.5179	60
FolD11	CM012195.1	2918466	1651493	1862296	NC_030996.1	2337134	1193781	1404606	same	210744	210876	210825	99.9374	60
FolD11	CM012195.1	2918466	1862518	1992906	NC_030996.1	2337134	1404850	1535243	same	130386	130395	130393	99.9931	60
FolD11	CM012195.1	2918466	1993231	2133651	NC_030996.1	2337134	1535580	1673575	same	137298	141099	137995	97.3061	60
FolD11	CM012194.1	3452555	3439640	3440139	NC_030996.1	2337134	1641211	1641710	same	499	499	499	100.0000	38
FolD11	CM012195.1	2918466	2133807	2338583	NC_030996.1	2337134	1673737	1878550	same	204761	204816	204813	99.9731	60
FolD11	CM012195.1	2918466	2339671	2341855	NC_030996.1	2337134	1879662	1881846	same	2181	2184	2184	99.8626	60
FolD11	CM012195.1	2918466	2343094	2344609	NC_030996.1	2337134	1883137	1884652	same	1393	1515	1515	91.9472	60
FolD11	CM012195.1	2918466	2359259	2412400	NC_030996.1	2337134	1899330	1952476	same	53138	53146	53146	99.9849	60
FolD11	CM012195.1	2918466	2412508	2622715	NC_030996.1	2337134	1952593	2162040	same	208662	210984	209447	98.8994	60
FolD11	CM012195.1	2918466	2623301	2679223	NC_030996.1	2337134	2162777	2218709	same	55916	55933	55932	99.9696	60
FolD11	CM012195.1	2918466	2679337	2795868	NC_030996.1	2337134	2218828	2337134	same	116390	117685	118306	98.8996	60
FolD11	RBXW01000017.1	1929982	230612	239924	NC_030997.1	2233407	0	9312	same	9310	9313	9312	99.9678	60
FolD11	RBXW01000017.1	1929982	240063	272682	NC_030997.1	2233407	9450	42072	same	32614	32622	32622	99.9755	60
FolD11	RBXW01000017.1	1929982	273063	415525	NC_030997.1	2233407	42313	184986	same	142410	142428	142673	99.9874	60
FolD11	RBXW01000017.1	1929982	415942	453624	NC_030997.1	2233407	185399	222535	same	36869	37539	37136	98.2152	60
FolD11	RBXW01000017.1	1929982	454014	605281	NC_030997.1	2233407	223009	373805	same	150387	151317	150796	99.3854	60
FolD11	RBXW01000017.1	1929982	605353	655443	NC_030997.1	2233407	373876	423975	same	50086	50100	50099	99.9721	60
FolD11	RBXW01000017.1	1929982	655666	667299	NC_030997.1	2233407	424218	435852	same	11632	11634	11634	99.9828	60
FolD11	RBXW01000017.1	1929982	667718	796482	NC_030997.1	2233407	436249	564332	same	128073	128769	128083	99.4595	60
FolD11	RBXW01000017.1	1929982	796605	880349	NC_030997.1	2233407	564467	648212	same	83741	83746	83745	99.9940	60
FolD11	RBXW01000017.1	1929982	880773	926470	NC_030997.1	2233407	648746	694515	same	45638	45673	45769	99.9234	60
FolD11	RBXW01000017.1	1929982	926617	1217665	NC_030997.1	2233407	694672	984185	same	286483	294069	289513	97.4203	60
FolD11	RBXW01000017.1	1929982	1218115	1233260	NC_030997.1	2233407	984686	999831	same	15145	15145	15145	100.0000	60
FolD11	RBXW01000017.1	1929982	1233435	1395170	NC_030997.1	2233407	1000011	1161530	same	160679	162418	161519	98.9293	60
FolD11	RBXW01000015.1	1558014	1291445	1298346	NC_030997.1	2233407	1064602	1071507	opposite	6487	6905	6905	93.9464	60
FolD11	RBXW01000017.1	1929982	1396304	1455909	NC_030997.1	2233407	1162713	1222320	same	59603	59608	59607	99.9916	60
FolD11	RBXW01000017.1	1929982	1456942	1458866	NC_030997.1	2233407	1223400	1225324	same	1924	1924	1924	100.0000	60
FolD11	RBXW01000017.1	1929982	1458965	1528754	NC_030997.1	2233407	1225433	1295355	same	69649	69658	69922	99.9871	60
FolD11	RBXW01000017.1	1929982	1568274	1579070	NC_030997.1	2233407	1296355	1307151	same	10794	10797	10796	99.9722	60
FolD11	RBXW01000017.1	1929982	1579197	1594689	NC_030997.1	2233407	1307282	1322775	same	15491	15493	15493	99.9871	60
FolD11	RBXW01000017.1	1929982	1594882	1610752	NC_030997.1	2233407	1322979	1338849	same	15867	15872	15870	99.9685	60
FolD11	RBXW01000017.1	1929982	1610817	1675166	NC_030997.1	2233407	1338920	1403274	same	64346	64355	64354	99.9860	60
FolD11	RBXW01000017.1	1929982	1675297	1710951	NC_030997.1	2233407	1403405	1439060	same	35653	35655	35655	99.9944	60
FolD11	RBXW01000017.1	1929982	1711125	1720465	NC_030997.1	2233407	1439246	1448588	same	9322	9343	9342	99.7752	60
FolD11	RBXW01000007.1	2135404	1203494	1323128	NC_030997.1	2233407	1445705	1565495	same	119619	119634	119790	99.9875	60
FolD11	RBXW01000007.1	2135404	1323470	1359247	NC_030997.1	2233407	1565939	1601035	same	34900	35674	35096	97.8304	60
FolD11	RBXW01000007.1	2135404	1359650	1409998	NC_030997.1	2233407	1601408	1651597	same	49578	50957	50189	97.2938	60
FolD11	RBXW01000007.1	2135404	1410134	1567467	NC_030997.1	2233407	1651752	1810049	same	157252	158005	158297	99.5234	60
FolD11	RBXW01000007.1	2135404	1567906	1614294	NC_030997.1	2233407	1810679	1857059	same	45553	47213	46380	96.4840	60
FolD11	RBXW01000007.1	2135404	1614486	1616647	NC_030997.1	2233407	1857303	1859466	same	2159	2164	2163	99.7689	60
FolD11	RBXW01000007.1	2135404	1617142	1626249	NC_030997.1	2233407	1859896	1869003	same	9102	9108	9107	99.9341	60
FolD11	RBXW01000007.1	2135404	1626608	1641602	NC_030997.1	2233407	1869463	1884730	same	14914	15169	15267	98.3189	60
FolD11	RBXW01000007.1	2135404	1641871	1671112	NC_030997.1	2233407	1885119	1914361	same	29241	29242	29242	99.9966	60
FolD11	RBXW01000007.1	2135404	1671218	1771222	NC_030997.1	2233407	1914485	2013818	same	99320	100014	99333	99.3061	60
FolD11	RBXW01000007.1	2135404	1771424	1804763	NC_030997.1	2233407	2014039	2047382	same	33335	33344	33343	99.9730	60
FolD11	RBXW01000007.1	2135404	1805030	1845771	NC_030997.1	2233407	2047699	2088344	same	40641	40741	40645	99.7545	60
FolD11	RBXW01000007.1	2135404	1846018	1866457	NC_030997.1	2233407	2088844	2109286	same	20439	20442	20442	99.9853	60
FolD11	RBXW01000007.1	2135404	1866591	1931307	NC_030997.1	2233407	2109416	2174120	same	64075	64690	64704	99.0493	60
FolD11	RBXW01000007.1	2135404	1931585	1968253	NC_030997.1	2233407	2174529	2211298	same	36635	36671	36769	99.9018	60
FolD11	RBXW01000002.1	5801746	1623633	1626520	NC_030997.1	2233407	2182445	2185332	opposite	2887	2887	2887	100.0000	1
FolD11	RBXW01000007.1	2135404	1968608	1990377	NC_030997.1	2233407	2211638	2233407	same	21765	21771	21769	99.9724	60
FolD11	RBXW01000002.1	5801746	302573	317724	NC_030998.1	1751499	0	15151	same	15151	15151	15151	100.0000	60
FolD11	RBXW01000002.1	5801746	317945	321980	NC_030998.1	1751499	15384	19421	same	4034	4037	4037	99.9257	60
FolD11	RBXW01000002.1	5801746	322403	323745	NC_030998.1	1751499	19835	21178	same	1342	1343	1343	99.9255	60
FolD11	RBXW01000002.1	5801746	324217	436894	NC_030998.1	1751499	21613	143742	same	112398	121597	122129	92.4348	60
FolD11	RBXW01000002.1	5801746	437632	508650	NC_030998.1	1751499	144463	215504	same	71007	71041	71041	99.9521	60
FolD11	RBXW01000002.1	5801746	509027	560190	NC_030998.1	1751499	215839	267002	same	51163	51163	51163	100.0000	60
FolD11	RBXW01000002.1	5801746	561122	676797	NC_030998.1	1751499	267637	383321	same	115673	115684	115684	99.9905	60
FolD11	CM012195.1	2918466	167213	167746	NC_030998.1	1751499	363708	364242	opposite	506	534	534	94.7566	60
FolD11	RBXW01000002.1	5801746	678105	737268	NC_030998.1	1751499	384698	441238	same	56539	59164	56540	95.5632	60
FolD11	RBXW01000002.1	5801746	737505	959258	NC_030998.1	1751499	441490	663383	same	221635	221679	221893	99.9802	60
FolD11	RBXW01000002.1	5801746	959764	967523	NC_030998.1	1751499	663944	671703	same	7759	7759	7759	100.0000	60
FolD11	RBXW01000002.1	5801746	968000	992592	NC_030998.1	1751499	672271	696863	same	24592	24592	24592	100.0000	60
FolD11	RBXW01000002.1	5801746	992711	1124246	NC_030998.1	1751499	696986	825808	same	128801	131551	128822	97.9096	60
FolD11	RBXW01000015.1	1558014	0	229373	NC_030998.1	1751499	800580	1021153	same	220517	229414	220573	96.1219	60
FolD11	RBXW01000015.1	1558014	229631	472404	NC_030998.1	1751499	1021513	1265037	same	242477	243353	243524	99.6400	60
FolD11	RBXW01000015.1	1558014	472842	549959	NC_030998.1	1751499	1265523	1342590	same	76596	76850	77067	99.6695	60
FolD11	RBXW01000015.1	1558014	551746	584512	NC_030998.1	1751499	1344417	1377191	same	32765	32774	32774	99.9725	60
FolD11	RBXW01000015.1	1558014	659661	662603	NC_030998.1	1751499	1378199	1381143	same	2936	2945	2944	99.6944	60
FolD11	RBXW01000015.1	1558014	663096	665992	NC_030998.1	1751499	1381662	1384556	same	2890	2897	2894	99.7584	60
FolD11	RBXW01000015.1	1558014	666281	724179	NC_030998.1	1751499	1384903	1442819	same	57886	57916	57916	99.9482	60
FolD11	RBXW01000015.1	1558014	724625	855856	NC_030998.1	1751499	1443484	1574732	same	131210	131252	131248	99.9680	60
FolD11	RBXW01000015.1	1558014	856089	901657	NC_030998.1	1751499	1574981	1624074	same	44888	49566	49093	90.5621	60
FolD11	RBXW01000015.1	1558014	903116	911544	NC_030998.1	1751499	1630467	1638194	same	7626	8329	7727	91.5596	60
FolD11	RBXW01000015.1	1558014	916738	945069	NC_030998.1	1751499	1643500	1671832	same	28328	28332	28332	99.9859	60
FolD11	CM012195.1	2918466	2800024	2803482	NC_030998.1	1751499	1670734	1674191	same	3153	3458	3457	91.1799	60
FolD11	CM012195.1	2918466	2859547	2860635	NC_030998.1	1751499	1670743	1671832	same	1029	1089	1089	94.4904	60
FolD11	CM012187.1	6551299	6399094	6402532	NC_030998.1	1751499	1670752	1674191	same	3121	3440	3439	90.7267	60
FolD11	RBXW01000017.1	1929982	220946	224344	NC_030998.1	1751499	1670802	1674198	same	3084	3398	3396	90.7593	60
FolD11	CM012195.1	2918466	352386	355118	NC_030998.1	1751499	1671467	1674198	same	2520	2735	2731	92.1389	60
FolD11	RBXW01000015.1	1558014	1284836	1287111	NC_030998.1	1751499	1671943	1674217	same	2058	2275	2274	90.4615	60
FolD11	CM012187.1	6551299	6247924	6250141	NC_030998.1	1751499	1671981	1674198	same	2019	2218	2217	91.0280	60
FolD11	RBXW01000015.1	1558014	945330	947435	NC_030998.1	1751499	1672093	1674198	same	1988	2110	2105	94.2180	60
FolD11	RBXW01000002.1	5801746	290916	292847	NC_030998.1	1751499	1672126	1674191	opposite	1759	2066	2065	85.1404	60
FolD11	RBXW01000015.1	1558014	952096	965569	NC_030998.1	1751499	1679624	1693098	same	13473	13474	13474	99.9926	60
FolD11	RBXW01000015.1	1558014	965939	1028781	NC_030998.1	1751499	1693557	1751499	same	57935	62846	57942	92.1857	60
FolD11	CM012196.1	2138808	554689	571278	NC_030999.1	1838362	14776	30498	same	15698	16590	15722	94.6233	60
FolD11	CM012196.1	2138808	309191	314909	NC_030999.1	1838362	65563	71282	same	5718	5719	5719	99.9825	60
FolD11	RBXW01000002.1	5801746	1817606	1820072	NC_030999.1	1838362	74852	77318	same	2398	2466	2466	97.2425	7
FolD11	CM012196.1	2138808	1594255	1838997	NC_030999.1	1838362	106067	352136	opposite	239256	250629	246069	95.4622	60
FolD11	CM012196.1	2138808	1570577	1584613	NC_030999.1	1838362	346583	365744	same	13946	19161	19161	72.7833	60
FolD11	CM012196.1	2138808	1587073	1588778	NC_030999.1	1838362	372870	374575	same	1700	1705	1705	99.7067	60
FolD11	CM012196.1	2138808	1589448	1592224	NC_030999.1	1838362	375322	378099	same	2773	2779	2777	99.7841	60
FolD11	CM012196.1	2138808	1593122	1595260	NC_030999.1	1838362	379099	381238	same	2128	2139	2139	99.4857	60
FolD11	CM012196.1	2138808	1550866	1568653	NC_030999.1	1838362	390689	408459	opposite	17739	17793	17770	99.6965	60
FolD11	CM012196.1	2138808	1449490	1550765	NC_030999.1	1838362	408556	510002	opposite	101189	101308	101446	99.8825	60
FolD11	CM012196.1	2138808	1402155	1449272	NC_030999.1	1838362	510241	556858	opposite	46397	47011	46617	98.6939	60
FolD11	CM012196.1	2138808	1394727	1402020	NC_030999.1	1838362	556996	564289	opposite	7289	7293	7293	99.9452	60
FolD11	CM012196.1	2138808	1381490	1383069	NC_030999.1	1838362	603976	605555	opposite	1579	1579	1579	100.0000	60
FolD11	CM012196.1	2138808	1379525	1381422	NC_030999.1	1838362	605634	607531	opposite	1897	1897	1897	100.0000	60
FolD11	CM012196.1	2138808	1362481	1378394	NC_030999.1	1838362	608172	624085	opposite	15890	15914	15913	99.8492	60
FolD11	CM012196.1	2138808	1296705	1361831	NC_030999.1	1838362	625323	768691	opposite	65018	141366	143368	45.9927	60
FolD11	RBXW01000002.1	5801746	1895528	1896164	NC_030999.1	1838362	659082	659717	opposite	619	636	635	97.3270	60
FolD11	RBXW01000002.1	5801746	1518552	1523817	NC_030999.1	1838362	659816	665081	same	5018	5265	5265	95.3086	60
FolD11	RBXW01000002.1	5801746	1869689	1872174	NC_030999.1	1838362	662558	665046	opposite	2375	2489	2488	95.4198	56
FolD11	RBXW01000002.1	5801746	1855834	1858757	NC_030999.1	1838362	680048	682971	opposite	2923	2923	2923	100.0000	60
FolD11	RBXW01000002.1	5801746	2682641	2684088	NC_030999.1	1838362	703626	705013	opposite	1383	1447	1387	95.5771	60
FolD11	RBXW01000002.1	5801746	1960279	1972175	NC_030999.1	1838362	731865	740320	opposite	8383	11897	8455	70.4631	60
FolD11	CM012196.1	2138808	1272511	1296586	NC_030999.1	1838362	768818	792895	opposite	24047	24081	24077	99.8588	60
FolD11	CM012196.1	2138808	1269104	1272145	NC_030999.1	1838362	793258	796299	opposite	3041	3041	3041	100.0000	60
FolD11	CM012196.1	2138808	1197344	1268604	NC_030999.1	1838362	796800	868142	opposite	71230	71242	71342	99.9832	60
FolD11	CM012187.1	6551299	88122	89744	NC_030999.1	1838362	811274	812906	opposite	1565	1638	1632	95.5433	60
FolD11	CM012188.1	4845296	11945	14786	NC_030999.1	1838362	861008	863853	same	2841	2845	2845	99.8594	3
FolD11	CM012196.1	2138808	1182017	1197236	NC_030999.1	1838362	868266	883487	opposite	15219	15221	15221	99.9869	60
FolD11	CM012196.1	2138808	1085114	1181881	NC_030999.1	1838362	883618	978672	opposite	93621	98153	95054	95.3827	60
FolD11	CM012196.1	2138808	1069015	1084910	NC_030999.1	1838362	979032	1030612	opposite	15879	47164	51580	33.6676	60
FolD11	CM012196.1	2138808	1002669	1015400	NC_030999.1	1838362	1031616	1044349	opposite	12731	12733	12733	99.9843	60
FolD11	CM012196.1	2138808	999949	1002669	NC_030999.1	1838362	1044349	1047069	same	2720	2720	2720	100.0000	60
FolD11	CM012196.1	2138808	992213	999949	NC_030999.1	1838362	1047069	1054806	opposite	7736	7737	7737	99.9871	60
FolD11	CM012196.1	2138808	982775	991991	NC_030999.1	1838362	1055053	1064272	opposite	9198	9228	9219	99.6749	60
FolD11	CM012196.1	2138808	902184	982436	NC_030999.1	1838362	1064518	1144784	opposite	80211	80299	80266	99.8904	60
FolD11	RBXW01000002.1	5801746	1832639	1835377	NC_030999.1	1838362	1130940	1133679	opposite	2682	2739	2739	97.9189	60
FolD11	CM012196.1	2138808	871032	902096	NC_030999.1	1838362	1144875	1170697	opposite	25818	31067	25822	83.1043	60
FolD11	CM012196.1	2138808	778936	815597	NC_030999.1	1838362	1164704	1196203	same	31457	36700	31499	85.7139	60
FolD11	CM012196.1	2138808	528528	531062	NC_030999.1	1838362	1193668	1196203	same	2533	2535	2535	99.9211	60
FolD11	CM012196.1	2138808	532179	533520	NC_030999.1	1838362	1197281	1198622	same	1337	1341	1341	99.7017	60
FolD11	CM012196.1	2138808	818226	833324	NC_030999.1	1838362	1198802	1209319	same	10411	14999	10517	69.4113	60
FolD11	CM012196.1	2138808	833413	845938	NC_030999.1	1838362	1209407	1222514	same	12524	13107	13107	95.5520	60
FolD11	CM012196.1	2138808	551755	554626	NC_030999.1	1838362	1219597	1222468	same	2871	2871	2871	100.0000	60
FolD11	CM012196.1	2138808	1936498	1937729	NC_030999.1	1838362	1238581	1239804	same	1219	1235	1223	98.7045	60
FolD11	CM012196.1	2138808	409725	409988	NC_030999.1	1838362	1239541	1239804	opposite	263	263	263	100.0000	60
FolD11	CM012196.1	2138808	375633	409522	NC_030999.1	1838362	1240012	1276894	opposite	31263	38825	36882	80.5229	60
FolD11	RBXW01000002.1	5801746	1203110	1203698	NC_030999.1	1838362	1254774	1255363	same	583	589	589	98.9813	7
FolD11	RBXW01000002.1	5801746	1204318	1208341	NC_030999.1	1838362	1256043	1260068	same	3952	4026	4025	98.1619	9
FolD11	CM012196.1	2138808	365384	375383	NC_030999.1	1838362	1277439	1287207	opposite	9768	9999	9768	97.6898	60
FolD11	CM012196.1	2138808	359736	364650	NC_030999.1	1838362	1288003	1292919	opposite	4912	4916	4916	99.9186	60
FolD11	CM012195.1	2918466	2857954	2858279	NC_030999.1	1838362	1288055	1288380	same	315	325	325	96.9231	1
FolD11	CM012196.1	2138808	353170	359381	NC_030999.1	1838362	1293415	1299629	opposite	6209	6214	6214	99.9195	60
FolD11	CM012196.1	2138808	328089	354082	NC_030999.1	1838362	1298716	1324718	same	25981	26002	26002	99.9192	60
FolD11	CM012196.1	2138808	624476	627461	NC_030999.1	1838362	1304678	1307665	same	2983	2987	2987	99.8661	60
FolD11	RBXW01000002.1	5801746	1799938	1802812	NC_030999.1	1838362	1315143	1318023	same	2843	2880	2880	98.7153	43
FolD11	RBXW01000002.1	5801746	2104656	2107529	NC_030999.1	1838362	1315144	1318023	opposite	2851	2879	2879	99.0274	41
FolD11	CM012196.1	2138808	322638	329076	NC_030999.1	1838362	1323725	1330398	opposite	6402	6674	6673	95.9245	60
FolD11	CM012196.1	2138808	629192	631687	NC_030999.1	1838362	1327904	1330398	same	2492	2495	2494	99.8798	60
FolD11	CM012196.1	2138808	281562	284235	NC_030999.1	1838362	1327904	1330576	same	2670	2673	2672	99.8878	60
FolD11	CM012196.1	2138808	289844	293719	NC_030999.1	1838362	1336103	1339979	same	3875	3876	3876	99.9742	60
FolD11	CM012196.1	2138808	293711	293934	NC_030999.1	1838362	1340738	1340961	same	223	223	223	100.0000	60
FolD11	CM012196.1	2138808	294007	295549	NC_030999.1	1838362	1341034	1342574	same	1538	1542	1540	99.7406	60
FolD11	CM012196.1	2138808	296371	308965	NC_030999.1	1838362	1342838	1356762	same	12580	13925	13924	90.3411	60
FolD11	CM012196.1	2138808	635460	637773	NC_030999.1	1838362	1346948	1349287	same	2219	2355	2339	94.2251	60
FolD11	CM012196.1	2138808	657052	667375	NC_030999.1	1838362	1357809	1368132	same	10304	10323	10323	99.8159	60
FolD11	CM012196.1	2138808	1953456	1955780	NC_030999.1	1838362	1364616	1366940	opposite	2324	2324	2324	100.0000	1
FolD11	CM012196.1	2138808	670111	671439	NC_030999.1	1838362	1371146	1372475	same	1325	1330	1329	99.6241	60
FolD11	CM012196.1	2138808	676239	677510	NC_030999.1	1838362	1374432	1375703	same	1270	1271	1271	99.9213	60
FolD11	CM012196.1	2138808	690294	700642	NC_030999.1	1838362	1387488	1397836	same	10342	10348	10348	99.9420	60
FolD11	CM012196.1	2138808	700869	775089	NC_030999.1	1838362	1398084	1472309	same	74204	74228	74225	99.9677	60
FolD11	CM012196.1	2138808	461513	464432	NC_030999.1	1838362	1434415	1437334	same	2919	2919	2919	100.0000	60
FolD11	CM012196.1	2138808	2111830	2114749	NC_030999.1	1838362	1434415	1437334	opposite	2919	2919	2919	100.0000	60
FolD11	CM012196.1	2138808	478736	484535	NC_030999.1	1838362	1447999	1453814	same	5798	5815	5815	99.7077	60
FolD11	CM012196.1	2138808	2088119	2094213	NC_030999.1	1838362	1447999	1454109	opposite	6094	6110	6110	99.7381	60
FolD11	CM012196.1	2138808	287383	289694	NC_030999.1	1838362	1460991	1463227	opposite	2159	2311	2236	93.4228	60
FolD11	CM012196.1	2138808	1923788	1925912	NC_030999.1	1838362	1461352	1463458	same	2023	2124	2106	95.2448	60
FolD11	CM012196.1	2138808	776696	778860	NC_030999.1	1838362	1474060	1476224	same	2163	2164	2164	99.9538	60
FolD11	CM012196.1	2138808	1875035	1881145	NC_030999.1	1838362	1543738	1549850	opposite	6110	6112	6112	99.9673	60
FolD11	CM012196.1	2138808	190716	263290	NC_030999.1	1838362	1543754	1615377	opposite	71368	72458	71623	98.4957	60
FolD11	CM012196.1	2138808	2058026	2060979	NC_030999.1	1838362	1577353	1580306	opposite	2897	2953	2953	98.1036	60
FolD11	RBXW01000022.1	1573990	116720	124548	NC_030999.1	1838362	1607549	1615380	same	7825	7832	7831	99.9106	60
FolD11	CM012196.1	2138808	175022	190636	NC_030999.1	1838362	1615466	1631082	opposite	15589	15617	15616	99.8207	60
FolD11	RBXW01000022.1	1573990	1425572	1428296	NC_030999.1	1838362	1631825	1634551	same	2709	2726	2726	99.3764	60
FolD11	CM012196.1	2138808	137586	174839	NC_030999.1	1838362	1631825	1668428	opposite	36543	37284	36603	98.0126	60
FolD11	CM012196.1	2138808	120777	137423	NC_030999.1	1838362	1668615	1685287	opposite	16442	16474	16672	99.8058	60
FolD11	CM012196.1	2138808	116232	118434	NC_030999.1	1838362	1687091	1689293	opposite	2201	2203	2202	99.9092	60
FolD11	CM012196.1	2138808	85127	111057	NC_030999.1	1838362	1694425	1720361	opposite	25912	25937	25936	99.9036	60
FolD11	RBXW01000002.1	5801746	2054331	2059832	NC_030999.1	1838362	1699514	1705016	same	5312	5502	5502	96.5467	60
FolD11	RBXW01000002.1	5801746	1890627	1893796	NC_030999.1	1838362	1699517	1702686	opposite	3040	3169	3169	95.9293	60
FolD11	CM012196.1	2138808	34747	84998	NC_030999.1	1838362	1720492	1770748	opposite	50251	50256	50256	99.9901	60
FolD11	CM012196.1	2138808	1840686	1844147	NC_030999.1	1838362	1723889	1727351	same	3461	3462	3462	99.9711	1
FolD11	RBXW01000002.1	5801746	2143560	2144535	NC_030999.1	1838362	1761781	1762756	same	940	977	975	96.2129	60
FolD11	CM012196.1	2138808	28266	31946	NC_030999.1	1838362	1773715	1777394	opposite	3675	3680	3679	99.8641	60
FolD11	CM012196.1	2138808	12653	25148	NC_030999.1	1838362	1780897	1792625	opposite	11728	12495	11728	93.8615	60
FolD11	RBXW01000024.1	312224	272865	278677	NC_030999.1	1838362	1784761	1790561	same	5659	5813	5800	97.3508	60
FolD11	RBXW01000009.1	54357	14566	21070	NC_030999.1	1838362	1784761	1790573	opposite	5671	6505	5812	87.1791	36
FolD11	RBXW01000037.1	27709	7	6330	NC_030999.1	1838362	1784919	1790561	same	5495	6333	5642	86.7677	60
FolD11	RBXW01000017.1	1929982	1927198	1929975	NC_030999.1	1838362	1815962	1818757	same	2772	2800	2795	99.0000	60
FolD11	CM012196.1	2138808	0	2787	NC_030999.1	1838362	1815962	1818772	opposite	2786	2810	2810	99.1459	60
FolD11	CM012196.1	2138808	1893	10764	NC_031000.1	2434640	2071	10947	same	8871	8876	8876	99.9437	60
FolD11	RBXW01000017.1	1929982	1717581	1928092	NC_031000.1	2434640	2071	212822	opposite	209180	211217	210751	99.0356	60
FolD11	CM012194.1	3452555	11789	12210	NC_031000.1	2434640	12148	12569	same	421	421	421	100.0000	5
FolD11	RBXW01000002.1	5801746	1737125	1738882	NC_031000.1	2434640	12567	14327	opposite	1690	1768	1760	95.5882	58
FolD11	RBXW01000002.1	5801746	1741779	1746564	NC_031000.1	2434640	36750	41452	same	4496	4828	4702	93.1234	1
FolD11	RBXW01000002.1	5801746	211648	217339	NC_031000.1	2434640	68959	74650	same	5690	5691	5691	99.9824	1
FolD11	CM012195.1	2918466	371908	377597	NC_031000.1	2434640	68961	74650	same	5688	5689	5689	99.9824	0
FolD11	CM012195.1	2918466	396551	402238	NC_031000.1	2434640	68962	74649	same	5687	5687	5687	100.0000	0
FolD11	CM012187.1	6551299	6467838	6473510	NC_031000.1	2434640	68976	74649	opposite	5672	5673	5673	99.9824	60
FolD11	CM012195.1	2918466	82077	87750	NC_031000.1	2434640	68976	74649	same	5673	5673	5673	100.0000	60
FolD11	RBXW01000002.1	5801746	2129060	2134166	NC_031000.1	2434640	141497	146610	same	4973	5122	5113	97.0910	1
FolD11	RBXW01000002.1	5801746	1761947	1785291	NC_031000.1	2434640	186912	210040	same	23026	23366	23128	98.5449	2
FolD11	RBXW01000002.1	5801746	1785291	1787973	NC_031000.1	2434640	210040	212723	opposite	2666	2683	2683	99.3664	1
FolD11	RBXW01000002.1	5801746	2270041	2271778	NC_031000.1	2434640	376448	378185	same	1727	1737	1737	99.4243	1
FolD11	CM012194.1	3452555	3431457	3437146	NC_031000.1	2434640	443822	449511	opposite	5687	5689	5689	99.9648	0
FolD11	CM012193.1	3386631	3360046	3365733	NC_031000.1	2434640	443823	449510	opposite	5687	5687	5687	100.0000	10
FolD11	RBXW01000037.1	27709	15413	21100	NC_031000.1	2434640	443823	449510	opposite	5687	5687	5687	100.0000	0
FolD11	RBXW01000007.1	2135404	2030793	2036481	NC_031000.1	2434640	443823	449511	opposite	5687	5688	5688	99.9824	0
FolD11	RBXW01000007.1	2135404	2082153	2087841	NC_031000.1	2434640	443823	449511	opposite	5687	5688	5688	99.9824	0
FolD11	RBXW01000002.1	5801746	1756620	1758625	NC_031000.1	2434640	467841	469840	opposite	1925	2007	1999	95.9143	1
FolD11	CM012194.1	3452555	45662	47029	NC_031000.1	2434640	475760	477101	same	1273	1370	1341	92.9197	6
FolD11	RBXW01000002.1	5801746	1517816	1519551	NC_031000.1	2434640	477422	479157	opposite	1725	1735	1735	99.4236	1
FolD11	RBXW01000007.1	2135404	1200607	1206377	NC_031000.1	2434640	585074	590847	opposite	5754	5773	5773	99.6709	60
FolD11	RBXW01000007.1	2135404	1176652	1200477	NC_031000.1	2434640	590979	614805	opposite	23825	23826	23826	99.9958	60
FolD11	RBXW01000002.1	5801746	1949388	1951711	NC_031000.1	2434640	591725	594049	opposite	2302	2324	2324	99.0534	1
FolD11	RBXW01000007.1	2135404	1161766	1176542	NC_031000.1	2434640	614923	629698	opposite	14775	14776	14775	99.9932	60
FolD11	RBXW01000007.1	2135404	1138985	1161631	NC_031000.1	2434640	629834	657385	opposite	22646	27551	27551	82.1967	60
FolD11	RBXW01000007.1	2135404	1067333	1138888	NC_031000.1	2434640	657494	729057	opposite	71435	71463	71563	99.9608	60
FolD11	RBXW01000007.1	2135404	1033030	1067142	NC_031000.1	2434640	729267	763383	opposite	34099	34117	34116	99.9472	60
FolD11	CM012194.1	3452555	3407756	3409492	NC_031000.1	2434640	752925	754661	same	1727	1736	1736	99.4816	1
FolD11	RBXW01000007.1	2135404	991811	998768	NC_031000.1	2434640	770176	777133	opposite	6956	6957	6957	99.9856	60
FolD11	CM012195.1	2918466	2852283	2853043	NC_031000.1	2434640	771155	771915	same	760	760	760	100.0000	1
FolD11	RBXW01000007.1	2135404	970581	982875	NC_031000.1	2434640	772059	784353	same	12293	12294	12294	99.9919	60
FolD11	RBXW01000007.1	2135404	983102	988943	NC_031000.1	2434640	784620	790461	same	5841	5841	5841	100.0000	60
FolD11	RBXW01000007.1	2135404	991565	991920	NC_031000.1	2434640	793082	793437	same	353	355	355	99.4366	60
FolD11	RBXW01000007.1	2135404	969604	970747	NC_031000.1	2434640	793272	794415	opposite	1143	1143	1143	100.0000	56
FolD11	RBXW01000002.1	5801746	2272047	2273146	NC_031000.1	2434640	800171	801270	opposite	1012	1103	1099	91.7498	32
FolD11	RBXW01000002.1	5801746	1209062	1211341	NC_031000.1	2434640	807858	810137	opposite	2243	2279	2279	98.4204	60
FolD11	RBXW01000007.1	2135404	682256	771767	NC_031000.1	2434640	1001806	1122698	opposite	88312	97543	120892	90.5365	60
FolD11	CM012195.1	2918466	2897498	2901386	NC_031000.1	2434640	1070909	1074809	same	3862	3901	3900	99.0003	60
FolD11	RBXW01000007.1	2135404	676785	681975	NC_031000.1	2434640	1123078	1128271	opposite	5190	5193	5193	99.9422	60
FolD11	RBXW01000007.1	2135404	557649	676588	NC_031000.1	2434640	1128731	1252708	opposite	118389	121637	123977	97.3298	60
FolD11	RBXW01000002.1	5801746	1954294	1956946	NC_031000.1	2434640	1164319	1166971	same	2577	2652	2652	97.1719	1
FolD11	RBXW01000002.1	5801746	1718797	1722236	NC_031000.1	2434640	1180247	1183683	opposite	3258	3439	3436	94.7368	60
FolD11	RBXW01000015.1	1558014	1451960	1454570	NC_031000.1	2434640	1190722	1193340	same	2513	2619	2618	95.9527	0
FolD11	RBXW01000017.1	1929982	215127	215774	NC_031000.1	2434640	1251777	1252424	same	607	647	647	93.8176	0
FolD11	RBXW01000007.1	2135404	420957	557460	NC_031000.1	2434640	1252918	1391314	opposite	135724	136358	138396	99.5350	60
FolD11	RBXW01000017.1	1929982	216625	218093	NC_031000.1	2434640	1253304	1254772	same	1437	1468	1468	97.8883	0
FolD11	RBXW01000007.1	2135404	321423	420282	NC_031000.1	2434640	1391987	1483981	opposite	91976	98870	91994	93.0272	60
FolD11	RBXW01000002.1	5801746	2135398	2136182	NC_031000.1	2434640	1441223	1442005	same	740	785	782	94.2675	1
FolD11	RBXW01000002.1	5801746	2316490	2318190	NC_031000.1	2434640	1458980	1460685	same	1544	1705	1705	90.5572	1
FolD11	RBXW01000002.1	5801746	2319191	2324353	NC_031000.1	2434640	1461604	1466976	same	4781	5411	5372	88.3571	1
FolD11	RBXW01000002.1	5801746	2311162	2312944	NC_031000.1	2434640	1506629	1508411	opposite	1666	1783	1782	93.4380	7
FolD11	RBXW01000007.1	2135404	105186	280870	NC_031000.1	2434640	1518397	1690603	opposite	171925	175714	172206	97.8437	60
FolD11	CM012187.1	6551299	6228789	6232091	NC_031000.1	2434640	1525970	1529684	opposite	3120	3714	3714	84.0065	5
FolD11	CM012187.1	6551299	6226049	6227845	NC_031000.1	2434640	1530696	1532494	opposite	1659	1802	1798	92.0644	5
FolD11	RBXW01000002.1	5801746	2204143	2205943	NC_031000.1	2434640	1533794	1535592	opposite	1743	1800	1798	96.8333	31
FolD11	RBXW01000002.1	5801746	1753245	1754762	NC_031000.1	2434640	1538470	1539990	opposite	1425	1520	1520	93.7500	11
FolD11	RBXW01000007.1	2135404	101064	105186	NC_031000.1	2434640	1690603	1694725	same	4122	4122	4122	100.0000	60
FolD11	RBXW01000007.1	2135404	74042	101064	NC_031000.1	2434640	1694725	1721820	opposite	26911	26936	27095	99.9072	60
FolD11	RBXW01000002.1	5801746	2533877	2556940	NC_031000.1	2434640	1722890	1757317	opposite	22995	34029	34427	67.5747	60
FolD11	RBXW01000007.1	2135404	44923	45358	NC_031000.1	2434640	1752276	1752711	opposite	428	435	435	98.3908	46
FolD11	RBXW01000002.1	5801746	2525790	2527345	NC_031000.1	2434640	1760741	1762324	opposite	1537	1587	1583	96.8494	60
FolD11	RBXW01000007.1	2135404	0	42057	NC_031000.1	2434640	1761636	1803240	opposite	40548	42308	41604	95.8400	60
FolD11	RBXW01000002.1	5801746	2524258	2525792	NC_031000.1	2434640	1764184	1765717	opposite	1527	1534	1533	99.5437	60
FolD11	RBXW01000002.1	5801746	2488171	2521973	NC_031000.1	2434640	1767929	1801995	opposite	33619	33714	34066	99.7182	60
FolD11	RBXW01000002.1	5801746	2458859	2487877	NC_031000.1	2434640	1802357	1831397	opposite	29007	29040	29040	99.8864	60
FolD11	RBXW01000002.1	5801746	2381530	2456943	NC_031000.1	2434640	1833177	1909160	opposite	75064	75922	75983	98.8699	60
FolD11	RBXW01000006.1	105766	39471	67671	NC_031000.1	2434640	1838632	1867770	opposite	27461	29222	29138	93.9737	60
FolD11	RBXW01000006.1	105766	16	33333	NC_031000.1	2434640	1868229	1901703	opposite	33034	33503	33474	98.6001	60
FolD11	RBXW01000016.1	516787	392647	516787	NC_031000.1	2434640	1875644	1999876	opposite	123965	124054	124232	99.9283	60
FolD11	RBXW01000002.1	5801746	2379897	2380768	NC_031000.1	2434640	1909439	1910310	same	831	871	871	95.4076	60
FolD11	RBXW01000002.1	5801746	2375001	2379461	NC_031000.1	2434640	1911044	1915503	opposite	4429	4460	4459	99.3049	60
FolD11	CM012195.1	2918466	360998	361310	NC_031000.1	2434640	1936080	1936418	same	307	338	338	90.8284	46
FolD11	RBXW01000002.1	5801746	1877953	1880420	NC_031000.1	2434640	1948232	1950644	opposite	2282	2468	2412	92.4635	7
FolD11	RBXW01000002.1	5801746	1448629	1451689	NC_031000.1	2434640	1966138	1969209	opposite	3006	3071	3071	97.8834	1
FolD11	CM012192.1	4117910	4066776	4070437	NC_031000.1	2434640	1986388	1990043	opposite	3642	3661	3655	99.4810	60
FolD11	RBXW01000002.1	5801746	1389307	1409238	NC_031000.1	2434640	2000335	2019415	same	18292	20299	19080	90.1128	60
FolD11	RBXW01000016.1	516787	367886	392230	NC_031000.1	2434640	2000335	2024681	opposite	24339	24347	24346	99.9671	60
FolD11	RBXW01000016.1	516787	150384	367683	NC_031000.1	2434640	2025039	2245748	opposite	216575	220875	220709	98.0532	60
FolD11	CM012195.1	2918466	387408	393147	NC_031000.1	2434640	2172873	2178612	same	5739	5739	5739	100.0000	1
FolD11	RBXW01000002.1	5801746	1735443	1737126	NC_031000.1	2434640	2181735	2183418	same	1619	1684	1683	96.1401	28
FolD11	RBXW01000016.1	516787	141939	149213	NC_031000.1	2434640	2246834	2254112	opposite	7266	7278	7278	99.8351	60
FolD11	RBXW01000016.1	516787	118963	136295	NC_031000.1	2434640	2266188	2285992	opposite	17288	19739	19804	87.5830	60
FolD11	RBXW01000002.1	5801746	1844176	1845075	NC_031000.1	2434640	2283364	2284260	same	835	900	896	92.7778	60
FolD11	RBXW01000016.1	516787	106423	117767	NC_031000.1	2434640	2287013	2298357	opposite	11336	11344	11344	99.9295	60
FolD11	RBXW01000016.1	516787	11073	106334	NC_031000.1	2434640	2298467	2395206	opposite	94911	96193	96739	98.6673	60
FolD11	RBXW01000002.1	5801746	3477913	3491550	NC_031000.1	2434640	2363625	2377260	opposite	13368	13650	13635	97.9341	60
FolD11	RBXW01000016.1	516787	0	10846	NC_031000.1	2434640	2395659	2405857	opposite	10175	10868	10198	93.6235	60
FolD11	CM012195.1	2918466	2908251	2918464	NC_031000.1	2434640	2395659	2405884	same	10203	10232	10225	99.7166	24
FolD11	RBXW01000002.1	5801746	3231543	3240702	NC_031000.1	2434640	2425108	2434640	opposite	9150	9535	9532	95.9622	60
