query_genome	query_id	query_length_bp	query_start_0based	query_end_0based	ref_id	ref_length_bp	ref_start_0based	ref_end_0based	orientation	matching_bases	alignment_block_length_bp	ref_span_bp	percent_identity	mapping_quality
Fo47	NC_072840.1	6487135	6361863	6366372	NC_030986.1	6854980	0	4492	opposite	4324	4515	4492	95.7697	60
Fo47	NC_072840.1	6487135	6354699	6361174	NC_030986.1	6854980	5181	11736	opposite	6271	6442	6555	97.3455	60
Fo47	NC_072840.1	6487135	6311904	6336673	NC_030986.1	6854980	33880	59933	opposite	22691	27540	26053	82.3929	60
Fo47	NC_072840.1	6487135	6273302	6308371	NC_030986.1	6854980	62003	93526	opposite	30230	35754	31523	84.5500	60
Fo47	NC_072840.1	6487135	6263070	6270519	NC_030986.1	6854980	108198	115654	opposite	7233	7457	7456	96.9961	60
Fo47	NC_072840.1	6487135	6249522	6252138	NC_030986.1	6854980	117253	119867	opposite	2529	2618	2614	96.6005	60
Fo47	NC_072840.1	6487135	6242445	6242997	NC_030986.1	6854980	124236	124787	opposite	519	552	551	94.0217	60
Fo47	NC_072840.1	6487135	6228798	6241851	NC_030986.1	6854980	126862	139888	opposite	12509	12981	13026	96.3639	60
Fo47	NC_072840.1	6487135	6216413	6225202	NC_030986.1	6854980	140810	152323	opposite	8526	11537	11513	73.9014	60
Fo47	NC_072840.1	6487135	6188725	6211314	NC_030986.1	6854980	171262	193920	opposite	22067	22721	22658	97.1216	60
Fo47	NC_072840.1	6487135	6145706	6188482	NC_030986.1	6854980	194160	240725	opposite	42015	46627	46565	90.1087	60
Fo47	NC_072840.1	6487135	6109746	6143461	NC_030986.1	6854980	243297	274794	opposite	25029	39707	31497	63.0342	60
Fo47	NC_072840.1	6487135	6029119	6107602	NC_030986.1	6854980	292035	365565	opposite	71946	78637	73530	91.4913	60
Fo47	NC_072840.1	6487135	6005136	6029050	NC_030986.1	6854980	365644	389807	opposite	23396	24203	24163	96.6657	60
Fo47	NC_072840.1	6487135	5989245	5998938	NC_030986.1	6854980	395460	405336	opposite	9415	9879	9876	95.3032	60
Fo47	NC_072840.1	6487135	5938502	5960335	NC_030986.1	6854980	409911	431753	opposite	21375	21863	21842	97.7679	60
Fo47	NC_072840.1	6487135	5931512	5936347	NC_030986.1	6854980	434010	438830	opposite	4713	4841	4820	97.3559	60
Fo47	NC_072840.1	6487135	5891752	5931379	NC_030986.1	6854980	438976	478601	opposite	38890	39730	39625	97.8857	60
Fo47	NC_072840.1	6487135	5863832	5891644	NC_030986.1	6854980	478708	506553	opposite	26572	28241	27845	94.0902	60
Fo47	NC_072840.1	6487135	5839089	5854157	NC_030986.1	6854980	517109	532304	opposite	14777	15209	15195	97.1596	60
Fo47	NC_072840.1	6487135	5827343	5832283	NC_030986.1	6854980	533350	538290	opposite	4872	4940	4940	98.6235	60
Fo47	NC_072840.1	6487135	5825841	5826723	NC_030986.1	6854980	538912	539794	opposite	857	882	882	97.1655	60
Fo47	NC_072840.1	6487135	5825199	5825711	NC_030986.1	6854980	539940	540452	opposite	488	512	512	95.3125	60
Fo47	NC_072840.1	6487135	5787663	5825002	NC_030986.1	6854980	540649	577955	opposite	36974	37397	37306	98.8689	60
Fo47	NC_072840.1	6487135	5727997	5787472	NC_030986.1	6854980	578147	637593	opposite	58931	59511	59446	99.0254	60
Fo47	NC_072840.1	6487135	5725085	5726712	NC_030986.1	6854980	638789	640417	opposite	1612	1628	1628	99.0172	60
Fo47	NC_072840.1	6487135	5723249	5724909	NC_030986.1	6854980	640736	642387	opposite	1631	1660	1651	98.2530	60
Fo47	NC_072840.1	6487135	5674442	5722840	NC_030986.1	6854980	643087	691454	opposite	48092	48407	48367	99.3493	60
Fo47	NC_072840.1	6487135	5628487	5674334	NC_030986.1	6854980	691580	737427	opposite	45496	45883	45847	99.1566	60
Fo47	NC_072840.1	6487135	5517441	5627845	NC_030986.1	6854980	738266	847960	opposite	107611	111124	109694	96.8387	60
Fo47	NC_072840.1	6487135	5509611	5517280	NC_030986.1	6854980	848104	855767	opposite	7592	7678	7663	98.8799	60
Fo47	NC_072840.1	6487135	5427977	5509021	NC_030986.1	6854980	856363	937471	opposite	80105	81225	81108	98.6211	60
Fo47	NC_072840.1	6487135	5422040	5427385	NC_030986.1	6854980	937996	943358	opposite	5284	5364	5362	98.5086	60
Fo47	NC_072840.1	6487135	5418954	5421960	NC_030986.1	6854980	943440	946462	opposite	2962	3024	3022	97.9497	60
Fo47	NC_072840.1	6487135	5392567	5416966	NC_030986.1	6854980	949318	973717	opposite	24165	24424	24399	98.9396	60
Fo47	NC_072840.1	6487135	5340406	5392419	NC_030986.1	6854980	973871	1025821	opposite	51597	52034	51950	99.1602	60
Fo47	NC_072840.1	6487135	5303552	5340184	NC_030986.1	6854980	1026045	1062598	opposite	36329	36665	36553	99.0836	60
Fo47	NC_072840.1	6487135	5242209	5303444	NC_030986.1	6854980	1062723	1123966	opposite	60754	61280	61243	99.1416	60
Fo47	NC_072840.1	6487135	5228091	5238863	NC_030986.1	6854980	1127152	1137952	opposite	10696	10805	10800	98.9912	60
Fo47	NC_072840.1	6487135	5151119	5227941	NC_030986.1	6854980	1138113	1215128	opposite	76243	76937	77015	99.0980	60
Fo47	NC_072840.1	6487135	5122600	5148463	NC_030986.1	6854980	1217556	1243454	opposite	25673	25910	25898	99.0853	60
Fo47	NC_072840.1	6487135	5044043	5121658	NC_030986.1	6854980	1244348	1322616	opposite	76881	78436	78268	98.0175	60
Fo47	NC_072840.1	6487135	4966468	5043882	NC_030986.1	6854980	1322784	1400307	opposite	76784	77418	77523	99.1811	60
Fo47	NC_072840.1	6487135	4934936	4965884	NC_030986.1	6854980	1401054	1432011	opposite	30743	30975	30957	99.2510	60
Fo47	NC_072840.1	6487135	4925180	4927775	NC_030986.1	6854980	1439493	1442090	opposite	2549	2597	2597	98.1517	60
Fo47	NC_072840.1	6487135	4800763	4924917	NC_030986.1	6854980	1442279	1565615	opposite	120834	125574	123336	96.2253	60
Fo47	NC_072840.1	6487135	4791465	4800365	NC_030986.1	6854980	1566074	1574979	opposite	8847	8905	8905	99.3487	60
Fo47	NC_072840.1	6487135	4762757	4791300	NC_030986.1	6854980	1575156	1603705	opposite	28321	28560	28549	99.1632	60
Fo47	NC_072840.1	6487135	4706267	4710056	NC_030986.1	6854980	1604705	1608496	opposite	3768	3792	3791	99.3671	60
Fo47	NC_072840.1	6487135	4603580	4704645	NC_030986.1	6854980	1610354	1711439	opposite	100316	101256	101085	99.0717	60
Fo47	NC_072840.1	6487135	4581485	4603474	NC_030986.1	6854980	1711541	1733541	opposite	21811	22047	22000	98.9296	60
Fo47	NC_072840.1	6487135	4559836	4580989	NC_030986.1	6854980	1734176	1755293	opposite	20969	21198	21117	98.9197	60
Fo47	NC_072840.1	6487135	4476473	4559723	NC_030986.1	6854980	1755401	1838835	opposite	82612	83264	83434	99.2169	60
Fo47	NC_072840.1	6487135	4450007	4475863	NC_030986.1	6854980	1839452	1866150	opposite	25673	26725	26698	96.0636	60
Fo47	NC_072840.1	6487135	4437263	4448459	NC_030986.1	6854980	1867885	1879114	opposite	11110	11248	11229	98.7731	60
Fo47	NC_072840.1	6487135	4406000	4436755	NC_030986.1	6854980	1879754	1910582	opposite	30492	30877	30828	98.7531	60
Fo47	NC_072840.1	6487135	4356442	4405552	NC_030986.1	6854980	1911218	1960778	opposite	48688	49127	49560	99.1064	60
Fo47	NC_072840.1	6487135	4329149	4355916	NC_030986.1	6854980	1961368	1988142	opposite	26552	26811	26774	99.0340	60
Fo47	NC_072840.1	6487135	4281594	4328779	NC_030986.1	6854980	1988594	2035931	opposite	46703	47165	47337	99.0205	60
Fo47	NC_072840.1	6487135	4277767	4281052	NC_030986.1	6854980	2036756	2040066	opposite	3260	3313	3310	98.4002	60
Fo47	NC_072840.1	6487135	4264145	4277192	NC_030986.1	6854980	2040554	2053619	opposite	12950	13068	13065	99.0970	60
Fo47	NC_072840.1	6487135	4230042	4263186	NC_030986.1	6854980	2054359	2087439	opposite	32867	33168	33080	99.0925	60
Fo47	NC_072840.1	6487135	4064534	4229384	NC_030986.1	6854980	2087927	2250772	opposite	161597	165212	162845	97.8119	60
Fo47	NC_072840.1	6487135	4006790	4064139	NC_030986.1	6854980	2251302	2308623	opposite	56837	57297	57321	99.1972	60
Fo47	NC_072840.1	6487135	3937329	4006677	NC_030986.1	6854980	2308742	2377965	opposite	68699	69483	69223	98.8717	60
Fo47	NC_072840.1	6487135	3888120	3937234	NC_030986.1	6854980	2378057	2427177	opposite	48719	49180	49120	99.0626	60
Fo47	NC_072840.1	6487135	3886653	3887085	NC_030986.1	6854980	2428308	2428740	opposite	432	432	432	100.0000	60
Fo47	NC_072840.1	6487135	3754945	3882324	NC_030986.1	6854980	2433148	2560625	opposite	126566	127555	127477	99.2246	60
Fo47	NC_072840.1	6487135	3729216	3754633	NC_030986.1	6854980	2561055	2586394	opposite	25078	25440	25339	98.5770	60
Fo47	NC_072840.1	6487135	3701285	3721927	NC_030986.1	6854980	2596068	2616198	opposite	19836	20672	20130	95.9559	60
Fo47	NC_072840.1	6487135	3684939	3701204	NC_030986.1	6854980	2616280	2632513	opposite	16115	16268	16233	99.0595	60
Fo47	NC_072840.1	6487135	3655212	3684051	NC_030986.1	6854980	2634085	2662913	opposite	28611	28897	28828	99.0103	60
Fo47	NC_072840.1	6487135	3640147	3654986	NC_030986.1	6854980	2663281	2678117	opposite	14754	14847	14836	99.3736	60
Fo47	NC_072840.1	6487135	3619754	3639778	NC_030986.1	6854980	2678480	2698506	opposite	19915	20027	20026	99.4408	60
Fo47	NC_072840.1	6487135	3614036	3619454	NC_030986.1	6854980	2698746	2704155	opposite	5371	5421	5409	99.0777	60
Fo47	NC_072840.1	6487135	3523673	3613878	NC_030986.1	6854980	2704314	2794413	opposite	89400	90367	90099	98.9299	60
Fo47	NC_072840.1	6487135	3419000	3523581	NC_030986.1	6854980	2794507	2899757	opposite	103936	105321	105250	98.6850	60
Fo47	NC_072840.1	6487135	3409074	3418507	NC_030986.1	6854980	2900219	2909649	opposite	9366	9440	9430	99.2161	60
Fo47	NC_072840.1	6487135	3368841	3408732	NC_030986.1	6854980	2910153	2950021	opposite	39543	39934	39868	99.0209	60
Fo47	NC_072840.1	6487135	3343141	3368721	NC_030986.1	6854980	2950137	2975731	opposite	25424	25611	25594	99.2698	60
Fo47	NC_072840.1	6487135	3045206	3342360	NC_030986.1	6854980	2977184	3274241	opposite	294912	297313	297057	99.1924	60
Fo47	NC_072840.1	6487135	3040371	3044967	NC_030986.1	6854980	3274486	3279088	opposite	4567	4613	4602	99.0028	60
Fo47	NC_072840.1	6487135	2978651	3039923	NC_030986.1	6854980	3279507	3341020	opposite	60753	61396	61513	98.9527	60
Fo47	NC_072840.1	6487135	2935003	2977778	NC_030986.1	6854980	3341778	3384547	opposite	42531	42811	42769	99.3460	60
Fo47	NC_072840.1	6487135	2808021	2934817	NC_030986.1	6854980	3384726	3511518	opposite	125828	126974	126792	99.0975	60
Fo47	NC_072840.1	6487135	2691538	2807536	NC_030986.1	6854980	3511844	3625585	opposite	112970	116077	113741	97.3233	60
Fo47	NC_072840.1	6487135	2690098	2691407	NC_030986.1	6854980	3625718	3627027	opposite	1298	1309	1309	99.1597	60
Fo47	NC_072840.1	6487135	2686314	2689804	NC_030986.1	6854980	3627347	3630814	opposite	3439	3490	3467	98.5387	60
Fo47	NC_072840.1	6487135	2684806	2686183	NC_030986.1	6854980	3631042	3632427	opposite	1371	1387	1385	98.8464	60
Fo47	NC_072840.1	6487135	2602770	2684572	NC_030986.1	6854980	3632639	3714483	opposite	81162	81896	81844	99.1037	60
Fo47	NC_072840.1	6487135	2567562	2601358	NC_030986.1	6854980	3715878	3749639	opposite	33535	33821	33761	99.1544	60
Fo47	NC_072840.1	6487135	2414372	2567446	NC_030986.1	6854980	3749762	3903652	opposite	151829	153579	153890	98.8605	60
Fo47	NC_072840.1	6487135	2392543	2413573	NC_030986.1	6854980	3905362	3927150	opposite	20820	21692	21788	95.9801	60
Fo47	NC_072840.1	6487135	2367436	2392279	NC_030986.1	6854980	3927500	3952293	opposite	24609	24891	24793	98.8671	60
Fo47	NC_072840.1	6487135	2288422	2367339	NC_030986.1	6854980	3952389	4031489	opposite	78121	78854	79100	99.0704	60
Fo47	NC_072840.1	6487135	2281853	2287789	NC_030986.1	6854980	4032197	4038134	opposite	5908	5937	5937	99.5115	60
Fo47	NC_072840.1	6487135	2276230	2281601	NC_030986.1	6854980	4038496	4043866	opposite	5345	5375	5370	99.4419	60
Fo47	NC_072840.1	6487135	2044499	2276142	NC_030986.1	6854980	4043960	4276331	opposite	229870	232646	232371	98.8068	60
Fo47	NC_072840.1	6487135	2038802	2043997	NC_030986.1	6854980	4276883	4282055	opposite	5144	5195	5172	99.0183	60
Fo47	NC_072840.1	6487135	2026568	2038540	NC_030986.1	6854980	4282857	4294882	opposite	11918	12030	12025	99.0690	60
Fo47	NC_072840.1	6487135	1978411	2025588	NC_030986.1	6854980	4295892	4343292	opposite	46828	47208	47400	99.1951	60
Fo47	NC_072840.1	6487135	1877378	1978146	NC_030986.1	6854980	4343647	4444539	opposite	99918	100952	100892	98.9758	60
Fo47	NC_072840.1	6487135	1870679	1877118	NC_030986.1	6854980	4447683	4454123	opposite	6390	6441	6440	99.2082	60
Fo47	NC_072840.1	6487135	1837650	1870408	NC_030986.1	6854980	4454410	4485563	opposite	30477	32731	31153	93.1136	60
Fo47	NC_072840.1	6487135	1835695	1837173	NC_030986.1	6854980	4487523	4489001	opposite	1470	1480	1478	99.3243	60
Fo47	NC_072840.1	6487135	1807333	1833342	NC_030986.1	6854980	4491869	4517636	opposite	25382	25970	25767	97.7358	60
Fo47	NC_072840.1	6487135	1800128	1803651	NC_030986.1	6854980	4521289	4524813	opposite	3494	3524	3524	99.1487	60
Fo47	NC_072840.1	6487135	1741169	1799966	NC_030986.1	6854980	4524976	4580341	opposite	54926	58881	55365	93.2831	60
Fo47	NC_072840.1	6487135	1624140	1740978	NC_030986.1	6854980	4580548	4697682	opposite	116176	117213	117134	99.1153	60
Fo47	NC_072840.1	6487135	1508952	1624076	NC_030986.1	6854980	4697755	4812752	opposite	114127	115125	114997	99.1331	60
Fo47	NC_072840.1	6487135	1395788	1508801	NC_030986.1	6854980	4812901	4927291	opposite	111818	114470	114390	97.6832	60
Fo47	NC_072840.1	6487135	1374471	1395551	NC_030986.1	6854980	4927857	4948985	opposite	20737	21108	21128	98.2424	60
Fo47	NC_072840.1	6487135	1371127	1374085	NC_030986.1	6854980	4949469	4952425	opposite	2945	2958	2956	99.5605	60
Fo47	NC_072840.1	6487135	1368289	1370866	NC_030986.1	6854980	4952818	4955393	opposite	2564	2578	2575	99.4569	60
Fo47	NC_072840.1	6487135	1346410	1367620	NC_030986.1	6854980	4955991	4977347	opposite	20826	21320	21356	97.6829	60
Fo47	NC_072840.1	6487135	1265722	1346306	NC_030986.1	6854980	4977456	5058122	opposite	80019	80698	80666	99.1586	60
Fo47	NC_072840.1	6487135	1250565	1256198	NC_030986.1	6854980	5064344	5070046	opposite	5250	5756	5702	91.2092	60
Fo47	NC_072840.1	6487135	1196157	1250158	NC_030986.1	6854980	5070450	5124491	opposite	53463	54171	54041	98.6930	60
Fo47	NC_072840.1	6487135	1162352	1195025	NC_030986.1	6854980	5125635	5158303	opposite	32416	32719	32668	99.0739	60
Fo47	NC_072840.1	6487135	1028489	1162162	NC_030986.1	6854980	5158564	5292335	opposite	132771	133737	133771	99.2777	60
Fo47	NC_072840.1	6487135	977469	1028387	NC_030986.1	6854980	5292446	5343375	opposite	50304	50888	50929	98.8524	60
Fo47	NC_072840.1	6487135	976085	977469	NC_030986.1	6854980	5343375	5344759	same	1363	1384	1384	98.4827	60
Fo47	NC_072840.1	6487135	974255	976081	NC_030986.1	6854980	5344763	5346577	opposite	1793	1826	1814	98.1928	60
Fo47	NC_072840.1	6487135	921259	973647	NC_030986.1	6854980	5347194	5399582	opposite	51574	52195	52388	98.8102	60
Fo47	NC_072840.1	6487135	907335	918533	NC_030986.1	6854980	5401371	5412580	opposite	11018	11221	11209	98.1909	60
Fo47	NC_072840.1	6487135	885515	907223	NC_030986.1	6854980	5412704	5434408	opposite	21465	21720	21704	98.8260	60
Fo47	NC_072840.1	6487135	884204	884942	NC_030986.1	6854980	5435537	5436277	opposite	722	740	740	97.5676	60
Fo47	NC_072840.1	6487135	882205	883960	NC_030986.1	6854980	5436527	5438270	opposite	1635	1761	1743	92.8450	60
Fo47	NC_072840.1	6487135	858296	881130	NC_030986.1	6854980	5438777	5461689	opposite	22288	22643	22912	98.4322	60
Fo47	NC_072840.1	6487135	788126	855033	NC_030986.1	6854980	5465226	5534022	opposite	65129	69530	68796	93.6704	60
Fo47	NC_072840.1	6487135	769350	787850	NC_030986.1	6854980	5534378	5552646	opposite	18006	18514	18268	97.2561	60
Fo47	NC_072840.1	6487135	768369	768922	NC_030986.1	6854980	5553107	5553660	opposite	550	553	553	99.4575	60
Fo47	NC_072840.1	6487135	687084	768312	NC_030986.1	6854980	5553717	5634952	opposite	80506	81312	81235	99.0088	60
Fo47	NC_072840.1	6487135	680244	685266	NC_030986.1	6854980	5637912	5642945	opposite	4975	5036	5033	98.7887	60
Fo47	NC_072840.1	6487135	672972	679995	NC_030986.1	6854980	5643252	5650275	opposite	6968	7026	7023	99.1745	60
Fo47	NC_072840.1	6487135	594723	672690	NC_030986.1	6854980	5650546	5729216	opposite	76555	78853	78670	97.0857	60
Fo47	NC_072840.1	6487135	565096	593456	NC_030986.1	6854980	5730363	5759985	opposite	27929	29709	29622	94.0085	60
Fo47	NC_072840.1	6487135	563526	564421	NC_030986.1	6854980	5760634	5761529	opposite	886	895	895	98.9944	60
Fo47	NC_072840.1	6487135	509017	561252	NC_030986.1	6854980	5764865	5814539	opposite	48374	52463	49674	92.2059	60
Fo47	NC_072840.1	6487135	491343	508029	NC_030986.1	6854980	5815244	5831924	opposite	16313	16716	16680	97.5891	60
Fo47	NC_072840.1	6487135	463765	491181	NC_030986.1	6854980	5832086	5859616	opposite	26591	27423	27530	96.9661	60
Fo47	NC_072840.1	6487135	459916	463266	NC_030986.1	6854980	5860203	5863615	opposite	3265	3432	3412	95.1340	60
Fo47	NC_072846.1	4259108	3232912	3254629	NC_030986.1	6854980	5873554	5895225	same	21380	21735	21671	98.3667	60
Fo47	NC_072846.1	4259108	3379298	3398724	NC_030986.1	6854980	5969004	5985389	same	16008	19451	16385	82.2991	60
Fo47	NC_072846.1	4259108	2705470	2707311	NC_030986.1	6854980	5987018	5988851	opposite	1747	1843	1833	94.7911	5
Fo47	NC_072846.1	4259108	3624302	3626377	NC_030986.1	6854980	5987486	5989431	opposite	1886	2076	1945	90.8478	1
Fo47	NC_072848.1	3277645	28852	29260	NC_030986.1	6854980	6014577	6014987	opposite	397	410	410	96.8293	0
Fo47	NC_072850.1	2853886	28971	29379	NC_030986.1	6854980	6014577	6014987	opposite	397	410	410	96.8293	1
Fo47	NC_072846.1	4259108	2805091	2808076	NC_030986.1	6854980	6032400	6035365	opposite	2942	2986	2965	98.5265	60
Fo47	NC_072845.1	4300638	76029	81071	NC_030986.1	6854980	6035417	6040461	opposite	4799	5053	5044	94.9733	60
Fo47	NC_072845.1	4300638	62423	73177	NC_030986.1	6854980	6043129	6053872	opposite	10494	10760	10743	97.5279	60
Fo47	NC_072846.1	4259108	2036035	2036935	NC_030986.1	6854980	6073591	6074491	opposite	881	900	900	97.8889	1
Fo47	NC_072850.1	2853886	159424	159763	NC_030986.1	6854980	6073592	6073931	opposite	333	339	339	98.2301	15
Fo47	NC_072850.1	2853886	155409	156890	NC_030986.1	6854980	6074965	6076427	opposite	1430	1481	1462	96.5564	0
Fo47	NC_072846.1	4259108	1081302	1081597	NC_030986.1	6854980	6089067	6089362	opposite	288	295	295	97.6271	37
Fo47	NC_072846.1	4259108	424823	428942	NC_030986.1	6854980	6090819	6094638	same	3774	4120	3819	91.6019	1
Fo47	NC_072846.1	4259108	2639542	2642206	NC_030986.1	6854980	6120611	6123222	opposite	2528	2667	2611	94.7882	1
Fo47	NC_072850.1	2853886	99110	101937	NC_030986.1	6854980	6130116	6133004	same	2717	2888	2888	94.0789	45
Fo47	NC_072846.1	4259108	1225616	1228426	NC_030986.1	6854980	6130194	6133004	opposite	2704	2810	2810	96.2278	5
Fo47	NC_072840.1	6487135	273228	275339	NC_030986.1	6854980	6152182	6154334	opposite	1968	2152	2152	91.4498	0
Fo47	NC_072846.1	4259108	2673780	2691019	NC_030986.1	6854980	6158345	6177989	same	16523	19710	19644	83.8305	60
Fo47	NC_072846.1	4259108	845976	847594	NC_030986.1	6854980	6173560	6175177	same	1546	1618	1617	95.5501	2
Fo47	NC_072846.1	4259108	3628350	3630334	NC_030986.1	6854980	6179552	6181537	opposite	1940	1985	1985	97.7330	11
Fo47	NC_072846.1	4259108	2128296	2129434	NC_030986.1	6854980	6215448	6216653	opposite	1101	1205	1205	91.3693	60
Fo47	NC_072846.1	4259108	2106389	2128132	NC_030986.1	6854980	6216844	6234227	opposite	16299	21990	17383	74.1201	60
Fo47	NC_072846.1	4259108	2254698	2256571	NC_030986.1	6854980	6238716	6240589	opposite	1771	1873	1873	94.5542	1
Fo47	NC_072846.1	4259108	1465908	1467008	NC_030986.1	6854980	6241273	6242733	same	1048	1472	1460	71.1957	16
Fo47	NC_072846.1	4259108	4184535	4186750	NC_030986.1	6854980	6261003	6263220	same	2144	2219	2217	96.6201	59
Fo47	NC_072846.1	4259108	3492473	3494277	NC_030986.1	6854980	6275388	6277192	opposite	1774	1804	1804	98.3370	1
Fo47	NC_072850.1	2853886	217178	218111	NC_030986.1	6854980	6276289	6277222	same	895	933	933	95.9271	0
Fo47	NC_072846.1	4259108	3082898	3084869	NC_030986.1	6854980	6285351	6287322	same	1930	1971	1971	97.9198	1
Fo47	NC_072850.1	2853886	84568	85871	NC_030986.1	6854980	6293458	6294762	same	1262	1304	1304	96.7791	60
Fo47	NC_072846.1	4259108	1649489	1650728	NC_030986.1	6854980	6293459	6294698	same	1157	1246	1239	92.8571	11
Fo47	NC_072846.1	4259108	2087958	2091103	NC_030986.1	6854980	6426001	6429113	same	2973	3146	3112	94.5010	13
Fo47	NC_072846.1	4259108	613729	619276	NC_030986.1	6854980	6444725	6450273	same	5472	5548	5548	98.6301	27
Fo47	NC_072846.1	4259108	620057	623788	NC_030986.1	6854980	6453279	6457008	same	3619	3732	3729	96.9721	49
Fo47	NC_072846.1	4259108	885492	904221	NC_030986.1	6854980	6456748	6472228	same	15237	18754	15480	81.2467	49
Fo47	NC_072846.1	4259108	3118055	3119935	NC_030986.1	6854980	6481737	6483605	same	1718	1881	1868	91.3344	1
Fo47	NC_072851.1	2552985	88075	90676	NC_030986.1	6854980	6487211	6489817	same	2480	2611	2606	94.9828	0
Fo47	NC_072846.1	4259108	376141	376791	NC_030986.1	6854980	6494280	6494930	same	637	650	650	98.0000	1
Fo47	NC_072846.1	4259108	2045516	2047851	NC_030986.1	6854980	6513827	6516161	same	2278	2335	2334	97.5589	1
Fo47	NC_072846.1	4259108	2023731	2032823	NC_030986.1	6854980	6533116	6542191	same	8788	9107	9075	96.4972	1
Fo47	NC_072846.1	4259108	1187194	1195031	NC_030986.1	6854980	6536923	6544775	opposite	7779	7865	7852	98.9065	0
Fo47	NC_072846.1	4259108	991023	1028315	NC_030986.1	6854980	6544788	6582865	same	36709	38038	38077	96.5061	60
Fo47	NC_072846.1	4259108	1877185	1877801	NC_030986.1	6854980	6567440	6568054	opposite	590	617	614	95.6240	1
Fo47	NC_072846.1	4259108	1867651	1870439	NC_030986.1	6854980	6572220	6574881	same	2501	2798	2661	89.3853	1
Fo47	NC_072850.1	2853886	329340	338135	NC_030986.1	6854980	6650589	6660646	same	8715	10058	10057	86.6474	60
Fo47	NC_072846.1	4259108	3924225	3926520	NC_030986.1	6854980	6657882	6660171	same	2221	2295	2289	96.7756	1
Fo47	NC_072850.1	2853886	274807	290688	NC_030986.1	6854980	6671248	6683601	opposite	12242	15922	12353	76.8873	60
Fo47	NC_072846.1	4259108	882371	884196	NC_030986.1	6854980	6714451	6716278	opposite	1742	1828	1827	95.2954	30
Fo47	NC_072850.1	2853886	241550	243766	NC_030986.1	6854980	6714451	6716669	opposite	2043	2219	2218	92.0685	60
Fo47	NC_072848.1	3277645	37094	46767	NC_030986.1	6854980	6724778	6734455	same	9638	9678	9677	99.5867	1
Fo47	NC_072850.1	2853886	37211	46884	NC_030986.1	6854980	6724778	6734455	same	9638	9678	9677	99.5867	1
Fo47	NC_072846.1	4259108	1753803	1757487	NC_030986.1	6854980	6741433	6745138	same	3527	3706	3705	95.1700	26
Fo47	NC_072846.1	4259108	2105670	2106090	NC_030986.1	6854980	6752238	6752658	opposite	415	420	420	98.8095	60
Fo47	NC_072846.1	4259108	3960669	3962807	NC_030986.1	6854980	6796549	6798648	same	2021	2139	2099	94.4834	60
Fo47	NC_072846.1	4259108	3092671	3093693	NC_030986.1	6854980	6815814	6816836	same	982	1022	1022	96.0861	1
Fo47	NC_072846.1	4259108	1357431	1362549	NC_030987.1	5577357	6187	11307	opposite	4973	5122	5120	97.0910	11
Fo47	NC_072843.1	4731052	4655217	4684306	NC_030987.1	5577357	36402	65892	opposite	28529	29405	29490	97.0209	60
Fo47	NC_072843.1	4731052	4638244	4647143	NC_030987.1	5577357	104699	113040	opposite	8066	8936	8341	90.2641	60
Fo47	NC_072843.1	4731052	4615573	4634370	NC_030987.1	5577357	113737	132563	opposite	18400	18843	18826	97.6490	60
Fo47	NC_072843.1	4731052	4608091	4611794	NC_030987.1	5577357	138341	142036	opposite	3589	3713	3695	96.6604	60
Fo47	NC_072843.1	4731052	4600833	4607711	NC_030987.1	5577357	142420	149293	opposite	6730	6881	6873	97.8056	60
Fo47	NC_072843.1	4731052	4572901	4592118	NC_030987.1	5577357	149759	171976	opposite	18619	22084	22217	84.3099	60
Fo47	NC_072843.1	4731052	4571971	4572837	NC_030987.1	5577357	178144	179009	opposite	853	866	865	98.4988	60
Fo47	NC_072843.1	4731052	4569254	4571005	NC_030987.1	5577357	179986	181735	opposite	1721	1752	1749	98.2306	60
Fo47	NC_072843.1	4731052	4562373	4568297	NC_030987.1	5577357	182808	188731	opposite	5809	5928	5923	97.9926	60
Fo47	NC_072843.1	4731052	4547351	4562280	NC_030987.1	5577357	188826	203691	opposite	14566	14944	14865	97.4706	60
Fo47	NC_072843.1	4731052	4546855	4547343	NC_030987.1	5577357	203848	204334	same	460	488	486	94.2623	60
Fo47	NC_072843.1	4731052	4518804	4546801	NC_030987.1	5577357	204334	232609	opposite	27295	28010	28275	97.4473	60
Fo47	NC_072843.1	4731052	4511616	4518696	NC_030987.1	5577357	232719	239799	opposite	6950	7085	7080	98.0946	60
Fo47	NC_072843.1	4731052	4496681	4511334	NC_030987.1	5577357	240084	254721	opposite	14069	14700	14637	95.7075	60
Fo47	NC_072843.1	4731052	4462454	4489774	NC_030987.1	5577357	256609	274672	opposite	17641	27344	18063	64.5151	60
Fo47	NC_072843.1	4731052	4458678	4462175	NC_030987.1	5577357	274947	278587	opposite	3352	3654	3640	91.7351	60
Fo47	NC_072843.1	4731052	4450635	4457570	NC_030987.1	5577357	280002	286874	opposite	6772	6947	6872	97.4809	60
Fo47	NC_072843.1	4731052	4448608	4449821	NC_030987.1	5577357	287728	288936	opposite	1200	1214	1208	98.8468	60
Fo47	NC_072843.1	4731052	4431867	4447832	NC_030987.1	5577357	289684	305807	opposite	15630	15971	16123	97.8649	60
Fo47	NC_072843.1	4731052	4429437	4431752	NC_030987.1	5577357	305944	308258	opposite	2281	2316	2314	98.4888	60
Fo47	NC_072843.1	4731052	4400742	4429139	NC_030987.1	5577357	308699	338987	opposite	27864	30312	30288	91.9240	60
Fo47	NC_072843.1	4731052	4379733	4400402	NC_030987.1	5577357	339359	360202	opposite	20170	20604	20843	97.8936	60
Fo47	NC_072843.1	4731052	4378838	4379608	NC_030987.1	5577357	360310	361077	opposite	733	772	767	94.9482	60
Fo47	NC_072843.1	4731052	4375083	4375547	NC_030987.1	5577357	365089	365553	opposite	453	464	464	97.6293	60
Fo47	NC_072843.1	4731052	4346200	4371305	NC_030987.1	5577357	369269	395746	opposite	24389	26602	26477	91.6811	60
Fo47	NC_072843.1	4731052	4334287	4345634	NC_030987.1	5577357	396692	408047	opposite	11111	11431	11355	97.2006	60
Fo47	NC_072843.1	4731052	4325239	4334098	NC_030987.1	5577357	408231	417102	opposite	8763	8880	8871	98.6824	60
Fo47	NC_072843.1	4731052	4287103	4325047	NC_030987.1	5577357	417279	455229	opposite	37466	37997	37950	98.6025	60
Fo47	NC_072843.1	4731052	4255150	4286987	NC_030987.1	5577357	455345	486213	opposite	30052	31895	30868	94.2217	60
Fo47	NC_072843.1	4731052	4243427	4253282	NC_030987.1	5577357	487758	497620	opposite	9598	9869	9862	97.2540	60
Fo47	NC_072843.1	4731052	4222816	4243127	NC_030987.1	5577357	497897	518222	opposite	20112	20331	20325	98.9228	60
Fo47	NC_072843.1	4731052	4219869	4222959	NC_030987.1	5577357	518079	521165	opposite	2868	3090	3086	92.8155	60
Fo47	NC_072843.1	4731052	4201440	4217284	NC_030987.1	5577357	523769	539525	opposite	15349	15899	15756	96.5407	60
Fo47	NC_072843.1	4731052	4123352	4196658	NC_030987.1	5577357	541599	621183	opposite	71912	79677	79584	90.2544	60
Fo47	NC_072843.1	4731052	4117357	4121770	NC_030987.1	5577357	627309	631721	opposite	4351	4414	4412	98.5727	60
Fo47	NC_072843.1	4731052	4092711	4117229	NC_030987.1	5577357	631877	656521	opposite	23624	24619	24644	95.9584	60
Fo47	NC_072843.1	4731052	4055247	4088195	NC_030987.1	5577357	660378	693676	opposite	32215	33338	33298	96.6315	60
Fo47	NC_072843.1	4731052	3917038	4052767	NC_030987.1	5577357	694377	831278	opposite	133765	137032	136901	97.6159	60
Fo47	NC_072843.1	4731052	3801794	3916909	NC_030987.1	5577357	831433	944922	opposite	110469	117133	113489	94.3107	60
Fo47	NC_072843.1	4731052	3675107	3801542	NC_030987.1	5577357	945176	1071864	opposite	125261	126639	126688	98.9119	60
Fo47	NC_072843.1	4731052	3674766	3675107	NC_030987.1	5577357	1071864	1072205	same	337	341	341	98.8270	60
Fo47	NC_072843.1	4731052	3664671	3674766	NC_030987.1	5577357	1072205	1082321	opposite	10001	10117	10116	98.8534	60
Fo47	NC_072843.1	4731052	3639048	3664446	NC_030987.1	5577357	1082859	1109637	opposite	25180	26855	26778	93.7628	60
Fo47	NC_072843.1	4731052	3608851	3638974	NC_030987.1	5577357	1109731	1139932	opposite	29864	30119	30201	99.1534	60
Fo47	NC_072843.1	4731052	3605568	3607081	NC_030987.1	5577357	1140141	1141654	same	1481	1513	1513	97.8850	60
Fo47	NC_072843.1	4731052	3562706	3605568	NC_030987.1	5577357	1142750	1185955	opposite	42524	43005	43205	98.8815	60
Fo47	NC_072843.1	4731052	3494298	3562567	NC_030987.1	5577357	1186118	1254407	opposite	67813	68363	68289	99.1955	60
Fo47	NC_072843.1	4731052	3489128	3493879	NC_030987.1	5577357	1254836	1259592	opposite	4697	4757	4756	98.7387	60
Fo47	NC_072843.1	4731052	3443912	3488915	NC_030987.1	5577357	1259822	1304769	opposite	44602	45063	44947	98.9770	60
Fo47	NC_072843.1	4731052	3388565	3443129	NC_030987.1	5577357	1306469	1361102	opposite	53983	54704	54633	98.6820	60
Fo47	NC_072843.1	4731052	3386038	3388371	NC_030987.1	5577357	1361358	1363687	opposite	2305	2334	2329	98.7575	60
Fo47	NC_072843.1	4731052	3347182	3385598	NC_030987.1	5577357	1365408	1403852	opposite	38073	38486	38444	98.9269	60
Fo47	NC_072843.1	4731052	3292261	3346722	NC_030987.1	5577357	1404505	1458993	opposite	53835	54580	54488	98.6350	60
Fo47	NC_072843.1	4731052	3241660	3292061	NC_030987.1	5577357	1459226	1510957	opposite	50010	51783	51731	96.5761	60
Fo47	NC_072843.1	4731052	3200482	3211403	NC_030987.1	5577357	1512011	1522998	opposite	10821	10889	10987	99.3755	60
Fo47	NC_072843.1	4731052	3116893	3199349	NC_030987.1	5577357	1523954	1606735	opposite	81582	82760	82781	98.5766	60
Fo47	NC_072843.1	4731052	2982445	3116372	NC_030987.1	5577357	1606989	1741634	opposite	132508	134666	134645	98.3975	60
Fo47	NC_072843.1	4731052	2953690	2982202	NC_030987.1	5577357	1742027	1770495	opposite	28315	28515	28468	99.2986	60
Fo47	NC_072843.1	4731052	2881686	2953481	NC_030987.1	5577357	1779082	1850871	opposite	71328	71835	71789	99.2942	60
Fo47	NC_072843.1	4731052	2703451	2881531	NC_030987.1	5577357	1851042	2029157	opposite	176864	178148	178115	99.2793	60
Fo47	NC_072843.1	4731052	2661752	2703208	NC_030987.1	5577357	2029418	2070892	opposite	41208	41491	41474	99.3179	60
Fo47	NC_072843.1	4731052	2659450	2661691	NC_030987.1	5577357	2071108	2073346	opposite	2227	2241	2238	99.3753	60
Fo47	NC_072843.1	4731052	2580356	2657540	NC_030987.1	5577357	2075235	2152511	opposite	76672	77153	77276	99.3766	60
Fo47	NC_072843.1	4731052	2579705	2580111	NC_030987.1	5577357	2152774	2153172	opposite	395	406	398	97.2906	60
Fo47	NC_072843.1	4731052	2558085	2579219	NC_030987.1	5577357	2153639	2174767	opposite	20971	21162	21128	99.0974	60
Fo47	NC_072843.1	4731052	2536239	2557953	NC_030987.1	5577357	2174912	2196626	opposite	21556	21741	21714	99.1491	60
Fo47	NC_072843.1	4731052	2512657	2536073	NC_030987.1	5577357	2196795	2220237	opposite	23225	23329	23442	99.5542	60
Fo47	NC_072843.1	4731052	2507255	2512162	NC_030987.1	5577357	2220825	2225723	opposite	4864	4908	4898	99.1035	60
Fo47	NC_072843.1	4731052	2502163	2506980	NC_030987.1	5577357	2226040	2230870	opposite	4782	4831	4830	98.9857	60
Fo47	NC_072843.1	4731052	2483153	2501797	NC_030987.1	5577357	2231304	2249960	opposite	18516	18671	18656	99.1698	60
Fo47	NC_072843.1	4731052	2395124	2483065	NC_030987.1	5577357	2250043	2339339	opposite	87101	89492	89296	97.3283	60
Fo47	NC_072843.1	4731052	2315811	2394910	NC_030987.1	5577357	2339580	2418720	opposite	78194	79061	79140	98.9034	60
Fo47	NC_072843.1	4731052	2219173	2315566	NC_030987.1	5577357	2418967	2515623	opposite	95559	96469	96656	99.0567	60
Fo47	NC_072843.1	4731052	2196833	2218911	NC_030987.1	5577357	2516058	2538132	opposite	21955	22085	22074	99.4114	60
Fo47	NC_072843.1	4731052	2192995	2196406	NC_030987.1	5577357	2538637	2542048	opposite	3404	3411	3411	99.7948	60
Fo47	NC_072843.1	4731052	2162405	2192448	NC_030987.1	5577357	2542662	2572681	opposite	29860	30061	30019	99.3314	60
Fo47	NC_072843.1	4731052	2150356	2161920	NC_030987.1	5577357	2573657	2585233	opposite	11486	11578	11576	99.2054	60
Fo47	NC_072843.1	4731052	2107515	2150049	NC_030987.1	5577357	2585576	2628181	opposite	42265	42556	42605	99.3162	60
Fo47	NC_072843.1	4731052	2078820	2106690	NC_030987.1	5577357	2629066	2657023	opposite	27748	27868	27957	99.5694	60
Fo47	NC_072843.1	4731052	2024203	2035724	NC_030987.1	5577357	2658023	2669555	opposite	11475	11533	11532	99.4971	60
Fo47	NC_072843.1	4731052	1996363	2023966	NC_030987.1	5577357	2669796	2697422	opposite	27424	27631	27626	99.2508	60
Fo47	NC_072843.1	4731052	1795661	1995834	NC_030987.1	5577357	2698151	2899922	opposite	197360	202966	201771	97.2380	60
Fo47	NC_072843.1	4731052	1745707	1795314	NC_030987.1	5577357	2900387	2949992	opposite	49402	49621	49605	99.5587	60
Fo47	NC_072843.1	4731052	1718337	1745400	NC_030987.1	5577357	2950370	2977376	opposite	26850	27079	27006	99.1543	60
Fo47	NC_072843.1	4731052	1712813	1718148	NC_030987.1	5577357	2977648	2982983	opposite	5309	5335	5335	99.5127	60
Fo47	NC_072843.1	4731052	1709134	1712700	NC_030987.1	5577357	2983083	2986649	opposite	3555	3566	3566	99.6915	60
Fo47	NC_072843.1	4731052	1700321	1709028	NC_030987.1	5577357	2986765	2995472	opposite	8664	8708	8707	99.4947	60
Fo47	NC_072843.1	4731052	1627945	1700197	NC_030987.1	5577357	2995601	3067882	opposite	71876	72337	72281	99.3627	60
Fo47	NC_072843.1	4731052	1608970	1626889	NC_030987.1	5577357	3069137	3087055	opposite	17743	17950	17918	98.8468	60
Fo47	NC_072843.1	4731052	1588982	1608657	NC_030987.1	5577357	3087614	3107255	opposite	19430	19720	19641	98.5294	60
Fo47	NC_072843.1	4731052	1562782	1588878	NC_030987.1	5577357	3107354	3136418	opposite	25941	29070	29064	89.2363	60
Fo47	NC_072843.1	4731052	1410427	1562713	NC_030987.1	5577357	3136480	3288904	opposite	150968	152646	152424	98.9007	60
Fo47	NC_072843.1	4731052	1346133	1410274	NC_030987.1	5577357	3289211	3353679	opposite	63276	64880	64468	97.5277	60
Fo47	NC_072843.1	4731052	1318132	1345246	NC_030987.1	5577357	3354269	3381449	opposite	26905	27084	27180	99.3391	60
Fo47	NC_072843.1	4731052	1224165	1317913	NC_030987.1	5577357	3381816	3475442	opposite	92916	93897	93626	98.9552	60
Fo47	NC_072843.1	4731052	1179329	1223853	NC_030987.1	5577357	3475717	3520216	opposite	44221	44542	44499	99.2793	60
Fo47	NC_072843.1	4731052	1122950	1179076	NC_030987.1	5577357	3520481	3576624	opposite	55567	56298	56143	98.7016	60
Fo47	NC_072843.1	4731052	1060343	1122792	NC_030987.1	5577357	3576783	3639219	opposite	61964	62512	62436	99.1234	60
Fo47	NC_072843.1	4731052	1025785	1060221	NC_030987.1	5577357	3639343	3673758	opposite	34203	34463	34415	99.2456	60
Fo47	NC_072843.1	4731052	955719	1025722	NC_030987.1	5577357	3673840	3743849	opposite	69532	70059	70009	99.2478	60
Fo47	NC_072843.1	4731052	923788	955519	NC_030987.1	5577357	3744063	3775846	opposite	31373	31683	31783	99.0216	60
Fo47	NC_072843.1	4731052	804527	922474	NC_030987.1	5577357	3777189	3895056	opposite	116868	118060	117867	98.9903	60
Fo47	NC_072843.1	4731052	770742	804186	NC_030987.1	5577357	3895519	3928951	opposite	33151	33476	33432	99.0292	60
Fo47	NC_072843.1	4731052	733987	770438	NC_030987.1	5577357	3929362	3965835	opposite	36144	36516	36473	98.9813	60
Fo47	NC_072843.1	4731052	667045	733758	NC_030987.1	5577357	3966089	4033039	opposite	65713	66458	66950	98.8790	60
Fo47	NC_072846.1	4259108	2732150	2732607	NC_030987.1	5577357	4020808	4021255	opposite	428	457	447	93.6543	60
Fo47	NC_072843.1	4731052	525497	666648	NC_030987.1	5577357	4033460	4175514	opposite	139527	142179	142054	98.1347	60
Fo47	NC_072843.1	4731052	411849	519481	NC_030987.1	5577357	4182635	4288691	opposite	103264	108788	106056	94.9222	60
Fo47	NC_072843.1	4731052	409306	411500	NC_030987.1	5577357	4304241	4306437	opposite	2114	2196	2196	96.2659	60
Fo47	NC_072843.1	4731052	357880	399390	NC_030987.1	5577357	4328127	4369552	opposite	40628	41586	41425	97.6963	60
Fo47	NC_072843.1	4731052	274297	357716	NC_030987.1	5577357	4369721	4451558	opposite	80657	83501	81837	96.5941	60
Fo47	NC_072843.1	4731052	270186	273464	NC_030987.1	5577357	4452404	4455667	opposite	3175	3291	3263	96.4752	60
Fo47	NC_072843.1	4731052	264548	270016	NC_030987.1	5577357	4455857	4462092	opposite	5350	6243	6235	85.6960	60
Fo47	NC_072843.1	4731052	227605	264294	NC_030987.1	5577357	4462345	4500511	opposite	35630	37649	38166	94.6373	60
Fo47	NC_072843.1	4731052	223151	226614	NC_030987.1	5577357	4514483	4517951	opposite	3223	3479	3468	92.6416	60
Fo47	NC_072843.1	4731052	220707	221488	NC_030987.1	5577357	4520254	4520991	opposite	700	781	737	89.6287	60
Fo47	NC_072843.1	4731052	191165	194465	NC_030987.1	5577357	4536662	4539961	same	3240	3300	3299	98.1818	60
Fo47	NC_072843.1	4731052	194547	220356	NC_030987.1	5577357	4540058	4566484	same	25113	26653	26426	94.2220	60
Fo47	NC_072843.1	4731052	124204	188908	NC_030987.1	5577357	4573786	4644645	opposite	63577	70943	70859	89.6170	60
Fo47	NC_072843.1	4731052	122990	124081	NC_030987.1	5577357	4644769	4645843	opposite	1021	1106	1074	92.3146	60
Fo47	NC_072843.1	4731052	106776	121267	NC_030987.1	5577357	4647570	4661982	opposite	14190	14495	14412	97.8958	60
Fo47	NC_072843.1	4731052	77041	105950	NC_030987.1	5577357	4662845	4691751	opposite	28594	28924	28906	98.8591	60
Fo47	NC_072843.1	4731052	72529	76408	NC_030987.1	5577357	4692384	4696266	opposite	3807	3882	3882	98.0680	60
Fo47	NC_072843.1	4731052	49886	70123	NC_030987.1	5577357	4697640	4717852	opposite	19757	20289	20212	97.3779	60
Fo47	NC_072843.1	4731052	16	17900	NC_030987.1	5577357	4758967	4776890	opposite	17788	17923	17923	99.2468	60
Fo47	NC_072842.1	5151772	5044945	5048244	NC_030987.1	5577357	4903195	4906425	same	2961	3304	3230	89.6186	60
Fo47	NC_072846.1	4259108	2205319	2208587	NC_030987.1	5577357	4916680	4919954	opposite	3089	3283	3274	94.0908	60
Fo47	NC_072846.1	4259108	2010959	2011714	NC_030987.1	5577357	4919479	4920272	opposite	715	794	793	90.0504	60
Fo47	NC_072846.1	4259108	811919	816092	NC_030987.1	5577357	4920456	4924810	same	3914	4362	4354	89.7295	60
Fo47	NC_072842.1	5151772	4996471	5000598	NC_030987.1	5577357	4925122	4929254	opposite	3912	4136	4132	94.5841	60
Fo47	NC_072846.1	4259108	378956	379716	NC_030987.1	5577357	4970257	4971015	same	739	761	758	97.1091	60
Fo47	NC_072846.1	4259108	2693191	2694697	NC_030987.1	5577357	4993093	4994590	same	1414	1506	1497	93.8911	60
Fo47	NC_072846.1	4259108	375356	376137	NC_030987.1	5577357	5007741	5008486	opposite	712	781	745	91.1652	60
Fo47	NC_072847.1	3716460	73810	76793	NC_030987.1	5577357	5037503	5040472	opposite	2743	3012	2969	91.0691	23
Fo47	NC_072846.1	4259108	1582680	1584556	NC_030987.1	5577357	5052673	5054547	opposite	1754	1878	1874	93.3972	45
Fo47	NC_072846.1	4259108	3923141	3923412	NC_030987.1	5577357	5054342	5054613	opposite	266	271	271	98.1550	59
Fo47	NC_072846.1	4259108	2203457	2204654	NC_030987.1	5577357	5060720	5061917	opposite	1149	1197	1197	95.9900	10
Fo47	NC_072846.1	4259108	3116954	3117767	NC_030987.1	5577357	5061104	5061917	same	770	813	813	94.7109	60
Fo47	NC_072846.1	4259108	494007	497320	NC_030987.1	5577357	5086114	5089428	opposite	3218	3314	3314	97.1032	60
Fo47	NC_072846.1	4259108	490287	493494	NC_030987.1	5577357	5089932	5091946	opposite	1932	3210	2014	60.1869	60
Fo47	NC_072846.1	4259108	483004	489006	NC_030987.1	5577357	5093227	5099454	opposite	5844	5991	6227	97.5463	60
Fo47	NC_072846.1	4259108	1114662	1121748	NC_030987.1	5577357	5110380	5117430	opposite	6712	7126	7050	94.1903	60
Fo47	NC_072846.1	4259108	1197523	1198275	NC_030987.1	5577357	5144056	5144809	same	710	753	753	94.2895	60
Fo47	NC_072850.1	2853886	89240	90296	NC_030987.1	5577357	5144062	5145122	same	967	1060	1060	91.2264	60
Fo47	NC_072846.1	4259108	587928	590644	NC_030987.1	5577357	5148070	5150969	opposite	2461	3100	2899	79.3871	60
Fo47	NC_072846.1	4259108	1074029	1076044	NC_030987.1	5577357	5163663	5165685	same	1834	2025	2022	90.5679	34
Fo47	NC_072846.1	4259108	2317348	2320207	NC_030987.1	5577357	5175585	5178445	opposite	2670	2860	2860	93.3566	60
Fo47	NC_072840.1	6487135	6954	7783	NC_030987.1	5577357	5304153	5304849	same	634	852	696	74.4131	60
Fo47	NC_072841.1	5611497	5600517	5601562	NC_030987.1	5577357	5304153	5305017	opposite	808	1046	864	77.2467	60
Fo47	NC_072847.1	3716460	9881	10926	NC_030987.1	5577357	5304153	5305017	same	808	1046	864	77.2467	60
Fo47	NC_072848.1	3277645	6426	7471	NC_030987.1	5577357	5304153	5305017	same	808	1046	864	77.2467	60
Fo47	NC_072850.1	2853886	6545	7590	NC_030987.1	5577357	5304153	5305017	same	808	1046	864	77.2467	60
Fo47	NC_072840.1	6487135	212491	213721	NC_030987.1	5577357	5311090	5312320	opposite	1135	1230	1230	92.2764	51
Fo47	NC_072846.1	4259108	1895081	1898885	NC_030987.1	5577357	5314207	5317555	same	3220	3820	3348	84.2932	60
Fo47	NC_072846.1	4259108	369516	375347	NC_030987.1	5577357	5323440	5329265	opposite	5773	5832	5825	98.9883	60
Fo47	NC_072845.1	4300638	119081	119695	NC_030987.1	5577357	5414187	5414800	opposite	575	614	613	93.6482	60
Fo47	NC_072843.1	4731052	13080	26111	NC_030987.1	5577357	5520678	5538622	same	12876	13129	17944	98.0730	60
Fo47	NC_072843.1	4731052	26463	28142	NC_030987.1	5577357	5539857	5541540	same	1640	1685	1683	97.3294	60
Fo47	NC_072846.1	4259108	2873703	2873979	NC_030988.1	5634991	16654	16930	opposite	273	276	276	98.9130	14
Fo47	NC_072846.1	4259108	322025	324579	NC_030988.1	5634991	17190	19745	same	2532	2555	2555	99.0998	13
Fo47	NC_072846.1	4259108	2699847	2703193	NC_030988.1	5634991	17190	20493	same	3063	3549	3303	86.3060	22
Fo47	NC_072846.1	4259108	330596	330954	NC_030988.1	5634991	20135	20493	same	353	358	358	98.6034	60
Fo47	NC_072846.1	4259108	819048	819517	NC_030988.1	5634991	24785	25254	same	440	469	469	93.8166	60
Fo47	NC_072846.1	4259108	1339459	1340121	NC_030988.1	5634991	26671	27334	opposite	639	663	663	96.3801	1
Fo47	NC_072846.1	4259108	3021176	3021609	NC_030988.1	5634991	42940	43373	same	425	433	433	98.1524	1
Fo47	NC_072846.1	4259108	1354882	1357090	NC_030988.1	5634991	66406	68614	opposite	2117	2208	2208	95.8786	1
Fo47	NC_072846.1	4259108	2969137	2970565	NC_030988.1	5634991	67187	68615	opposite	1382	1428	1428	96.7787	1
Fo47	NC_072846.1	4259108	2840638	2842472	NC_030988.1	5634991	344706	346540	same	1772	1835	1834	96.5668	1
Fo47	NC_072846.1	4259108	3471820	3472121	NC_030988.1	5634991	521425	521726	same	299	301	301	99.3355	1
Fo47	NC_072846.1	4259108	3963162	3964094	NC_030988.1	5634991	526295	527227	same	923	932	932	99.0343	60
Fo47	NC_072846.1	4259108	1252788	1256349	NC_030988.1	5634991	540486	544087	same	3514	3604	3601	97.5028	1
Fo47	NC_072846.1	4259108	1380426	1381839	NC_030988.1	5634991	695141	696554	same	1384	1413	1413	97.9476	1
Fo47	NC_072845.1	4300638	175521	178399	NC_030988.1	5634991	812753	815631	same	2869	2878	2878	99.6873	0
Fo47	NC_072846.1	4259108	3081286	3082536	NC_030988.1	5634991	1011047	1012299	same	1228	1252	1252	98.0831	1
Fo47	NC_072846.1	4259108	2888436	2919268	NC_030988.1	5634991	1725159	1747664	same	21830	30950	22505	70.5331	0
Fo47	NC_072846.1	4259108	2920810	2922611	NC_030988.1	5634991	1749354	1751137	same	1677	1804	1783	92.9601	0
Fo47	NC_072846.1	4259108	2235870	2236374	NC_030988.1	5634991	1768743	1769247	same	484	504	504	96.0317	1
Fo47	NC_072846.1	4259108	2237313	2240530	NC_030988.1	5634991	1770186	1773404	same	3099	3218	3218	96.3021	1
Fo47	NC_072846.1	4259108	3124242	3126824	NC_030988.1	5634991	1779117	1781702	opposite	2538	2585	2585	98.1818	1
Fo47	NC_072846.1	4259108	3797557	3799878	NC_030988.1	5634991	1837895	1841075	opposite	2162	3210	3180	67.3520	11
Fo47	NC_072851.1	2552985	2493045	2499413	NC_030988.1	5634991	1881179	1891423	same	6013	10266	10244	58.5720	7
Fo47	NC_072846.1	4259108	3611804	3613262	NC_030988.1	5634991	1947869	1949315	same	1425	1458	1446	97.7366	1
Fo47	NC_072850.1	2853886	18978	20814	NC_030988.1	5634991	2030066	2031901	same	1663	1839	1835	90.4296	1
Fo47	NC_072846.1	4259108	3168524	3173417	NC_030988.1	5634991	2064617	2069564	opposite	4700	4947	4947	95.0071	1
Fo47	NC_072846.1	4259108	1058590	1059384	NC_030988.1	5634991	2202420	2203206	same	771	794	786	97.1033	60
Fo47	NC_072846.1	4259108	4252288	4252572	NC_030988.1	5634991	2212043	2212327	opposite	276	284	284	97.1831	1
Fo47	NC_072846.1	4259108	97428	97685	NC_030988.1	5634991	2288644	2288901	opposite	252	257	257	98.0545	1
Fo47	NC_072846.1	4259108	2742592	2742995	NC_030988.1	5634991	2338349	2338752	same	384	403	403	95.2854	1
Fo47	NC_072846.1	4259108	3730454	3736220	NC_030988.1	5634991	2409207	2414973	opposite	5718	5766	5766	99.1675	0
Fo47	NC_072846.1	4259108	1843980	1845816	NC_030988.1	5634991	2457936	2459772	opposite	1798	1836	1836	97.9303	1
Fo47	NC_072846.1	4259108	1186005	1186941	NC_030988.1	5634991	2498976	2499911	opposite	907	937	935	96.7983	60
Fo47	NC_072846.1	4259108	865007	866124	NC_030988.1	5634991	2576414	2577493	same	989	1126	1079	87.8330	1
Fo47	NC_072846.1	4259108	4016264	4017345	NC_030988.1	5634991	2577086	2578157	opposite	1015	1081	1071	93.8945	1
Fo47	NC_072850.1	2853886	2726239	2727874	NC_030988.1	5634991	2626653	2628290	same	1585	1637	1637	96.8235	0
Fo47	NC_072850.1	2853886	213595	214174	NC_030988.1	5634991	2637138	2637718	opposite	550	580	580	94.8276	1
Fo47	NC_072846.1	4259108	3560039	3561505	NC_030988.1	5634991	2682437	2683904	opposite	1338	1467	1467	91.2065	10
Fo47	NC_072840.1	6487135	276619	278736	NC_030988.1	5634991	2692379	2694490	same	1992	2117	2111	94.0954	0
Fo47	NC_072846.1	4259108	4021307	4022988	NC_030988.1	5634991	2698116	2699794	same	1538	1689	1678	91.0598	1
Fo47	NC_072850.1	2853886	2758702	2759947	NC_030988.1	5634991	2705942	2707184	same	1150	1248	1242	92.1474	1
Fo47	NC_072850.1	2853886	2760837	2762065	NC_030988.1	5634991	2707742	2708971	same	1114	1230	1229	90.5691	0
Fo47	NC_072846.1	4259108	2141214	2143011	NC_030988.1	5634991	2712289	2714086	same	1673	1797	1797	93.0996	60
Fo47	NC_072846.1	4259108	2743019	2744495	NC_030988.1	5634991	2758189	2759665	same	1469	1476	1476	99.5257	1
Fo47	NC_072846.1	4259108	3162045	3164657	NC_030988.1	5634991	2787778	2790388	opposite	2538	2613	2610	97.1297	4
Fo47	NC_072851.1	2552985	2521894	2523761	NC_030988.1	5634991	2791640	2793507	opposite	1727	1867	1867	92.5013	0
Fo47	NC_072846.1	4259108	4007492	4010346	NC_030988.1	5634991	2804646	2807503	same	2799	2857	2857	97.9699	1
Fo47	NC_072846.1	4259108	1638814	1641026	NC_030988.1	5634991	2811603	2813810	opposite	2103	2212	2207	95.0723	1
Fo47	NC_072846.1	4259108	1569392	1571988	NC_030988.1	5634991	2814442	2817026	same	2474	2599	2584	95.1905	1
Fo47	NC_072846.1	4259108	3095459	3097909	NC_030988.1	5634991	2834746	2836993	same	2193	2450	2247	89.5102	1
Fo47	NC_072846.1	4259108	3627148	3628345	NC_030988.1	5634991	2916130	2917328	opposite	1149	1200	1198	95.7500	1
Fo47	NC_072842.1	5151772	5019313	5020341	NC_030988.1	5634991	2942226	2943254	same	972	1028	1028	94.5525	0
Fo47	NC_072846.1	4259108	2879109	2879957	NC_030988.1	5634991	2996698	2997546	opposite	809	848	848	95.4009	1
Fo47	NC_072846.1	4259108	3633101	3633679	NC_030988.1	5634991	3007659	3008240	same	554	581	581	95.3528	53
Fo47	NC_072846.1	4259108	3072805	3078341	NC_030988.1	5634991	3055504	3061037	same	5438	5536	5533	98.2298	9
Fo47	NC_072846.1	4259108	3519276	3524812	NC_030988.1	5634991	3055504	3061037	opposite	5439	5536	5533	98.2478	1
Fo47	NC_072851.1	2552985	7632	7933	NC_030988.1	5634991	3154456	3154757	same	293	301	301	97.3422	0
Fo47	NC_072846.1	4259108	2396747	2399240	NC_030988.1	5634991	3251046	3253548	same	2365	2513	2502	94.1106	1
Fo47	NC_072849.1	2893631	2629102	2631799	NC_030988.1	5634991	3256234	3258955	same	2516	2725	2721	92.3303	0
Fo47	NC_072846.1	4259108	2875317	2878284	NC_030988.1	5634991	3324724	3327692	opposite	2949	2968	2968	99.3598	1
Fo47	NC_072850.1	2853886	214174	217178	NC_030988.1	5634991	3324724	3327692	same	2919	3004	2968	97.1704	0
Fo47	NC_072846.1	4259108	1201737	1203341	NC_030988.1	5634991	3338984	3340584	same	1560	1604	1600	97.2569	1
Fo47	NC_072847.1	3716460	147056	147439	NC_030988.1	5634991	3351393	3351775	same	367	383	382	95.8225	0
Fo47	NC_072846.1	4259108	3829594	3838290	NC_030988.1	5634991	3425507	3434304	opposite	8242	9012	8797	91.4558	0
Fo47	NC_072850.1	2853886	157217	159426	NC_030988.1	5634991	3447821	3450031	opposite	2094	2210	2210	94.7511	0
Fo47	NC_072846.1	4259108	3055424	3055853	NC_030988.1	5634991	3473172	3473602	opposite	427	430	430	99.3023	1
Fo47	NC_072850.1	2853886	62853	64378	NC_030988.1	5634991	3510469	3512024	opposite	1485	1557	1555	95.3757	17
Fo47	NC_072846.1	4259108	2102236	2105894	NC_030988.1	5634991	3557332	3560987	same	3606	3659	3655	98.5515	1
Fo47	NC_072846.1	4259108	1660106	1662013	NC_030988.1	5634991	3601991	3603898	opposite	1886	1907	1907	98.8988	1
Fo47	NC_072851.1	2552985	270933	273152	NC_030988.1	5634991	3601991	3604211	same	2202	2220	2220	99.1892	1
Fo47	NC_072846.1	4259108	1340707	1341945	NC_030988.1	5634991	3602580	3603824	same	1140	1244	1244	91.6399	1
Fo47	NC_072850.1	2853886	159778	160227	NC_030988.1	5634991	3603761	3604211	opposite	429	450	450	95.3333	1
Fo47	NC_072846.1	4259108	1845875	1847709	NC_030988.1	5634991	3640979	3642812	same	1781	1834	1833	97.1101	1
Fo47	NC_072841.1	5611497	5443100	5443586	NC_030988.1	5634991	3642331	3642817	opposite	480	486	486	98.7654	60
Fo47	NC_072846.1	4259108	3499017	3505029	NC_030988.1	5634991	3663434	3669455	same	5945	6026	6021	98.6558	0
Fo47	NC_072846.1	4259108	1920281	1925300	NC_030988.1	5634991	3706306	3711714	opposite	4714	5293	5408	89.0610	6
Fo47	NC_072846.1	4259108	564220	566060	NC_030988.1	5634991	3756746	3758588	opposite	1821	1842	1842	98.8599	1
Fo47	NC_072846.1	4259108	1377829	1378910	NC_030988.1	5634991	3862126	3863222	same	1041	1100	1096	94.6364	1
Fo47	NC_072846.1	4259108	2100485	2102236	NC_030988.1	5634991	3886570	3888280	same	1603	1753	1710	91.4432	60
Fo47	NC_072846.1	4259108	2312257	2314122	NC_030988.1	5634991	3937554	3939419	opposite	1846	1865	1865	98.9812	1
Fo47	NC_072846.1	4259108	3099828	3102873	NC_030988.1	5634991	3941813	3944805	same	2952	3046	2992	96.9140	5
Fo47	NC_072846.1	4259108	3907749	3908191	NC_030988.1	5634991	3955226	3955669	opposite	433	443	443	97.7427	1
Fo47	NC_072846.1	4259108	4103882	4107402	NC_030988.1	5634991	3982350	3985888	opposite	3454	3539	3538	97.5982	60
Fo47	NC_072851.1	2552985	2463392	2466833	NC_030988.1	5634991	3995933	3999356	opposite	3174	3471	3423	91.4434	57
Fo47	NC_072846.1	4259108	1232572	1234407	NC_030988.1	5634991	4001359	4003190	same	1756	1835	1831	95.6948	29
Fo47	NC_072846.1	4259108	488782	490801	NC_030988.1	5634991	4029080	4031097	same	1886	2021	2017	93.3201	44
Fo47	NC_072846.1	4259108	2306238	2307181	NC_030988.1	5634991	4061341	4062281	opposite	895	943	940	94.9099	41
Fo47	NC_072846.1	4259108	160598	163684	NC_030988.1	5634991	4071222	4074295	opposite	3037	3090	3073	98.2848	2
Fo47	NC_072846.1	4259108	474650	474928	NC_030988.1	5634991	4163768	4164044	same	271	278	276	97.4820	1
Fo47	NC_072846.1	4259108	1901067	1902931	NC_030988.1	5634991	4170203	4172067	same	1804	1867	1864	96.6256	1
Fo47	NC_072846.1	4259108	4251630	4252221	NC_030988.1	5634991	4171461	4172053	opposite	568	592	592	95.9459	1
Fo47	NC_072846.1	4259108	2095996	2098977	NC_030988.1	5634991	4205692	4208678	same	2952	2990	2986	98.7291	3
Fo47	NC_072846.1	4259108	301166	301721	NC_030988.1	5634991	4205769	4206325	opposite	528	556	556	94.9640	1
Fo47	NC_072846.1	4259108	3649445	3650765	NC_030988.1	5634991	4288759	4290081	same	1279	1322	1322	96.7474	1
Fo47	NC_072846.1	4259108	2320207	2320631	NC_030988.1	5634991	4293695	4294120	same	408	426	425	95.7746	1
Fo47	NC_072846.1	4259108	2838356	2838747	NC_030988.1	5634991	4334294	4334673	same	372	392	379	94.8980	17
Fo47	NC_072846.1	4259108	2948212	2950774	NC_030988.1	5634991	4335084	4337645	same	2541	2562	2561	99.1803	1
Fo47	NC_072846.1	4259108	741952	743271	NC_030988.1	5634991	4338277	4339624	opposite	1270	1347	1347	94.2836	60
Fo47	NC_072841.1	5611497	5550515	5550899	NC_030988.1	5634991	4355369	4355751	opposite	375	384	382	97.6563	0
Fo47	NC_072846.1	4259108	3759877	3760653	NC_030988.1	5634991	4452898	4453672	same	741	778	774	95.2442	1
Fo47	NC_072846.1	4259108	2984545	2997243	NC_030988.1	5634991	4496603	4505705	opposite	8674	12721	9102	68.1865	60
Fo47	NC_072846.1	4259108	3576291	3582320	NC_030988.1	5634991	4741414	4747449	same	5992	6036	6035	99.2710	60
Fo47	NC_072846.1	4259108	2950772	2957016	NC_030988.1	5634991	4758624	4761917	same	3187	6262	3293	50.8943	60
Fo47	NC_072846.1	4259108	2957959	2969131	NC_030988.1	5634991	4767275	4777490	same	9243	11838	10215	78.0791	60
Fo47	NC_072846.1	4259108	2973820	2984342	NC_030988.1	5634991	4837419	4851398	same	10375	13991	13979	74.1548	60
Fo47	NC_072846.1	4259108	3609785	3611798	NC_030988.1	5634991	4848402	4850375	same	1963	2013	1973	97.5161	1
Fo47	NC_072846.1	4259108	2997973	3011904	NC_030988.1	5634991	4881759	4901009	same	13199	19517	19250	67.6282	60
Fo47	NC_072846.1	4259108	2924003	2925125	NC_030988.1	5634991	4929746	4930868	same	1073	1122	1122	95.6328	60
Fo47	NC_072846.1	4259108	2925484	2927567	NC_030988.1	5634991	4932698	4934773	same	2011	2085	2075	96.4508	49
Fo47	NC_072846.1	4259108	4023492	4025231	NC_030988.1	5634991	4940956	4942694	same	1667	1739	1738	95.8597	60
Fo47	NC_072846.1	4259108	2315193	2317344	NC_030988.1	5634991	4940956	4943115	opposite	2062	2159	2159	95.5072	7
Fo47	NC_072846.1	4259108	1107106	1116346	NC_030988.1	5634991	4941332	4947487	opposite	5832	9247	6155	63.0691	60
Fo47	NC_072846.1	4259108	3494288	3497858	NC_030988.1	5634991	4943132	4946706	opposite	3464	3574	3574	96.9222	60
Fo47	NC_072846.1	4259108	2388641	2389565	NC_030988.1	5634991	4963975	4964897	same	919	924	922	99.4589	20
Fo47	NC_072846.1	4259108	874799	877354	NC_030988.1	5634991	5000638	5003176	opposite	2402	2562	2538	93.7549	60
Fo47	NC_072846.1	4259108	2326897	2329042	NC_030988.1	5634991	5037306	5039462	same	2112	2156	2156	97.9592	21
Fo47	NC_072846.1	4259108	3812877	3815032	NC_030988.1	5634991	5037308	5039463	opposite	2152	2155	2155	99.8608	56
Fo47	NC_072847.1	3716460	3597173	3600628	NC_030988.1	5634991	5054663	5058092	opposite	3175	3471	3429	91.4722	60
Fo47	NC_072846.1	4259108	428698	449523	NC_030988.1	5634991	5072761	5096010	opposite	20538	23245	23249	88.3545	60
Fo47	NC_072846.1	4259108	414419	419322	NC_030988.1	5634991	5101475	5106378	same	4846	4903	4903	98.8374	60
Fo47	NC_072846.1	4259108	2055235	2065524	NC_030988.1	5634991	5101475	5111961	same	10094	10230	10486	98.6706	60
Fo47	NC_072846.1	4259108	419582	424748	NC_030988.1	5634991	5106410	5111961	same	5076	5293	5551	95.9002	60
Fo47	NC_072846.1	4259108	3972298	3973577	NC_030988.1	5634991	5110690	5111962	same	1264	1279	1272	98.8272	60
Fo47	NC_072844.1	4523040	4477114	4478241	NC_030988.1	5634991	5127868	5128994	opposite	1015	1134	1126	89.5062	60
Fo47	NC_072846.1	4259108	1349979	1351209	NC_030988.1	5634991	5128200	5129426	opposite	1160	1231	1226	94.2323	60
Fo47	NC_072846.1	4259108	4004576	4007489	NC_030988.1	5634991	5129798	5132698	same	2842	2913	2900	97.5627	60
Fo47	NC_072846.1	4259108	224775	257858	NC_030988.1	5634991	5129798	5163315	same	32881	33537	33517	98.0440	60
Fo47	NC_072846.1	4259108	2885130	2887958	NC_030988.1	5634991	5129876	5132698	opposite	2763	2828	2822	97.7016	60
Fo47	NC_072848.1	3277645	150932	154158	NC_030988.1	5634991	5133025	5136253	opposite	2987	3250	3228	91.9077	60
Fo47	NC_072846.1	4259108	1731191	1733027	NC_030988.1	5634991	5160461	5162297	same	1818	1836	1836	99.0196	60
Fo47	NC_072846.1	4259108	2761391	2763227	NC_030988.1	5634991	5160461	5162297	same	1818	1836	1836	99.0196	22
Fo47	NC_072846.1	4259108	257925	272440	NC_030988.1	5634991	5163382	5178771	same	14437	15298	15389	94.3718	60
Fo47	NC_072846.1	4259108	2233196	2233432	NC_030988.1	5634991	5179839	5180075	same	235	236	236	99.5763	1
Fo47	NC_072846.1	4259108	2873350	2873704	NC_030988.1	5634991	5179857	5180211	same	351	354	354	99.1525	1
Fo47	NC_072846.1	4259108	3039048	3041845	NC_030988.1	5634991	5194667	5197487	opposite	2644	2825	2820	93.5929	7
Fo47	NC_072846.1	4259108	218400	218961	NC_030988.1	5634991	5204846	5205407	same	524	561	561	93.4046	60
Fo47	NC_072840.1	6487135	6451723	6453954	NC_030988.1	5634991	5221573	5223761	same	2128	2231	2188	95.3832	60
Fo47	NC_072846.1	4259108	1480864	1482846	NC_030988.1	5634991	5221676	5223615	opposite	1886	1982	1939	95.1564	60
Fo47	NC_072846.1	4259108	1195844	1197332	NC_030988.1	5634991	5221985	5223437	opposite	1342	1552	1452	86.4691	60
Fo47	NC_072850.1	2853886	87264	89042	NC_030988.1	5634991	5221985	5223761	opposite	1730	1778	1776	97.3003	60
Fo47	NC_072846.1	4259108	2714657	2716489	NC_030988.1	5634991	5236173	5237984	opposite	1781	1835	1811	97.0572	2
Fo47	NC_072848.1	3277645	19298	20662	NC_030988.1	5634991	5236295	5237641	opposite	1233	1367	1346	90.1975	1
Fo47	NC_072846.1	4259108	1973753	1977884	NC_030988.1	5634991	5254852	5258983	same	4075	4132	4131	98.6205	60
Fo47	NC_072842.1	5151772	5065992	5068681	NC_030988.1	5634991	5255051	5257743	opposite	2610	2693	2692	96.9179	60
Fo47	NC_072846.1	4259108	591777	613729	NC_030988.1	5634991	5264802	5286355	same	21326	22000	21553	96.9364	60
Fo47	NC_072846.1	4259108	2214748	2225126	NC_030988.1	5634991	5296950	5307342	opposite	10213	10394	10392	98.2586	60
Fo47	NC_072846.1	4259108	2401955	2406540	NC_030988.1	5634991	5302616	5307206	same	4469	4591	4590	97.3426	60
Fo47	NC_072849.1	2893631	2828478	2829422	NC_030988.1	5634991	5325226	5326098	opposite	822	945	872	86.9841	54
Fo47	NC_072846.1	4259108	3645570	3646240	NC_030988.1	5634991	5358162	5358832	same	648	670	670	96.7164	13
Fo47	NC_072849.1	2893631	2883965	2884220	NC_030988.1	5634991	5369933	5370188	opposite	250	255	255	98.0392	60
Fo47	NC_072846.1	4259108	2493737	2499033	NC_030988.1	5634991	5379146	5382227	same	2937	5322	3081	55.1860	60
Fo47	NC_072846.1	4259108	2499594	2501780	NC_030988.1	5634991	5382788	5384968	same	2008	2211	2180	90.8186	60
Fo47	NC_072846.1	4259108	207552	207986	NC_030988.1	5634991	5399530	5399965	same	416	435	435	95.6322	14
Fo47	NC_072846.1	4259108	2643459	2644557	NC_030988.1	5634991	5412879	5413976	same	1032	1098	1097	93.9891	60
Fo47	NC_072846.1	4259108	1988559	1989686	NC_030988.1	5634991	5412879	5414006	same	1112	1127	1127	98.6690	60
Fo47	NC_072850.1	2853886	2842002	2843063	NC_030988.1	5634991	5412879	5414006	opposite	1015	1127	1127	90.0621	60
Fo47	NC_072846.1	4259108	2428185	2434887	NC_030988.1	5634991	5414651	5419482	same	4717	6736	4831	70.0267	60
Fo47	NC_072846.1	4259108	10053	11616	NC_030988.1	5634991	5422100	5423663	same	1500	1566	1563	95.7854	33
Fo47	NC_072845.1	4300638	120738	121958	NC_030988.1	5634991	5426736	5427963	opposite	1151	1227	1227	93.8060	60
Fo47	NC_072844.1	4523040	4500683	4502118	NC_030988.1	5634991	5428363	5429815	opposite	1317	1452	1452	90.7025	60
Fo47	NC_072846.1	4259108	3478134	3478855	NC_030988.1	5634991	5465253	5465974	same	704	722	721	97.5069	60
Fo47	NC_072843.1	4731052	4698196	4706913	NC_030988.1	5634991	5466627	5475341	same	8478	8718	8714	97.2471	60
Fo47	NC_072843.1	4731052	4707510	4713641	NC_030988.1	5634991	5475419	5481555	same	6001	6139	6136	97.7521	60
Fo47	NC_072849.1	2893631	2804591	2805811	NC_030988.1	5634991	5481862	5483243	same	1153	1390	1381	82.9496	60
Fo47	NC_072846.1	4259108	4186961	4188289	NC_030988.1	5634991	5494506	5495833	opposite	1312	1328	1327	98.7952	1
Fo47	NC_072846.1	4259108	109310	112471	NC_030988.1	5634991	5494506	5497665	same	3124	3161	3159	98.8295	2
Fo47	NC_072846.1	4259108	574488	577294	NC_030988.1	5634991	5494506	5497665	opposite	2779	3164	3159	87.8319	1
Fo47	NC_072846.1	4259108	2153401	2156560	NC_030988.1	5634991	5494506	5497665	opposite	3123	3160	3159	98.8291	2
Fo47	NC_072846.1	4259108	3602869	3609732	NC_030988.1	5634991	5514309	5518978	same	4395	6868	4669	63.9924	25
Fo47	NC_072848.1	3277645	74002	74649	NC_030988.1	5634991	5572406	5573053	opposite	612	647	647	94.5904	60
Fo47	NC_072846.1	4259108	803678	805818	NC_030988.1	5634991	5594508	5596632	same	2047	2142	2124	95.5649	60
Fo47	NC_072846.1	4259108	2939804	2940184	NC_030988.1	5634991	5629392	5629772	same	358	380	380	94.2105	37
Fo47	NC_072841.1	5611497	5278342	5306530	NC_030989.1	5212762	56	28295	opposite	27696	28250	28239	98.0389	60
Fo47	NC_072841.1	5611497	5256827	5259038	NC_030989.1	5212762	39399	41610	opposite	2186	2211	2211	98.8693	60
Fo47	NC_072841.1	5611497	5225780	5249072	NC_030989.1	5212762	42969	64036	opposite	20540	23341	21067	87.9997	60
Fo47	NC_072841.1	5611497	5194011	5215100	NC_030989.1	5212762	87951	109848	opposite	20355	21998	21897	92.5311	60
Fo47	NC_072841.1	5611497	5187218	5193874	NC_030989.1	5212762	109986	116632	opposite	6522	6661	6646	97.9132	60
Fo47	NC_072841.1	5611497	5164965	5187130	NC_030989.1	5212762	116728	132347	opposite	15217	22207	15619	68.5234	60
Fo47	NC_072841.1	5611497	5159771	5163672	NC_030989.1	5212762	133636	137534	opposite	3732	3901	3898	95.6678	60
Fo47	NC_072841.1	5611497	5079070	5156178	NC_030989.1	5212762	138625	218600	opposite	75429	80499	79975	93.7018	60
Fo47	NC_072841.1	5611497	5052953	5078887	NC_030989.1	5212762	218779	248799	opposite	25331	30050	30020	84.2962	60
Fo47	NC_072841.1	5611497	5039445	5048232	NC_030989.1	5212762	250305	261027	opposite	8608	10727	10722	80.2461	60
Fo47	NC_072841.1	5611497	4986023	5039051	NC_030989.1	5212762	261478	296188	opposite	33989	53045	34710	64.0758	60
Fo47	NC_072841.1	5611497	4970580	4985945	NC_030989.1	5212762	296263	314710	opposite	15112	18469	18447	81.8236	60
Fo47	NC_072841.1	5611497	4969781	4970437	NC_030989.1	5212762	314852	315508	opposite	651	656	656	99.2378	60
Fo47	NC_072841.1	5611497	4949327	4969005	NC_030989.1	5212762	316373	337041	opposite	19249	20262	20668	95.0005	60
Fo47	NC_072841.1	5611497	4946107	4948965	NC_030989.1	5212762	337403	340256	opposite	2700	2861	2853	94.3726	60
Fo47	NC_072841.1	5611497	4921791	4945457	NC_030989.1	5212762	340905	364531	opposite	23085	23678	23626	97.4956	60
Fo47	NC_072841.1	5611497	4908243	4921476	NC_030989.1	5212762	364815	378043	opposite	13124	13234	13228	99.1688	60
Fo47	NC_072841.1	5611497	4839237	4908139	NC_030989.1	5212762	378163	447840	opposite	66736	70949	69677	94.0619	60
Fo47	NC_072846.1	4259108	1854255	1856113	NC_030989.1	5212762	429652	431510	opposite	1828	1858	1858	98.3854	26
Fo47	NC_072841.1	5611497	4804747	4839175	NC_030989.1	5212762	447909	482328	opposite	34120	34475	34419	98.9703	60
Fo47	NC_072841.1	5611497	4802504	4804537	NC_030989.1	5212762	482741	484774	opposite	2012	2034	2033	98.9184	60
Fo47	NC_072841.1	5611497	4603785	4801760	NC_030989.1	5212762	485588	685358	opposite	195913	199786	199770	98.0614	60
Fo47	NC_072841.1	5611497	4587576	4603678	NC_030989.1	5212762	685477	701591	opposite	16002	16127	16114	99.2249	60
Fo47	NC_072841.1	5611497	4405724	4582533	NC_030989.1	5212762	706318	883869	opposite	175042	177676	177551	98.5175	60
Fo47	NC_072841.1	5611497	4384888	4405423	NC_030989.1	5212762	884011	904545	opposite	20394	20558	20534	99.2023	60
Fo47	NC_072841.1	5611497	4313036	4384661	NC_030989.1	5212762	904757	975355	opposite	69844	71455	70598	97.7454	60
Fo47	NC_072841.1	5611497	4252084	4312463	NC_030989.1	5212762	976551	1037066	opposite	59882	60617	60515	98.7875	60
Fo47	NC_072841.1	5611497	4118343	4251993	NC_030989.1	5212762	1037178	1170656	opposite	132351	133793	133478	98.9222	60
Fo47	NC_072841.1	5611497	4080705	4112825	NC_030989.1	5212762	1176234	1208360	opposite	31903	32136	32126	99.2750	60
Fo47	NC_072841.1	5611497	4052354	4080544	NC_030989.1	5212762	1208547	1236722	opposite	27997	28201	28175	99.2766	60
Fo47	NC_072841.1	5611497	4044373	4052267	NC_030989.1	5212762	1236810	1244708	opposite	7849	7900	7898	99.3544	60
Fo47	NC_072841.1	5611497	3923762	4044186	NC_030989.1	5212762	1244904	1367001	opposite	119298	121972	122097	97.8077	60
Fo47	NC_072841.1	5611497	3883747	3922879	NC_030989.1	5212762	1367961	1407053	opposite	38805	39149	39092	99.1213	60
Fo47	NC_072841.1	5611497	3853434	3883647	NC_030989.1	5212762	1407151	1437465	opposite	29990	30219	30314	99.2422	60
Fo47	NC_072841.1	5611497	3689310	3850738	NC_030989.1	5212762	1440340	1602766	opposite	160017	162495	162426	98.4750	60
Fo47	NC_072841.1	5611497	3496943	3688973	NC_030989.1	5212762	1603191	1795353	opposite	190422	192385	192162	98.9797	60
Fo47	NC_072841.1	5611497	3491642	3495818	NC_030989.1	5212762	1796692	1800878	opposite	4121	4190	4186	98.3532	60
Fo47	NC_072841.1	5611497	3488004	3490935	NC_030989.1	5212762	1801643	1804577	opposite	2914	2935	2934	99.2845	60
Fo47	NC_072841.1	5611497	3482233	3484749	NC_030989.1	5212762	1807841	1810352	opposite	2444	2522	2511	96.9072	60
Fo47	NC_072841.1	5611497	3343604	3481754	NC_030989.1	5212762	1810845	1949030	opposite	136973	138359	138185	98.9983	60
Fo47	NC_072841.1	5611497	3279400	3343125	NC_030989.1	5212762	1949337	2013098	opposite	63227	63792	63761	99.1143	60
Fo47	NC_072841.1	5611497	3049472	3279169	NC_030989.1	5212762	2013317	2243201	opposite	228054	229983	229884	99.1612	60
Fo47	NC_072841.1	5611497	3036894	3049312	NC_030989.1	5212762	2243357	2255807	opposite	12324	12458	12450	98.9244	60
Fo47	NC_072841.1	5611497	3022904	3035831	NC_030989.1	5212762	2256849	2269835	opposite	12855	12991	12986	98.9531	60
Fo47	NC_072841.1	5611497	2970930	3022724	NC_030989.1	5212762	2270015	2321880	opposite	51333	51689	51865	99.3113	60
Fo47	NC_072841.1	5611497	2964875	2970093	NC_030989.1	5212762	2322863	2328038	opposite	5132	5229	5175	98.1450	60
Fo47	NC_072841.1	5611497	2872015	2912552	NC_030989.1	5212762	2329038	2369608	opposite	40234	40509	40570	99.3211	60
Fo47	NC_072841.1	5611497	2682880	2871511	NC_030989.1	5212762	2370133	2561273	opposite	185962	191255	191140	97.2325	60
Fo47	NC_072841.1	5611497	2678622	2682367	NC_030989.1	5212762	2561775	2565520	opposite	3670	3746	3745	97.9712	60
Fo47	NC_072841.1	5611497	2625072	2677894	NC_030989.1	5212762	2566242	2619044	opposite	52201	52877	52802	98.7216	60
Fo47	NC_072841.1	5611497	2616490	2624905	NC_030989.1	5212762	2619222	2627642	opposite	8239	8433	8420	97.6995	60
Fo47	NC_072841.1	5611497	2484599	2616363	NC_030989.1	5212762	2627766	2753773	opposite	122862	133362	126007	92.1267	60
Fo47	NC_072841.1	5611497	2446243	2483516	NC_030989.1	5212762	2757030	2794267	opposite	36732	37323	37237	98.4165	60
Fo47	NC_072841.1	5611497	2379552	2432293	NC_030989.1	5212762	2794500	2847888	opposite	51722	53636	53388	96.4315	60
Fo47	NC_072841.1	5611497	2318659	2379224	NC_030989.1	5212762	2848343	2910441	opposite	59562	61849	62098	96.3023	60
Fo47	NC_072841.1	5611497	2277734	2318514	NC_030989.1	5212762	2910594	2951120	opposite	39405	41220	40526	95.5968	60
Fo47	NC_072841.1	5611497	2146684	2277440	NC_030989.1	5212762	2951612	3095882	opposite	128833	144383	144270	89.2300	60
Fo47	NC_072841.1	5611497	2025237	2146334	NC_030989.1	5212762	3096220	3222232	opposite	118592	126728	126012	93.5800	60
Fo47	NC_072841.1	5611497	1994776	2025246	NC_030989.1	5212762	3225202	3252211	opposite	25862	31153	27009	83.0161	60
Fo47	NC_072841.1	5611497	1941502	1993504	NC_030989.1	5212762	3265416	3318063	opposite	51025	52743	52647	96.7427	60
Fo47	NC_072841.1	5611497	1888255	1936389	NC_030989.1	5212762	3323332	3373460	opposite	47477	50193	50128	94.5889	60
Fo47	NC_072841.1	5611497	1787233	1888193	NC_030989.1	5212762	3373547	3474718	opposite	99544	101295	101171	98.2714	60
Fo47	NC_072841.1	5611497	1785481	1786852	NC_030989.1	5212762	3475234	3476599	opposite	1317	1372	1365	95.9913	60
Fo47	NC_072841.1	5611497	1747137	1783444	NC_030989.1	5212762	3478504	3518288	opposite	33939	40893	39784	82.9946	60
Fo47	NC_072841.1	5611497	1719621	1747009	NC_030989.1	5212762	3518416	3542459	opposite	23698	27435	24043	86.3787	60
Fo47	NC_072841.1	5611497	1702136	1719292	NC_030989.1	5212762	3542878	3560087	opposite	16937	17214	17209	98.3908	60
Fo47	NC_072841.1	5611497	1656721	1695835	NC_030989.1	5212762	3562327	3601717	opposite	38690	39510	39390	97.9246	60
Fo47	NC_072841.1	5611497	1564500	1656475	NC_030989.1	5212762	3601911	3694716	opposite	91237	92803	92805	98.3126	60
Fo47	NC_072841.1	5611497	1474855	1564391	NC_030989.1	5212762	3694830	3784471	opposite	88849	89476	89641	99.2993	60
Fo47	NC_072841.1	5611497	1445066	1474630	NC_030989.1	5212762	3784708	3814283	opposite	29348	29613	29575	99.1051	60
Fo47	NC_072841.1	5611497	1428710	1444885	NC_030989.1	5212762	3814481	3830665	opposite	16055	16191	16184	99.1600	60
Fo47	NC_072841.1	5611497	1404289	1428423	NC_030989.1	5212762	3830932	3855104	opposite	23979	24193	24172	99.1154	60
Fo47	NC_072841.1	5611497	1326362	1402981	NC_030989.1	5212762	3856476	3933937	opposite	76103	77443	77461	98.2697	60
Fo47	NC_072841.1	5611497	1291563	1325936	NC_030989.1	5212762	3934499	3968820	opposite	33971	34429	34321	98.6697	60
Fo47	NC_072841.1	5611497	1290144	1291198	NC_030989.1	5212762	3969205	3970259	opposite	995	1054	1054	94.4023	60
Fo47	NC_072841.1	5611497	1276085	1289915	NC_030989.1	5212762	3970488	3984357	opposite	13669	13877	13869	98.5011	60
Fo47	NC_072841.1	5611497	1243211	1275503	NC_030989.1	5212762	3984937	4017268	opposite	32072	32342	32331	99.1652	60
Fo47	NC_072841.1	5611497	1239663	1243014	NC_030989.1	5212762	4017571	4020929	opposite	3332	3362	3358	99.1077	60
Fo47	NC_072841.1	5611497	1191405	1238813	NC_030989.1	5212762	4021939	4069377	opposite	47052	47451	47438	99.1591	60
Fo47	NC_072841.1	5611497	1132083	1191182	NC_030989.1	5212762	4069624	4129697	opposite	58455	59874	60073	97.6300	60
Fo47	NC_072841.1	5611497	1015178	1129495	NC_030989.1	5212762	4129829	4245217	opposite	112443	115705	115388	97.1808	60
Fo47	NC_072841.1	5611497	1000623	1014843	NC_030989.1	5212762	4245472	4259836	opposite	14087	14252	14364	98.8423	60
Fo47	NC_072841.1	5611497	987987	999686	NC_030989.1	5212762	4260672	4272371	opposite	11611	11704	11699	99.2054	60
Fo47	NC_072841.1	5611497	910270	987799	NC_030989.1	5212762	4272567	4350128	opposite	76720	77661	77561	98.7883	60
Fo47	NC_072841.1	5611497	907356	910209	NC_030989.1	5212762	4350409	4353281	opposite	2828	2872	2872	98.4680	60
Fo47	NC_072841.1	5611497	717779	906678	NC_030989.1	5212762	4353440	4542015	opposite	186754	189052	188575	98.7845	60
Fo47	NC_072841.1	5611497	694720	708407	NC_030989.1	5212762	4550451	4569266	opposite	13226	18910	18815	69.9418	60
Fo47	NC_072841.1	5611497	653430	694540	NC_030989.1	5212762	4569437	4610571	opposite	40606	41164	41134	98.6444	60
Fo47	NC_072841.1	5611497	612731	650574	NC_030989.1	5212762	4612500	4650353	opposite	37230	37888	37853	98.2633	60
Fo47	NC_072841.1	5611497	604114	609928	NC_030989.1	5212762	4650652	4656449	opposite	5712	5830	5797	97.9760	60
Fo47	NC_072841.1	5611497	504077	581867	NC_030989.1	5212762	4659708	4743224	opposite	76478	83587	83516	91.4951	60
Fo47	NC_072841.1	5611497	421759	426075	NC_030989.1	5212762	4748081	4752424	opposite	4012	4359	4343	92.0395	60
Fo47	NC_072841.1	5611497	416751	421461	NC_030989.1	5212762	4752732	4757181	opposite	4357	4713	4449	92.4464	60
Fo47	NC_072841.1	5611497	404109	416370	NC_030989.1	5212762	4757560	4769792	opposite	11920	12264	12232	97.1950	60
Fo47	NC_072841.1	5611497	396403	399207	NC_030989.1	5212762	4777187	4779990	opposite	2749	2804	2803	98.0385	60
Fo47	NC_072841.1	5611497	379695	390293	NC_030989.1	5212762	4787373	4797983	opposite	10329	10637	10610	97.1044	60
Fo47	NC_072841.1	5611497	372517	378578	NC_030989.1	5212762	4798945	4805021	opposite	5917	6079	6076	97.3351	60
Fo47	NC_072841.1	5611497	318902	372179	NC_030989.1	5212762	4805363	4867636	opposite	51841	62188	62273	83.3617	60
Fo47	NC_072841.1	5611497	309302	314982	NC_030989.1	5212762	4870175	4875857	opposite	5545	5682	5682	97.5889	60
Fo47	NC_072841.1	5611497	273253	305920	NC_030989.1	5212762	4876269	4908937	opposite	32030	32702	32668	97.9451	60
Fo47	NC_072841.1	5611497	267701	272110	NC_030989.1	5212762	4910057	4914449	opposite	4271	4429	4392	96.4326	60
Fo47	NC_072841.1	5611497	241727	267297	NC_030989.1	5212762	4914854	4940441	opposite	24906	25591	25587	97.3233	60
Fo47	NC_072841.1	5611497	234208	241566	NC_030989.1	5212762	4941025	4947908	opposite	6591	7415	6883	88.8874	60
Fo47	NC_072841.1	5611497	231030	233039	NC_030989.1	5212762	4949066	4951098	opposite	1864	2036	2032	91.5521	60
Fo47	NC_072841.1	5611497	219473	222499	NC_030989.1	5212762	4961488	4964512	opposite	2779	3033	3024	91.6255	60
Fo47	NC_072841.1	5611497	210052	211339	NC_030989.1	5212762	5007276	5008562	opposite	1226	1287	1286	95.2603	60
Fo47	NC_072841.1	5611497	208956	209505	NC_030989.1	5212762	5009162	5009711	opposite	520	549	549	94.7177	60
Fo47	NC_072841.1	5611497	186450	188216	NC_030989.1	5212762	5036212	5037978	opposite	1694	1770	1766	95.7062	60
Fo47	NC_072841.1	5611497	171117	179537	NC_030989.1	5212762	5041359	5049737	opposite	8122	8444	8378	96.1866	60
Fo47	NC_072841.1	5611497	119192	170945	NC_030989.1	5212762	5049909	5100759	opposite	49309	51942	50850	94.9309	60
Fo47	NC_072841.1	5611497	91385	109416	NC_030989.1	5212762	5104695	5119265	opposite	14231	18078	14570	78.7200	60
Fo47	NC_072841.1	5611497	61854	91304	NC_030989.1	5212762	5119350	5149192	opposite	28812	30020	29842	95.9760	60
Fo47	NC_072841.1	5611497	61401	61854	NC_030989.1	5212762	5149192	5149644	same	447	454	452	98.4581	60
Fo47	NC_072841.1	5611497	53033	61392	NC_030989.1	5212762	5149653	5158096	opposite	7979	8478	8443	94.1142	60
Fo47	NC_072842.1	5151772	4902758	4909248	NC_030990.1	4914260	160	6640	opposite	6322	6491	6480	97.3964	60
Fo47	NC_072842.1	5151772	4880356	4894096	NC_030990.1	4914260	9359	22800	opposite	13163	13777	13441	95.5433	60
Fo47	NC_072842.1	5151772	4878034	4880214	NC_030990.1	4914260	22964	25144	opposite	2092	2180	2180	95.9633	60
Fo47	NC_072842.1	5151772	4845520	4875706	NC_030990.1	4914260	27816	65793	opposite	27252	40181	37977	67.8231	60
Fo47	NC_072842.1	5151772	4842713	4845378	NC_030990.1	4914260	65941	68549	opposite	2554	2668	2608	95.7271	60
Fo47	NC_072842.1	5151772	4811736	4842617	NC_030990.1	4914260	68656	99535	opposite	30288	30906	30879	98.0004	60
Fo47	NC_072842.1	5151772	4808100	4811419	NC_030990.1	4914260	99857	103163	opposite	3166	3320	3306	95.3614	60
Fo47	NC_072842.1	5151772	4784885	4807309	NC_030990.1	4914260	116594	139038	opposite	21910	22445	22444	97.6164	60
Fo47	NC_072842.1	5151772	4782839	4783914	NC_030990.1	4914260	140002	141053	opposite	1039	1075	1051	96.6512	60
Fo47	NC_072842.1	5151772	4746741	4782671	NC_030990.1	4914260	141221	178695	opposite	35215	37544	37474	93.7966	60
Fo47	NC_072842.1	5151772	4736346	4746456	NC_030990.1	4914260	178982	189136	opposite	9698	10189	10154	95.1811	60
Fo47	NC_072842.1	5151772	4733125	4735314	NC_030990.1	4914260	190191	192383	opposite	2095	2193	2192	95.5312	60
Fo47	NC_072842.1	5151772	4720001	4732743	NC_030990.1	4914260	192757	205500	opposite	12439	12779	12743	97.3394	60
Fo47	NC_072842.1	5151772	4696932	4719028	NC_030990.1	4914260	206353	228419	opposite	21407	22103	22066	96.8511	60
Fo47	NC_072842.1	5151772	4693255	4696684	NC_030990.1	4914260	228708	232134	opposite	3355	3429	3426	97.8419	60
Fo47	NC_072842.1	5151772	4686614	4693062	NC_030990.1	4914260	232328	238783	opposite	6303	6458	6455	97.5999	60
Fo47	NC_072842.1	5151772	4682387	4686408	NC_030990.1	4914260	239013	243079	opposite	3907	4066	4066	96.0895	60
Fo47	NC_072842.1	5151772	4910281	4911187	NC_030990.1	4914260	246091	246998	same	852	907	907	93.9361	60
Fo47	NC_072842.1	5151772	4678697	4679325	NC_030990.1	4914260	247394	248020	opposite	602	628	626	95.8599	60
Fo47	NC_072842.1	5151772	4665967	4677668	NC_030990.1	4914260	250326	262028	opposite	11509	11702	11702	98.3507	60
Fo47	NC_072842.1	5151772	4457173	4662587	NC_030990.1	4914260	268420	471637	opposite	190538	213932	203217	89.0647	60
Fo47	NC_072842.1	5151772	4456314	4457058	NC_030990.1	4914260	481858	482602	opposite	739	744	744	99.3280	60
Fo47	NC_072842.1	5151772	4450919	4454874	NC_030990.1	4914260	483910	487909	opposite	3850	4002	3999	96.2019	60
Fo47	NC_072842.1	5151772	4385564	4450751	NC_030990.1	4914260	488101	553288	opposite	64037	65234	65187	98.1651	60
Fo47	NC_072842.1	5151772	4366340	4384514	NC_030990.1	4914260	554362	572590	opposite	17666	18262	18228	96.7364	60
Fo47	NC_072842.1	5151772	4357960	4360722	NC_030990.1	4914260	578322	581046	opposite	2536	2774	2724	91.4203	60
Fo47	NC_072842.1	5151772	4280859	4357632	NC_030990.1	4914260	581374	658311	opposite	75391	77030	76937	97.8723	60
Fo47	NC_072842.1	5151772	4196458	4280486	NC_030990.1	4914260	658676	748499	opposite	82813	90010	89823	92.0042	60
Fo47	NC_072846.1	4259108	1657650	1659763	NC_030990.1	4914260	731631	733753	same	1940	2122	2122	91.4232	60
Fo47	NC_072846.1	4259108	1987337	1989255	NC_030990.1	4914260	731807	733732	opposite	1739	1925	1925	90.3377	60
Fo47	NC_072842.1	5151772	4181990	4195779	NC_030990.1	4914260	749160	762966	opposite	13612	13809	13806	98.5734	60
Fo47	NC_072842.1	5151772	4125190	4181545	NC_030990.1	4914260	763528	819839	opposite	55677	56385	56311	98.7443	60
Fo47	NC_072842.1	5151772	4113262	4124936	NC_030990.1	4914260	820484	832173	opposite	11585	11702	11689	99.0002	60
Fo47	NC_072842.1	5151772	4093057	4112628	NC_030990.1	4914260	832813	852366	opposite	19372	19596	19553	98.8569	60
Fo47	NC_072842.1	5151772	4066484	4092783	NC_030990.1	4914260	852781	879105	opposite	25914	26258	26324	98.6899	60
Fo47	NC_072842.1	5151772	3964018	4019844	NC_030990.1	4914260	880251	936138	opposite	55451	55912	55887	99.1755	60
Fo47	NC_072842.1	5151772	3822798	3963882	NC_030990.1	4914260	936290	1077391	opposite	140026	141295	141101	99.1019	60
Fo47	NC_072842.1	5151772	3794476	3822570	NC_030990.1	4914260	1077627	1105673	opposite	27824	28113	28046	98.9720	60
Fo47	NC_072842.1	5151772	3787182	3794368	NC_030990.1	4914260	1105786	1112962	opposite	7143	7186	7176	99.4016	60
Fo47	NC_072842.1	5151772	3783475	3786720	NC_030990.1	4914260	1113542	1116787	opposite	3222	3246	3245	99.2606	60
Fo47	NC_072842.1	5151772	3776031	3783148	NC_030990.1	4914260	1117162	1124299	opposite	7062	7140	7137	98.9076	60
Fo47	NC_072842.1	5151772	3744954	3770306	NC_030990.1	4914260	1133388	1158737	opposite	25068	25404	25349	98.6774	60
Fo47	NC_072842.1	5151772	3690253	3744805	NC_030990.1	4914260	1158895	1213458	opposite	54008	54650	54563	98.8253	60
Fo47	NC_072842.1	5151772	3615518	3690180	NC_030990.1	4914260	1213551	1288391	opposite	74115	74869	74840	98.9929	60
Fo47	NC_072842.1	5151772	3592111	3615229	NC_030990.1	4914260	1288876	1312953	opposite	22852	24080	24077	94.9003	60
Fo47	NC_072842.1	5151772	3576480	3591899	NC_030990.1	4914260	1313164	1328597	opposite	15281	15440	15433	98.9702	60
Fo47	NC_072842.1	5151772	3506040	3576386	NC_030990.1	4914260	1328706	1399823	opposite	69776	71124	71117	98.1047	60
Fo47	NC_072842.1	5151772	3464377	3505510	NC_030990.1	4914260	1400426	1441561	opposite	40808	41163	41135	99.1376	60
Fo47	NC_072842.1	5151772	3460817	3463686	NC_030990.1	4914260	1442750	1445632	opposite	2816	2896	2882	97.2376	60
Fo47	NC_072842.1	5151772	3442419	3460612	NC_030990.1	4914260	1445832	1464023	opposite	18037	18204	18191	99.0826	60
Fo47	NC_072842.1	5151772	3393037	3431850	NC_030990.1	4914260	1474118	1513020	opposite	38535	38948	38902	98.9396	60
Fo47	NC_072842.1	5151772	3307315	3391833	NC_030990.1	4914260	1514157	1599203	opposite	83841	85057	85046	98.5704	60
Fo47	NC_072842.1	5151772	3305177	3307079	NC_030990.1	4914260	1599556	1601459	opposite	1891	1904	1903	99.3172	60
Fo47	NC_072842.1	5151772	3303446	3304227	NC_030990.1	4914260	1601975	1602755	opposite	776	781	780	99.3598	60
Fo47	NC_072842.1	5151772	3266707	3303108	NC_030990.1	4914260	1603134	1639540	opposite	36088	36470	36406	98.9526	60
Fo47	NC_072842.1	5151772	3253456	3266274	NC_030990.1	4914260	1639983	1652789	opposite	12671	12830	12806	98.7607	60
Fo47	NC_072842.1	5151772	3248550	3249442	NC_030990.1	4914260	1652786	1653678	opposite	879	892	892	98.5426	60
Fo47	NC_072842.1	5151772	3190665	3245683	NC_030990.1	4914260	1656506	1711680	opposite	54619	55063	55174	99.1937	60
Fo47	NC_072842.1	5151772	3159150	3190575	NC_030990.1	4914260	1711775	1743260	opposite	31223	31505	31485	99.1049	60
Fo47	NC_072842.1	5151772	3123983	3158734	NC_030990.1	4914260	1743982	1778713	opposite	34421	34797	34731	98.9194	60
Fo47	NC_072842.1	5151772	2969779	3123599	NC_030990.1	4914260	1779181	1937867	opposite	152462	159004	158686	95.8856	60
Fo47	NC_072842.1	5151772	2962651	2969655	NC_030990.1	4914260	1937997	1945020	opposite	6817	6881	7023	99.0699	60
Fo47	NC_072842.1	5151772	2957244	2962528	NC_030990.1	4914260	1945150	1950447	opposite	5250	5297	5297	99.1127	60
Fo47	NC_072842.1	5151772	2872726	2957070	NC_030990.1	4914260	1950634	2035318	opposite	83746	84751	84684	98.8142	60
Fo47	NC_072842.1	5151772	2633302	2871924	NC_030990.1	4914260	2036214	2276443	opposite	236469	240629	240229	98.2712	60
Fo47	NC_072842.1	5151772	2611696	2633209	NC_030990.1	4914260	2276536	2298058	opposite	21378	21531	21522	99.2894	60
Fo47	NC_072842.1	5151772	2561669	2611431	NC_030990.1	4914260	2298533	2348600	opposite	49431	50095	50067	98.6745	60
Fo47	NC_072842.1	5151772	2535312	2561511	NC_030990.1	4914260	2348760	2374917	opposite	25926	26273	26157	98.6793	60
Fo47	NC_072842.1	5151772	2456272	2534032	NC_030990.1	4914260	2376626	2455542	opposite	76775	78267	78916	98.0937	60
Fo47	NC_072842.1	5151772	2444958	2455776	NC_030990.1	4914260	2456197	2467005	opposite	10709	10832	10808	98.8645	60
Fo47	NC_072842.1	5151772	2385902	2444813	NC_030990.1	4914260	2467283	2526161	opposite	58496	58975	58878	99.1878	60
Fo47	NC_072842.1	5151772	2299888	2385626	NC_030990.1	4914260	2526573	2613958	opposite	84619	87788	87385	96.3902	60
Fo47	NC_072842.1	5151772	2246901	2299208	NC_030990.1	4914260	2614614	2666681	opposite	51544	52248	52067	98.6526	60
Fo47	NC_072842.1	5151772	2179706	2246783	NC_030990.1	4914260	2666819	2733485	opposite	66139	67164	66666	98.4739	60
Fo47	NC_072842.1	5151772	2129306	2179635	NC_030990.1	4914260	2733564	2783909	opposite	49993	50380	50345	99.2318	60
Fo47	NC_072842.1	5151772	2076130	2128530	NC_030990.1	4914260	2784340	2836751	opposite	52054	52458	52411	99.2299	60
Fo47	NC_072842.1	5151772	2020833	2076026	NC_030990.1	4914260	2836866	2892199	opposite	54806	55282	55333	99.1390	60
Fo47	NC_072842.1	5151772	1995733	2020483	NC_030990.1	4914260	2892708	2917474	opposite	24574	24800	24766	99.0887	60
Fo47	NC_072842.1	5151772	1859626	1995376	NC_030990.1	4914260	2918054	3053862	opposite	134694	135887	135808	99.1221	60
Fo47	NC_072842.1	5151772	1712217	1859212	NC_030990.1	4914260	3054346	3201469	opposite	145740	147107	147123	99.0707	60
Fo47	NC_072842.1	5151772	1701558	1712073	NC_030990.1	4914260	3201617	3212138	opposite	10424	10522	10521	99.0686	60
Fo47	NC_072842.1	5151772	1517185	1700862	NC_030990.1	4914260	3212913	3398310	opposite	182475	185261	185397	98.4962	60
Fo47	NC_072842.1	5151772	1484307	1515999	NC_030990.1	4914260	3399483	3431185	opposite	31521	31732	31702	99.3351	60
Fo47	NC_072842.1	5151772	1424121	1483901	NC_030990.1	4914260	3431464	3491487	opposite	59232	59821	60023	99.0154	60
Fo47	NC_072842.1	5151772	1390764	1423612	NC_030990.1	4914260	3491997	3525558	opposite	32623	33591	33561	97.1183	60
Fo47	NC_072842.1	5151772	1375330	1387423	NC_030990.1	4914260	3526699	3538560	opposite	11809	12095	11861	97.6354	60
Fo47	NC_072842.1	5151772	1320655	1375097	NC_030990.1	4914260	3538803	3593882	opposite	53944	55277	55079	97.5885	60
Fo47	NC_072842.1	5151772	1278774	1320395	NC_030990.1	4914260	3594216	3635814	opposite	41402	41648	41598	99.4093	60
Fo47	NC_072842.1	5151772	1190175	1278441	NC_030990.1	4914260	3636543	3724782	opposite	87639	88337	88239	99.2098	60
Fo47	NC_072842.1	5151772	1170478	1189127	NC_030990.1	4914260	3725545	3744298	opposite	18443	18656	18753	98.8583	60
Fo47	NC_072842.1	5151772	1101219	1170215	NC_030990.1	4914260	3744690	3813655	opposite	68445	69115	68965	99.0306	60
Fo47	NC_072842.1	5151772	1100684	1101076	NC_030990.1	4914260	3813810	3814202	opposite	391	392	392	99.7449	60
Fo47	NC_072842.1	5151772	1070228	1100099	NC_030990.1	4914260	3814838	3844926	opposite	29539	29789	30088	99.1608	60
Fo47	NC_072842.1	5151772	978045	1070136	NC_030990.1	4914260	3845010	3937041	opposite	91238	92159	92031	99.0006	60
Fo47	NC_072842.1	5151772	960323	976849	NC_030990.1	4914260	3939039	3955555	opposite	16369	16535	16516	98.9961	60
Fo47	NC_072842.1	5151772	955731	959846	NC_030990.1	4914260	3956205	3960323	opposite	4020	4118	4118	97.6202	60
Fo47	NC_072842.1	5151772	897049	955654	NC_030990.1	4914260	3960402	4019093	opposite	57882	58829	58691	98.3902	60
Fo47	NC_072842.1	5151772	892685	896755	NC_030990.1	4914260	4019383	4023430	opposite	3952	4071	4047	97.0769	60
Fo47	NC_072842.1	5151772	861857	892547	NC_030990.1	4914260	4023569	4054245	opposite	30400	30709	30676	98.9938	60
Fo47	NC_072842.1	5151772	832075	861582	NC_030990.1	4914260	4054637	4084154	opposite	29270	29562	29517	99.0122	60
Fo47	NC_072842.1	5151772	783234	831526	NC_030990.1	4914260	4084836	4133392	opposite	47711	48645	48556	98.0800	60
Fo47	NC_072842.1	5151772	721406	782935	NC_030990.1	4914260	4133763	4195908	opposite	60656	62287	62145	97.3815	60
Fo47	NC_072842.1	5151772	635401	721082	NC_030990.1	4914260	4196331	4281910	opposite	84613	85664	85579	98.7731	60
Fo47	NC_072842.1	5151772	522220	635309	NC_030990.1	4914260	4282012	4395156	opposite	111625	113415	113144	98.4217	60
Fo47	NC_072842.1	5151772	496746	522099	NC_030990.1	4914260	4395281	4420622	opposite	24801	25431	25341	97.5227	60
Fo47	NC_072842.1	5151772	494339	496345	NC_030990.1	4914260	4421038	4423044	opposite	1930	2006	2006	96.2114	60
Fo47	NC_072842.1	5151772	450128	493691	NC_030990.1	4914260	4428073	4474206	opposite	42089	45333	46133	92.8441	60
Fo47	NC_072842.1	5151772	441599	442573	NC_030990.1	4914260	4477094	4478060	opposite	880	979	966	89.8876	60
Fo47	NC_072851.1	2552985	491758	492808	NC_030990.1	4914260	4494596	4495646	same	960	1051	1050	91.3416	60
Fo47	NC_072842.1	5151772	328714	396014	NC_030990.1	4914260	4516856	4587091	opposite	64180	71622	70235	89.6093	60
Fo47	NC_072842.1	5151772	320722	328654	NC_030990.1	4914260	4587148	4595263	opposite	7669	8136	8115	94.2601	60
Fo47	NC_072842.1	5151772	312165	315130	NC_030990.1	4914260	4607550	4610587	opposite	2907	2937	3037	98.9785	60
Fo47	NC_072842.1	5151772	273828	288971	NC_030990.1	4914260	4613567	4628737	opposite	14704	15184	15170	96.8388	60
Fo47	NC_072842.1	5151772	246803	272149	NC_030990.1	4914260	4630233	4655718	opposite	24536	25348	25485	96.7966	60
Fo47	NC_072842.1	5151772	226903	242190	NC_030990.1	4914260	4660863	4676156	opposite	14913	15311	15293	97.4006	60
Fo47	NC_072842.1	5151772	221531	226799	NC_030990.1	4914260	4676279	4681392	opposite	4906	5300	5113	92.5660	60
Fo47	NC_072842.1	5151772	212340	221304	NC_030990.1	4914260	4681616	4695775	opposite	8835	14164	14159	62.3764	60
Fo47	NC_072842.1	5151772	205497	212092	NC_030990.1	4914260	4696050	4703697	opposite	6497	7647	7647	84.9614	60
Fo47	NC_072842.1	5151772	202473	202891	NC_030990.1	4914260	4708014	4708432	opposite	414	418	418	99.0431	60
Fo47	NC_072842.1	5151772	184658	202044	NC_030990.1	4914260	4708942	4726555	opposite	16967	17623	17613	96.2776	60
Fo47	NC_072842.1	5151772	178048	180944	NC_030990.1	4914260	4726874	4729823	opposite	2819	2949	2949	95.5917	60
Fo47	NC_072842.1	5151772	153342	177320	NC_030990.1	4914260	4731825	4756546	opposite	23524	24746	24721	95.0618	60
Fo47	NC_072842.1	5151772	123664	141123	NC_030990.1	4914260	4793654	4811077	opposite	17091	17491	17423	97.7131	60
Fo47	NC_072842.1	5151772	110884	123293	NC_030990.1	4914260	4811668	4824032	opposite	12005	12446	12364	96.4567	60
Fo47	NC_072849.1	2893631	2824638	2825714	NC_030990.1	4914260	4829443	4830520	opposite	992	1077	1077	92.1077	40
Fo47	NC_072842.1	5151772	65385	107509	NC_030990.1	4914260	4832793	4856883	opposite	23186	42181	24090	54.9679	60
Fo47	NC_072842.1	5151772	44534	60038	NC_030990.1	4914260	4858820	4873167	opposite	13582	15802	14347	85.9511	60
Fo47	NC_072842.1	5151772	41112	43749	NC_030990.1	4914260	4873480	4876126	opposite	2559	2651	2646	96.5296	60
Fo47	NC_072842.1	5151772	37025	38207	NC_030990.1	4914260	4902309	4903491	same	1149	1182	1182	97.2081	60
Fo47	NC_072846.1	4259108	1354423	1354884	NC_030991.1	4589937	37081	37542	same	453	461	461	98.2646	18
Fo47	NC_072850.1	2853886	219529	220767	NC_030991.1	4589937	51732	52970	opposite	1228	1239	1238	99.1122	60
Fo47	NC_072846.1	4259108	3630361	3631176	NC_030991.1	4589937	61417	62234	same	779	818	817	95.2323	60
Fo47	NC_072846.1	4259108	1472902	1474495	NC_030991.1	4589937	90499	92095	same	1572	1596	1596	98.4962	60
Fo47	NC_072846.1	4259108	77244	78838	NC_030991.1	4589937	90500	92095	same	1572	1595	1595	98.5580	60
Fo47	NC_072846.1	4259108	79177	80014	NC_030991.1	4589937	92471	93308	same	830	837	837	99.1637	60
Fo47	NC_072846.1	4259108	1474833	1475670	NC_030991.1	4589937	92471	93308	same	833	837	837	99.5221	60
Fo47	NC_072851.1	2552985	2480549	2481996	NC_030991.1	4589937	190383	191828	opposite	1317	1448	1445	90.9530	43
Fo47	NC_072851.1	2552985	2470298	2473296	NC_030991.1	4589937	199195	202188	opposite	2800	3004	2993	93.2091	53
Fo47	NC_072846.1	4259108	2400739	2401193	NC_030991.1	4589937	350298	350752	opposite	429	454	454	94.4934	18
Fo47	NC_072846.1	4259108	2719128	2720994	NC_030991.1	4589937	392843	394710	opposite	1701	1869	1867	91.0112	42
Fo47	NC_072846.1	4259108	2034214	2035593	NC_030991.1	4589937	409826	411205	opposite	1307	1379	1379	94.7788	4
Fo47	NC_072846.1	4259108	220408	223201	NC_030991.1	4589937	409826	412833	opposite	2718	3009	3007	90.3290	59
Fo47	NC_072849.1	2893631	2869636	2872543	NC_030991.1	4589937	409891	412798	opposite	2866	2907	2907	98.5896	60
Fo47	NC_072846.1	4259108	871171	871682	NC_030991.1	4589937	412854	413365	opposite	492	511	511	96.2818	60
Fo47	NC_072846.1	4259108	3048437	3048948	NC_030991.1	4589937	412854	413365	same	492	511	511	96.2818	60
Fo47	NC_072846.1	4259108	3670992	3671503	NC_030991.1	4589937	412854	413365	opposite	492	511	511	96.2818	60
Fo47	NC_072846.1	4259108	4236436	4236947	NC_030991.1	4589937	412854	413365	same	492	511	511	96.2818	60
Fo47	NC_072846.1	4259108	3487792	3488294	NC_030991.1	4589937	412864	413365	opposite	473	502	501	94.2231	60
Fo47	NC_072846.1	4259108	3797153	3797424	NC_030991.1	4589937	446225	446495	opposite	265	271	270	97.7860	60
Fo47	NC_072846.1	4259108	1215546	1218564	NC_030991.1	4589937	475913	478931	opposite	2975	3018	3018	98.5752	60
Fo47	NC_072850.1	2853886	108988	112006	NC_030991.1	4589937	475913	478931	same	2966	3018	3018	98.2770	60
Fo47	NC_072846.1	4259108	2846926	2847491	NC_030991.1	4589937	478412	478979	same	546	568	567	96.1268	49
Fo47	NC_072846.1	4259108	1882827	1884482	NC_030991.1	4589937	489912	491592	same	1629	1680	1680	96.9643	60
Fo47	NC_072846.1	4259108	1885094	1888638	NC_030991.1	4589937	533744	536815	same	2953	3549	3071	83.2065	60
Fo47	NC_072846.1	4259108	4231370	4233063	NC_030991.1	4589937	544864	546557	opposite	1681	1693	1693	99.2912	42
Fo47	NC_072846.1	4259108	1678857	1681811	NC_030991.1	4589937	573271	576225	same	2864	2954	2954	96.9533	39
Fo47	NC_072846.1	4259108	4194241	4197000	NC_030991.1	4589937	582356	585115	opposite	2597	2759	2759	94.1283	38
Fo47	NC_072850.1	2853886	2845292	2853878	NC_030991.1	4589937	601462	610085	same	8364	8636	8623	96.8504	60
Fo47	NC_072846.1	4259108	1982686	1986194	NC_030991.1	4589937	601651	605159	opposite	3418	3510	3508	97.3789	60
Fo47	NC_072846.1	4259108	1718903	1731158	NC_030991.1	4589937	605152	616632	same	11251	12335	11480	91.2120	60
Fo47	NC_072842.1	5151772	4934162	4936437	NC_030991.1	4589937	618928	621208	opposite	2143	2281	2280	93.9500	60
Fo47	NC_072846.1	4259108	3949026	3955063	NC_030991.1	4589937	629826	635859	same	5974	6037	6033	98.9564	7
Fo47	NC_072846.1	4259108	1825910	1831586	NC_030991.1	4589937	630049	635861	opposite	5488	5812	5812	94.4253	2
Fo47	NC_072846.1	4259108	1527893	1528929	NC_030991.1	4589937	635902	636937	opposite	1016	1038	1035	97.8805	60
Fo47	NC_072846.1	4259108	2638311	2639535	NC_030991.1	4589937	680557	681781	opposite	1203	1224	1224	98.2843	38
Fo47	NC_072846.1	4259108	1412613	1414001	NC_030991.1	4589937	680557	681944	opposite	1365	1388	1387	98.3429	39
Fo47	NC_072846.1	4259108	1398388	1400246	NC_030991.1	4589937	690313	692172	same	1824	1859	1859	98.1173	2
Fo47	NC_072846.1	4259108	3755063	3756359	NC_030991.1	4589937	703191	704489	same	1253	1298	1298	96.5331	60
Fo47	NC_072841.1	5611497	5577806	5578249	NC_030991.1	4589937	817671	818114	same	434	443	443	97.9684	1
Fo47	NC_072846.1	4259108	2749054	2749497	NC_030991.1	4589937	817671	818114	same	434	443	443	97.9684	1
Fo47	NC_072850.1	2853886	2773513	2774554	NC_030991.1	4589937	851855	852896	opposite	967	1041	1041	92.8915	60
Fo47	NC_072846.1	4259108	4047043	4052921	NC_030991.1	4589937	929176	934852	opposite	5464	5887	5676	92.8147	60
Fo47	NC_072846.1	4259108	4028962	4033853	NC_030991.1	4589937	941902	946859	opposite	4792	4967	4957	96.4767	60
Fo47	NC_072846.1	4259108	1461496	1465363	NC_030991.1	4589937	984106	987981	opposite	3718	3877	3875	95.8989	60
Fo47	NC_072850.1	2853886	166206	166637	NC_030991.1	4589937	1041208	1041639	same	418	431	431	96.9838	7
Fo47	NC_072846.1	4259108	3635475	3639772	NC_030991.1	4589937	1043154	1047260	same	3768	4303	4106	87.5668	60
Fo47	NC_072846.1	4259108	3995318	3996923	NC_030991.1	4589937	1052973	1054579	same	1532	1607	1606	95.3329	15
Fo47	NC_072850.1	2853886	376535	381010	NC_030991.1	4589937	1154136	1158402	opposite	3950	4503	4266	87.7193	60
Fo47	NC_072846.1	4259108	3964284	3972305	NC_030991.1	4589937	1286619	1294682	same	7864	8065	8063	97.5077	60
Fo47	NC_072846.1	4259108	2867237	2873342	NC_030991.1	4589937	1289555	1295655	same	5993	6105	6100	98.1654	60
Fo47	NC_072846.1	4259108	1470543	1472617	NC_030991.1	4589937	1302040	1304109	same	2020	2074	2069	97.3963	60
Fo47	NC_072846.1	4259108	171065	173346	NC_030991.1	4589937	1302040	1304317	same	2223	2282	2277	97.4145	60
Fo47	NC_072846.1	4259108	1273152	1275009	NC_030991.1	4589937	1432884	1434741	same	1840	1857	1857	99.0845	2
Fo47	NC_072846.1	4259108	2042269	2045069	NC_030991.1	4589937	1493469	1496256	opposite	2745	2807	2787	97.7912	1
Fo47	NC_072846.1	4259108	2041590	2042058	NC_030991.1	4589937	1496467	1496935	opposite	458	468	468	97.8632	1
Fo47	NC_072846.1	4259108	3935558	3945090	NC_030991.1	4589937	1525165	1534697	opposite	9487	9533	9532	99.5175	4
Fo47	NC_072846.1	4259108	2658971	2660472	NC_030991.1	4589937	1525534	1527035	opposite	1481	1501	1501	98.6676	2
Fo47	NC_072842.1	5151772	5069549	5072546	NC_030991.1	4589937	1530521	1533710	same	2839	3191	3189	88.9690	0
Fo47	NC_072846.1	4259108	2696494	2699847	NC_030991.1	4589937	1554615	1557986	opposite	3245	3375	3371	96.1481	60
Fo47	NC_072846.1	4259108	44447	46599	NC_030991.1	4589937	1649461	1651614	same	2058	2154	2153	95.5432	1
Fo47	NC_072846.1	4259108	1993055	1994948	NC_030991.1	4589937	1653881	1655759	opposite	1813	1895	1878	95.6728	1
Fo47	NC_072846.1	4259108	2091316	2092811	NC_030991.1	4589937	1676636	1678127	opposite	1369	1497	1491	91.4496	60
Fo47	NC_072841.1	5611497	5501525	5501971	NC_030991.1	4589937	1682416	1682861	opposite	434	446	445	97.3094	0
Fo47	NC_072846.1	4259108	3973857	3974549	NC_030991.1	4589937	1734093	1734872	opposite	679	779	779	87.1630	1
Fo47	NC_072842.1	5151772	4989780	4991979	NC_030991.1	4589937	1749096	1751295	opposite	2173	2199	2199	98.8176	0
Fo47	NC_072842.1	5151772	5009261	5011461	NC_030991.1	4589937	1749096	1751296	same	2174	2200	2200	98.8182	0
Fo47	NC_072850.1	2853886	2759043	2760298	NC_030991.1	4589937	1755954	1757209	opposite	1160	1258	1255	92.2099	0
Fo47	NC_072850.1	2853886	2756407	2758455	NC_030991.1	4589937	1757992	1760034	opposite	1877	2049	2042	91.6057	0
Fo47	NC_072846.1	4259108	2813275	2813666	NC_030991.1	4589937	1804755	1805147	opposite	378	392	392	96.4286	1
Fo47	NC_072846.1	4259108	2015182	2017318	NC_030991.1	4589937	1859533	1861669	opposite	2042	2136	2136	95.5993	1
Fo47	NC_072846.1	4259108	469609	474651	NC_030991.1	4589937	1877474	1883039	opposite	4637	5746	5565	80.6996	60
Fo47	NC_072846.1	4259108	1267954	1270061	NC_030991.1	4589937	1915255	1917362	opposite	2088	2107	2107	99.0982	60
Fo47	NC_072846.1	4259108	1240366	1242295	NC_030991.1	4589937	1933233	1935188	opposite	1890	1955	1955	96.6752	23
Fo47	NC_072846.1	4259108	2226211	2227174	NC_030991.1	4589937	1936267	1937230	same	898	963	963	93.2503	1
Fo47	NC_072846.1	4259108	1535482	1536809	NC_030991.1	4589937	1936284	1937614	opposite	1242	1330	1330	93.3835	1
Fo47	NC_072846.1	4259108	855764	859802	NC_030991.1	4589937	1937477	1941515	opposite	3882	4038	4038	96.1367	1
Fo47	NC_072850.1	2853886	2839782	2840136	NC_030991.1	4589937	1941402	1941755	same	340	354	353	96.0452	1
Fo47	NC_072846.1	4259108	3056807	3058974	NC_030991.1	4589937	1956373	1958567	opposite	2139	2194	2194	97.4932	28
Fo47	NC_072846.1	4259108	1955877	1957736	NC_030991.1	4589937	1958564	1960432	same	1832	1871	1868	97.9156	3
Fo47	NC_072846.1	4259108	1408147	1412030	NC_030991.1	4589937	1975563	1985127	same	3463	9915	9564	34.9269	1
Fo47	NC_072846.1	4259108	2329639	2331380	NC_030991.1	4589937	2202735	2204444	opposite	1639	1752	1709	93.5502	1
Fo47	NC_072846.1	4259108	3640273	3644815	NC_030991.1	4589937	2237342	2241866	same	4355	4546	4524	95.7985	1
Fo47	NC_072846.1	4259108	196631	207514	NC_030991.1	4589937	2359532	2370225	same	10615	10884	10693	97.5285	18
Fo47	NC_072850.1	2853886	196448	203333	NC_030991.1	4589937	2442242	2449124	opposite	6804	6886	6882	98.8092	0
Fo47	NC_072846.1	4259108	376791	378951	NC_030991.1	4589937	2446963	2449123	opposite	2119	2160	2160	98.1019	1
Fo47	NC_072846.1	4259108	2388184	2388641	NC_030991.1	4589937	2473424	2473881	same	450	457	457	98.4683	1
Fo47	NC_072846.1	4259108	2887958	2888179	NC_030991.1	4589937	2561435	2561656	same	220	221	221	99.5475	1
Fo47	NC_072851.1	2552985	2488053	2491478	NC_030991.1	4589937	2582882	2586368	opposite	3221	3492	3486	92.2394	0
Fo47	NC_072851.1	2552985	2485813	2486759	NC_030991.1	4589937	2598479	2599423	opposite	902	946	944	95.3488	1
Fo47	NC_072846.1	4259108	2854833	2855216	NC_030991.1	4589937	2601906	2602289	opposite	371	383	383	96.8668	1
Fo47	NC_072846.1	4259108	288125	290688	NC_030991.1	4589937	2602294	2604856	opposite	2542	2563	2562	99.1806	1
Fo47	NC_072846.1	4259108	3794059	3794370	NC_030991.1	4589937	2604544	2604855	same	307	311	311	98.7138	1
Fo47	NC_072850.1	2853886	385816	388859	NC_030991.1	4589937	2643958	2646977	same	2766	3051	3019	90.6588	0
Fo47	NC_072846.1	4259108	1836920	1838766	NC_030991.1	4589937	2675513	2677360	same	1802	1847	1847	97.5636	60
Fo47	NC_072846.1	4259108	2246959	2248305	NC_030991.1	4589937	2686573	2687921	opposite	1224	1401	1348	87.3662	1
Fo47	NC_072840.1	6487135	11117	12890	NC_030991.1	4589937	2793962	2795743	opposite	1628	1782	1781	91.3580	0
Fo47	NC_072846.1	4259108	1065542	1068018	NC_030991.1	4589937	3153283	3155759	same	2438	2476	2476	98.4653	1
Fo47	NC_072846.1	4259108	4246498	4247073	NC_030991.1	4589937	3159084	3159634	same	523	582	550	89.8625	1
Fo47	NC_072841.1	5611497	5522473	5525254	NC_030991.1	4589937	3207611	3210386	same	2539	2790	2775	91.0036	0
Fo47	NC_072846.1	4259108	1632540	1634273	NC_030991.1	4589937	3832377	3834109	same	1610	1733	1732	92.9025	52
Fo47	NC_072846.1	4259108	23652	24751	NC_030991.1	4589937	3832658	3833758	opposite	1013	1100	1100	92.0909	1
Fo47	NC_072846.1	4259108	2177724	2179924	NC_030991.1	4589937	3850090	3852290	opposite	2127	2200	2200	96.6818	3
Fo47	NC_072846.1	4259108	818648	819049	NC_030991.1	4589937	3907501	3907903	opposite	396	402	402	98.5075	1
Fo47	NC_072848.1	3277645	199314	202913	NC_030991.1	4589937	3909399	3912998	same	3578	3599	3599	99.4165	0
Fo47	NC_072846.1	4259108	12425	14215	NC_030991.1	4589937	3991940	3993732	same	1641	1797	1792	91.3189	6
Fo47	NC_072846.1	4259108	2884172	2884687	NC_030991.1	4589937	4424826	4425360	same	487	535	534	91.0280	1
Fo47	NC_072846.1	4259108	1415406	1417467	NC_030991.1	4589937	4425837	4427895	same	1945	2061	2058	94.3717	25
Fo47	NC_072846.1	4259108	1378698	1380422	NC_030991.1	4589937	4431857	4433574	same	1614	1724	1717	93.6195	60
Fo47	NC_072842.1	5151772	5026570	5029573	NC_030991.1	4589937	4435183	4438162	opposite	2822	3004	2979	93.9414	0
Fo47	NC_072846.1	4259108	1447134	1449527	NC_030991.1	4589937	4457712	4460105	same	2356	2393	2393	98.4538	29
Fo47	NC_072851.1	2552985	429601	431751	NC_030991.1	4589937	4582717	4584918	opposite	1941	2213	2201	87.7090	57
Fo47	NC_072844.1	4523040	46808	128361	NC_030992.1	4347182	12320	89040	same	75047	81712	76720	91.8433	60
Fo47	NC_072844.1	4523040	128497	153052	NC_030992.1	4347182	89176	114470	same	23892	25204	25294	94.7945	60
Fo47	NC_072844.1	4523040	153206	160345	NC_030992.1	4347182	114641	121758	same	6868	7165	7117	95.8548	60
Fo47	NC_072844.1	4523040	167115	177141	NC_030992.1	4347182	123016	133181	same	9720	10071	10165	96.5147	60
Fo47	NC_072844.1	4523040	177466	189733	NC_030992.1	4347182	133467	145766	same	11885	12312	12299	96.5318	60
Fo47	NC_072844.1	4523040	190049	206130	NC_030992.1	4347182	146206	167521	same	15703	21358	21315	73.5228	60
Fo47	NC_072844.1	4523040	210363	235855	NC_030992.1	4347182	173821	205499	same	25026	31394	31678	79.7159	60
Fo47	NC_072844.1	4523040	236354	239530	NC_030992.1	4347182	206062	209220	same	3100	3178	3158	97.5456	60
Fo47	NC_072844.1	4523040	243999	250086	NC_030992.1	4347182	213668	219722	same	5902	6088	6054	96.9448	60
Fo47	NC_072844.1	4523040	250415	267073	NC_030992.1	4347182	220148	228747	same	8214	16568	8599	49.5775	60
Fo47	NC_072842.1	5151772	4959713	4960781	NC_030992.1	4347182	231306	232374	opposite	985	1069	1068	92.1422	60
Fo47	NC_072844.1	4523040	267385	268974	NC_030992.1	4347182	232433	234020	same	1562	1590	1587	98.2390	60
Fo47	NC_072844.1	4523040	269166	348408	NC_030992.1	4347182	234219	312684	same	76236	79977	78465	95.3224	60
Fo47	NC_072844.1	4523040	348657	380167	NC_030992.1	4347182	312943	342858	same	29171	31567	29915	92.4098	60
Fo47	NC_072844.1	4523040	380394	416705	NC_030992.1	4347182	343089	377352	same	33257	36392	34263	91.3855	60
Fo47	NC_072844.1	4523040	422998	424294	NC_030992.1	4347182	379755	381051	same	1219	1296	1296	94.0586	60
Fo47	NC_072844.1	4523040	426059	511111	NC_030992.1	4347182	382721	466978	same	82890	85125	84257	97.3744	60
Fo47	NC_072844.1	4523040	511311	537214	NC_030992.1	4347182	467179	500406	same	24990	33040	33227	75.6356	60
Fo47	NC_072846.1	4259108	2931161	2934050	NC_030992.1	4347182	491750	494638	opposite	2853	2889	2888	98.7539	1
Fo47	NC_072844.1	4523040	537354	574292	NC_030992.1	4347182	500556	538186	same	36283	37647	37630	96.3769	60
Fo47	NC_072844.1	4523040	577159	611346	NC_030992.1	4347182	541116	574583	same	32297	34500	33467	93.6145	60
Fo47	NC_072844.1	4523040	613160	621501	NC_030992.1	4347182	576505	584847	same	8297	8342	8342	99.4606	60
Fo47	NC_072844.1	4523040	621923	710390	NC_030992.1	4347182	585291	673851	same	87684	88642	88560	98.9192	60
Fo47	NC_072844.1	4523040	710541	720238	NC_030992.1	4347182	674051	683775	same	9509	9730	9724	97.7287	60
Fo47	NC_072844.1	4523040	720579	728972	NC_030992.1	4347182	684116	692450	same	8134	8410	8334	96.7182	60
Fo47	NC_072844.1	4523040	729287	733260	NC_030992.1	4347182	692853	696841	same	3920	3989	3988	98.2702	60
Fo47	NC_072844.1	4523040	735435	769096	NC_030992.1	4347182	696858	730717	same	33222	33731	33859	98.4910	60
Fo47	NC_072844.1	4523040	769358	772287	NC_030992.1	4347182	730985	733919	same	2908	2935	2934	99.0801	60
Fo47	NC_072844.1	4523040	772892	823647	NC_030992.1	4347182	734986	787068	same	49870	52057	52082	95.7988	60
Fo47	NC_072844.1	4523040	824105	842648	NC_030992.1	4347182	787642	806186	same	18205	18565	18544	98.0609	60
Fo47	NC_072844.1	4523040	846289	846761	NC_030992.1	4347182	817070	817543	same	447	473	473	94.5032	60
Fo47	NC_072844.1	4523040	847163	855282	NC_030992.1	4347182	817914	826028	same	7894	8129	8114	97.1091	60
Fo47	NC_072844.1	4523040	861037	865122	NC_030992.1	4347182	831866	835951	same	3994	4087	4085	97.7245	60
Fo47	NC_072844.1	4523040	866165	880133	NC_030992.1	4347182	837122	851168	same	13722	13945	14046	98.4009	60
Fo47	NC_072844.1	4523040	880404	1016613	NC_030992.1	4347182	851454	986715	same	132318	137360	135261	96.3294	60
Fo47	NC_072844.1	4523040	1016875	1055827	NC_030992.1	4347182	987151	1025996	same	38456	39074	38845	98.4184	60
Fo47	NC_072844.1	4523040	1056342	1164478	NC_030992.1	4347182	1026595	1134875	same	107293	108344	108280	99.0299	60
Fo47	NC_072844.1	4523040	1165938	1209906	NC_030992.1	4347182	1136341	1180289	same	43443	43988	43948	98.7610	60
Fo47	NC_072844.1	4523040	1209981	1280649	NC_030992.1	4347182	1180372	1250965	same	70019	70752	70593	98.9640	60
Fo47	NC_072844.1	4523040	1280954	1349845	NC_030992.1	4347182	1251318	1320165	same	68288	68953	68847	99.0356	60
Fo47	NC_072844.1	4523040	1350160	1364925	NC_030992.1	4347182	1320543	1335332	same	14690	14794	14789	99.2970	60
Fo47	NC_072844.1	4523040	1365051	1390564	NC_030992.1	4347182	1335476	1361108	same	25359	25638	25632	98.9118	60
Fo47	NC_072844.1	4523040	1391199	1458501	NC_030992.1	4347182	1361564	1428755	same	66504	67438	67191	98.6150	60
Fo47	NC_072844.1	4523040	1458559	1460155	NC_030992.1	4347182	1428821	1430417	same	1590	1596	1596	99.6241	60
Fo47	NC_072844.1	4523040	1462035	1532340	NC_030992.1	4347182	1430573	1501828	same	69735	71304	71255	97.7996	60
Fo47	NC_072844.1	4523040	1532544	1592459	NC_030992.1	4347182	1502040	1561978	same	59476	59968	59938	99.1796	60
Fo47	NC_072844.1	4523040	1593114	1682584	NC_030992.1	4347182	1562910	1653733	same	88630	90942	90823	97.4577	60
Fo47	NC_072844.1	4523040	1682799	1732090	NC_030992.1	4347182	1653972	1703427	same	48960	49496	49455	98.9171	60
Fo47	NC_072841.1	5611497	5358255	5358537	NC_030992.1	4347182	1703426	1703708	same	281	282	282	99.6454	60
Fo47	NC_072844.1	4523040	1732280	1767992	NC_030992.1	4347182	1703826	1740308	same	35364	36375	36482	97.2206	60
Fo47	NC_072844.1	4523040	1769096	1799821	NC_030992.1	4347182	1741465	1772263	same	30480	30841	30798	98.8295	60
Fo47	NC_072844.1	4523040	1800120	1813092	NC_030992.1	4347182	1772639	1785639	same	12857	13022	13000	98.7329	60
Fo47	NC_072844.1	4523040	1813353	1826306	NC_030992.1	4347182	1786049	1799001	same	12844	12960	12952	99.1049	60
Fo47	NC_072844.1	4523040	1826406	1860652	NC_030992.1	4347182	1799107	1833609	same	33931	34374	34502	98.7112	60
Fo47	NC_072844.1	4523040	1862421	1884720	NC_030992.1	4347182	1834367	1857086	same	21967	22214	22719	98.8881	60
Fo47	NC_072844.1	4523040	1885043	1887322	NC_030992.1	4347182	1858297	1860576	same	2265	2279	2279	99.3857	60
Fo47	NC_072844.1	4523040	1888078	1991578	NC_030992.1	4347182	1860873	1964832	same	102238	104348	103959	97.9779	60
Fo47	NC_072844.1	4523040	1991878	1994904	NC_030992.1	4347182	1965324	1968351	same	3010	3027	3027	99.4384	60
Fo47	NC_072844.1	4523040	1996264	2023757	NC_030992.1	4347182	1969625	1997070	same	27234	27543	27445	98.8781	60
Fo47	NC_072844.1	4523040	2024969	2026876	NC_030992.1	4347182	1998902	2000805	same	1894	1907	1903	99.3183	60
Fo47	NC_072844.1	4523040	2027517	2030401	NC_030992.1	4347182	2000906	2003794	same	2857	2891	2888	98.8239	60
Fo47	NC_072844.1	4523040	2031442	2082472	NC_030992.1	4347182	2004977	2056063	same	50676	51127	51086	99.1179	60
Fo47	NC_072844.1	4523040	2082775	2213541	NC_030992.1	4347182	2056342	2189286	same	129894	133131	132944	97.5686	60
Fo47	NC_072844.1	4523040	2213621	2258971	NC_030992.1	4347182	2189377	2234748	same	44958	45475	45371	98.8631	60
Fo47	NC_072844.1	4523040	2275894	2277465	NC_030992.1	4347182	2239308	2240858	same	1444	1572	1550	91.8575	60
Fo47	NC_072844.1	4523040	2305637	2338587	NC_030992.1	4347182	2248785	2281972	same	32735	33200	33187	98.5994	60
Fo47	NC_072844.1	4523040	2341426	2441824	NC_030992.1	4347182	2283602	2384339	same	99460	100422	100737	99.0420	60
Fo47	NC_072844.1	4523040	2441955	2466703	NC_030992.1	4347182	2384475	2409226	same	24525	24787	24751	98.9430	60
Fo47	NC_072844.1	4523040	2466821	2567644	NC_030992.1	4347182	2409355	2509884	same	99696	100854	100529	98.8518	60
Fo47	NC_072844.1	4523040	2568109	2572359	NC_030992.1	4347182	2510581	2514831	same	4219	4253	4250	99.2006	60
Fo47	NC_072844.1	4523040	2573082	2619204	NC_030992.1	4347182	2515424	2561537	same	45792	46165	46113	99.1920	60
Fo47	NC_072844.1	4523040	2619426	2746293	NC_030992.1	4347182	2561796	2688630	same	125892	127074	126834	99.0698	60
Fo47	NC_072844.1	4523040	2788140	2853238	NC_030992.1	4347182	2689632	2754734	same	64531	65184	65102	98.9982	60
Fo47	NC_072844.1	4523040	2853480	2857300	NC_030992.1	4347182	2754968	2758815	same	3797	3849	3847	98.6490	60
Fo47	NC_072844.1	4523040	2857414	2885288	NC_030992.1	4347182	2758930	2786826	same	27654	27970	27896	98.8702	60
Fo47	NC_072844.1	4523040	2885401	3043764	NC_030992.1	4347182	2786944	2945320	same	156917	158729	158376	98.8584	60
Fo47	NC_072844.1	4523040	3044100	3063984	NC_030992.1	4347182	2945716	2965612	same	19765	19908	19896	99.2817	60
Fo47	NC_072844.1	4523040	3064077	3089416	NC_030992.1	4347182	2965713	2991058	same	25162	25360	25345	99.2192	60
Fo47	NC_072844.1	4523040	3090776	3129375	NC_030992.1	4347182	2992863	3031487	same	38241	38674	38624	98.8804	60
Fo47	NC_072844.1	4523040	3129567	3203049	NC_030992.1	4347182	3031683	3105954	same	72515	74303	74271	97.5936	60
Fo47	NC_072844.1	4523040	3203275	3219301	NC_030992.1	4347182	3106180	3122195	same	15858	16035	16015	98.8962	60
Fo47	NC_072844.1	4523040	3219520	3410831	NC_030992.1	4347182	3122428	3316152	same	189340	193412	193724	97.8946	60
Fo47	NC_072844.1	4523040	3411179	3534178	NC_030992.1	4347182	3316572	3439544	same	122018	123149	122972	99.0816	60
Fo47	NC_072844.1	4523040	3534492	3586987	NC_030992.1	4347182	3439853	3492416	same	52093	52520	52563	99.1870	60
Fo47	NC_072844.1	4523040	3587256	3594382	NC_030992.1	4347182	3492794	3499916	same	7081	7130	7122	99.3128	60
Fo47	NC_072844.1	4523040	3595160	3597000	NC_030992.1	4347182	3500762	3502594	same	1825	1840	1832	99.1848	60
Fo47	NC_072844.1	4523040	3597117	3598602	NC_030992.1	4347182	3502721	3504205	same	1477	1485	1484	99.4613	60
Fo47	NC_072844.1	4523040	3598847	3663519	NC_030992.1	4347182	3504548	3569253	same	64344	64738	64705	99.3914	60
Fo47	NC_072844.1	4523040	3664193	3819934	NC_030992.1	4347182	3570121	3726767	same	154224	156541	156646	98.5199	60
Fo47	NC_072844.1	4523040	3820894	3845025	NC_030992.1	4347182	3727812	3751949	same	23837	24204	24137	98.4837	60
Fo47	NC_072844.1	4523040	3850118	3981166	NC_030992.1	4347182	3757248	3889346	same	129572	132116	132098	98.0744	60
Fo47	NC_072844.1	4523040	3986449	4015564	NC_030992.1	4347182	3891010	3920148	same	28536	29173	29138	97.8165	60
Fo47	NC_072844.1	4523040	4017244	4045912	NC_030992.1	4347182	3932230	3960892	same	28141	28679	28662	98.1241	60
Fo47	NC_072844.1	4523040	4046007	4080294	NC_030992.1	4347182	3961104	3996160	same	33653	35123	35056	95.8147	60
Fo47	NC_072844.1	4523040	4080703	4085844	NC_030992.1	4347182	3996572	4001578	same	4895	5161	5006	94.8460	60
Fo47	NC_072844.1	4523040	4085863	4089057	NC_030992.1	4347182	4001597	4004777	opposite	3049	3195	3180	95.4304	60
Fo47	NC_072844.1	4523040	4089057	4101598	NC_030992.1	4347182	4004777	4017353	same	12317	12581	12576	97.9016	60
Fo47	NC_072844.1	4523040	4101843	4125514	NC_030992.1	4347182	4018759	4042474	same	22943	23832	23715	96.2697	60
Fo47	NC_072844.1	4523040	4125626	4139649	NC_030992.1	4347182	4042796	4056892	same	13617	14054	14096	96.8906	60
Fo47	NC_072844.1	4523040	4139749	4177721	NC_030992.1	4347182	4057009	4096622	same	37064	39664	39613	93.4449	60
Fo47	NC_072844.1	4523040	4185363	4186388	NC_030992.1	4347182	4119453	4120478	same	997	1025	1025	97.2683	60
Fo47	NC_072844.1	4523040	4186811	4188656	NC_030992.1	4347182	4120914	4122728	same	1786	1845	1814	96.8022	60
Fo47	NC_072844.1	4523040	4189314	4192237	NC_030992.1	4347182	4123387	4126362	same	2754	2983	2975	92.3232	60
Fo47	NC_072844.1	4523040	4221564	4263276	NC_030992.1	4347182	4132922	4174865	same	39877	43060	41943	92.6080	60
Fo47	NC_072844.1	4523040	4291364	4298215	NC_030992.1	4347182	4191370	4198901	same	6491	7615	7531	85.2397	60
Fo47	NC_072844.1	4523040	4302077	4306814	NC_030992.1	4347182	4207786	4212520	same	4575	4740	4734	96.5190	60
Fo47	NC_072844.1	4523040	4324152	4349478	NC_030992.1	4347182	4213695	4239881	same	24628	26037	26186	94.5885	60
Fo47	NC_072844.1	4523040	4349715	4351503	NC_030992.1	4347182	4240117	4241906	same	1662	1789	1789	92.9011	60
Fo47	NC_072844.1	4523040	4353314	4362064	NC_030992.1	4347182	4244496	4255396	same	8450	10919	10900	77.3880	60
Fo47	NC_072844.1	4523040	4363556	4396356	NC_030992.1	4347182	4258512	4291720	same	32148	32884	33208	97.7618	60
Fo47	NC_072844.1	4523040	4398502	4429677	NC_030992.1	4347182	4294005	4325174	same	30790	31202	31169	98.6796	60
Fo47	NC_072841.1	5611497	5595740	5600508	NC_030993.1	3984410	1079	5716	opposite	4392	4785	4637	91.7868	60
Fo47	NC_072845.1	4300638	4167756	4228305	NC_030993.1	3984410	14662	78250	opposite	59472	63638	63588	93.4536	60
Fo47	NC_072845.1	4300638	4151396	4167190	NC_030993.1	3984410	78796	94579	opposite	15467	15815	15783	97.7996	60
Fo47	NC_072845.1	4300638	4142239	4149399	NC_030993.1	3984410	106345	113281	opposite	6781	7219	6936	93.9327	60
Fo47	NC_072845.1	4300638	4129228	4141673	NC_030993.1	3984410	113809	126266	opposite	12108	12616	12457	95.9734	60
Fo47	NC_072845.1	4300638	4118110	4127764	NC_030993.1	3984410	127872	137197	opposite	9104	9685	9325	94.0010	60
Fo47	NC_072845.1	4300638	4115046	4116454	NC_030993.1	3984410	155557	156966	opposite	1368	1409	1409	97.0901	60
Fo47	NC_072845.1	4300638	4110017	4114846	NC_030993.1	3984410	157172	162001	opposite	4758	4829	4829	98.5297	60
Fo47	NC_072845.1	4300638	4095615	4109738	NC_030993.1	3984410	162340	176464	opposite	13869	14134	14124	98.1251	60
Fo47	NC_072842.1	5151772	4973886	4975808	NC_030993.1	3984410	189710	191632	opposite	1733	1922	1922	90.1665	60
Fo47	NC_072845.1	4300638	4071912	4081407	NC_030993.1	3984410	199666	209514	opposite	9102	9923	9848	91.7263	60
Fo47	NC_072845.1	4300638	4065004	4071701	NC_030993.1	3984410	209911	216764	opposite	6527	6724	6853	97.0702	60
Fo47	NC_072845.1	4300638	4062093	4064613	NC_030993.1	3984410	217150	219687	opposite	2481	2537	2537	97.7927	60
Fo47	NC_072845.1	4300638	3995719	4061398	NC_030993.1	3984410	226551	291621	opposite	63392	66091	65070	95.9162	60
Fo47	NC_072845.1	4300638	3884410	3995644	NC_030993.1	3984410	291706	403853	opposite	108597	113261	112147	95.8821	60
Fo47	NC_072845.1	4300638	3853810	3880950	NC_030993.1	3984410	407223	434495	opposite	26617	27294	27272	97.5196	60
Fo47	NC_072845.1	4300638	3845413	3851115	NC_030993.1	3984410	437212	443595	opposite	5495	6387	6383	86.0341	60
Fo47	NC_072845.1	4300638	3757490	3841985	NC_030993.1	3984410	447194	532700	opposite	83475	85489	85506	97.6441	60
Fo47	NC_072845.1	4300638	3751638	3755402	NC_030993.1	3984410	538671	542436	opposite	3687	3765	3765	97.9283	60
Fo47	NC_072845.1	4300638	3739652	3750419	NC_030993.1	3984410	543419	550532	opposite	6861	10781	7113	63.6397	60
Fo47	NC_072845.1	4300638	3736577	3738756	NC_030993.1	3984410	551332	553500	opposite	2052	2187	2168	93.8272	60
Fo47	NC_072845.1	4300638	3712961	3730305	NC_030993.1	3984410	554037	571390	opposite	16908	17378	17353	97.2954	60
Fo47	NC_072845.1	4300638	3697502	3703940	NC_030993.1	3984410	572038	578481	opposite	6346	6443	6443	98.4945	60
Fo47	NC_072845.1	4300638	3682144	3695196	NC_030993.1	3984410	580785	595048	opposite	12303	14792	14263	83.1733	60
Fo47	NC_072845.1	4300638	3591768	3681143	NC_030993.1	3984410	596079	693789	opposite	87353	98223	97710	88.9333	60
Fo47	NC_072845.1	4300638	3586416	3591267	NC_030993.1	3984410	694333	699186	opposite	4675	4857	4853	96.2528	60
Fo47	NC_072845.1	4300638	3549896	3574021	NC_030993.1	3984410	701320	725763	opposite	23373	24509	24443	95.3650	60
Fo47	NC_072845.1	4300638	3546805	3549674	NC_030993.1	3984410	725988	728856	opposite	2807	2869	2868	97.8390	60
Fo47	NC_072845.1	4300638	3534492	3546500	NC_030993.1	3984410	729161	741565	opposite	11730	12481	12404	93.9829	60
Fo47	NC_072845.1	4300638	3467433	3526854	NC_030993.1	3984410	746611	806055	opposite	58270	59556	59444	97.8407	60
Fo47	NC_072845.1	4300638	3442665	3462038	NC_030993.1	3984410	811529	830945	opposite	18890	19638	19416	96.1911	60
Fo47	NC_072845.1	4300638	3422113	3442567	NC_030993.1	3984410	831044	851484	opposite	20103	20461	20440	98.2503	60
Fo47	NC_072845.1	4300638	3418554	3421780	NC_030993.1	3984410	851953	855179	opposite	3190	3226	3226	98.8841	60
Fo47	NC_072845.1	4300638	3398304	3411758	NC_030993.1	3984410	865668	879125	opposite	13324	13463	13457	98.9675	60
Fo47	NC_072845.1	4300638	3363157	3397837	NC_030993.1	3984410	879662	914462	opposite	34215	34584	34800	98.9330	60
Fo47	NC_072845.1	4300638	3356487	3359161	NC_030993.1	3984410	923145	925810	opposite	2640	2675	2665	98.6916	60
Fo47	NC_072845.1	4300638	3348096	3356292	NC_030993.1	3984410	926129	934369	opposite	8148	8243	8240	98.8475	60
Fo47	NC_072845.1	4300638	3216650	3347697	NC_030993.1	3984410	934815	1065647	opposite	129328	131526	130832	98.3288	60
Fo47	NC_072845.1	4300638	3096240	3216661	NC_030993.1	3984410	1065864	1186355	opposite	119216	120656	120491	98.8065	60
Fo47	NC_072845.1	4300638	3066508	3096068	NC_030993.1	3984410	1186529	1216381	opposite	29196	29850	29852	97.8090	60
Fo47	NC_072845.1	4300638	3044117	3066404	NC_030993.1	3984410	1216488	1238775	opposite	22148	22302	22287	99.3095	60
Fo47	NC_072845.1	4300638	3013279	3043202	NC_030993.1	3984410	1239892	1269636	opposite	29496	29990	29744	98.3528	60
Fo47	NC_072845.1	4300638	3011850	3013218	NC_030993.1	3984410	1269713	1271096	opposite	1362	1383	1383	98.4816	60
Fo47	NC_072845.1	4300638	2949592	3011734	NC_030993.1	3984410	1271215	1333406	opposite	61760	62233	62191	99.2400	60
Fo47	NC_072845.1	4300638	2908038	2948313	NC_030993.1	3984410	1335047	1375474	opposite	39968	40377	40427	98.9870	60
Fo47	NC_072845.1	4300638	2874971	2907366	NC_030993.1	3984410	1376136	1408508	opposite	32115	32417	32372	99.0684	60
Fo47	NC_072845.1	4300638	2856273	2874765	NC_030993.1	3984410	1408706	1427216	opposite	18402	18514	18510	99.3951	60
Fo47	NC_072845.1	4300638	2775651	2856156	NC_030993.1	3984410	1427343	1508497	opposite	79957	81231	81154	98.4316	60
Fo47	NC_072845.1	4300638	2744301	2775364	NC_030993.1	3984410	1508942	1539974	opposite	30636	31024	31032	98.7494	60
Fo47	NC_072845.1	4300638	2696223	2744173	NC_030993.1	3984410	1540191	1588185	opposite	47625	48034	47994	99.1485	60
Fo47	NC_072845.1	4300638	2687530	2696006	NC_030993.1	3984410	1588488	1596956	opposite	8405	8485	8468	99.0572	60
Fo47	NC_072845.1	4300638	2560057	2686506	NC_030993.1	3984410	1597711	1725783	opposite	125327	128045	128072	97.8773	60
Fo47	NC_072845.1	4300638	2463760	2559943	NC_030993.1	3984410	1725913	1822832	opposite	95405	97029	96919	98.3263	60
Fo47	NC_072845.1	4300638	2436081	2463548	NC_030993.1	3984410	1823044	1850514	opposite	27278	27497	27470	99.2035	60
Fo47	NC_072845.1	4300638	2394978	2434008	NC_030993.1	3984410	1852080	1891762	opposite	38456	39644	39682	97.0033	60
Fo47	NC_072845.1	4300638	2338989	2394655	NC_030993.1	3984410	1892184	1948601	opposite	54998	56228	56417	97.8125	60
Fo47	NC_072845.1	4300638	2045987	2337344	NC_030993.1	3984410	1950563	2242236	opposite	288843	292021	291673	98.9117	60
Fo47	NC_072845.1	4300638	2042629	2043772	NC_030993.1	3984410	2244634	2245793	opposite	1132	1159	1159	97.6704	60
Fo47	NC_072845.1	4300638	1937534	2036258	NC_030993.1	3984410	2251543	2351601	opposite	97924	100194	100058	97.7344	60
Fo47	NC_072845.1	4300638	1870343	1937426	NC_030993.1	3984410	2351717	2418795	opposite	66612	67133	67078	99.2239	60
Fo47	NC_072845.1	4300638	1830822	1868815	NC_030993.1	3984410	2419873	2457778	opposite	37585	38029	37905	98.8325	60
Fo47	NC_072845.1	4300638	1732292	1830683	NC_030993.1	3984410	2457939	2556414	opposite	97382	98579	98475	98.7857	60
Fo47	NC_072845.1	4300638	1715891	1732036	NC_030993.1	3984410	2556849	2573004	opposite	15976	16184	16155	98.7148	60
Fo47	NC_072845.1	4300638	1660857	1715495	NC_030993.1	3984410	2573511	2628074	opposite	54049	54672	54563	98.8605	60
Fo47	NC_072845.1	4300638	1644165	1660737	NC_030993.1	3984410	2628202	2644807	opposite	16467	16620	16605	99.0794	60
Fo47	NC_072845.1	4300638	1632135	1643993	NC_030993.1	3984410	2644979	2656824	opposite	11748	11871	11845	98.9639	60
Fo47	NC_072845.1	4300638	1602793	1629552	NC_030993.1	3984410	2658742	2683976	opposite	24942	26818	25234	93.0047	60
Fo47	NC_072845.1	4300638	1591598	1602691	NC_030993.1	3984410	2684089	2695181	opposite	10990	11097	11092	99.0358	60
Fo47	NC_072845.1	4300638	1569490	1591446	NC_030993.1	3984410	2695344	2717272	opposite	21793	21972	21928	99.1853	60
Fo47	NC_072845.1	4300638	1549902	1569407	NC_030993.1	3984410	2717364	2736844	opposite	19344	19517	19480	99.1136	60
Fo47	NC_072845.1	4300638	1544541	1549489	NC_030993.1	3984410	2737464	2742400	opposite	4895	4958	4936	98.7293	60
Fo47	NC_072845.1	4300638	1503399	1544471	NC_030993.1	3984410	2742474	2783544	opposite	40644	41131	41070	98.8160	60
Fo47	NC_072845.1	4300638	1485597	1502907	NC_030993.1	3984410	2784118	2801563	opposite	16998	17351	17445	97.9655	60
Fo47	NC_072845.1	4300638	1421559	1485476	NC_030993.1	3984410	2801698	2865516	opposite	62696	63971	63818	98.0069	60
Fo47	NC_072845.1	4300638	1414691	1421353	NC_030993.1	3984410	2865725	2872360	opposite	6504	6675	6635	97.4382	60
Fo47	NC_072845.1	4300638	1387238	1414515	NC_030993.1	3984410	2872543	2899893	opposite	26935	27377	27350	98.3855	60
Fo47	NC_072845.1	4300638	1340528	1387047	NC_030993.1	3984410	2900196	2946594	opposite	45848	46411	46398	98.7869	60
Fo47	NC_072845.1	4300638	1310510	1335060	NC_030993.1	3984410	2951448	2975974	same	24342	24551	24526	99.1487	60
Fo47	NC_072845.1	4300638	1251616	1298858	NC_030993.1	3984410	2976346	3023588	opposite	46838	47275	47242	99.0756	60
Fo47	NC_072845.1	4300638	1247485	1247725	NC_030993.1	3984410	3028249	3028489	opposite	237	240	240	98.7500	60
Fo47	NC_072845.1	4300638	1099988	1246387	NC_030993.1	3984410	3030742	3177291	opposite	145089	146694	146549	98.9059	60
Fo47	NC_072845.1	4300638	1094260	1099818	NC_030993.1	3984410	3177474	3182998	opposite	5490	5564	5524	98.6700	60
Fo47	NC_072845.1	4300638	1078694	1093597	NC_030993.1	3984410	3183617	3198490	opposite	14762	14915	14873	98.9742	60
Fo47	NC_072845.1	4300638	1035577	1078597	NC_030993.1	3984410	3198596	3241636	opposite	42547	43086	43040	98.7490	60
Fo47	NC_072845.1	4300638	970153	1035489	NC_030993.1	3984410	3241741	3307289	opposite	64873	65590	65548	98.9068	60
Fo47	NC_072845.1	4300638	887533	928366	NC_030993.1	3984410	3308562	3349341	opposite	40496	40866	40779	99.0946	60
Fo47	NC_072845.1	4300638	844426	887065	NC_030993.1	3984410	3349785	3392730	opposite	42165	42909	42945	98.2661	60
Fo47	NC_072845.1	4300638	784696	844013	NC_030993.1	3984410	3393168	3452757	opposite	58634	59572	59589	98.4254	60
Fo47	NC_072845.1	4300638	780733	784579	NC_030993.1	3984410	3453046	3456893	opposite	3685	3851	3847	95.6894	60
Fo47	NC_072845.1	4300638	775664	777562	NC_030993.1	3984410	3460352	3462239	opposite	1844	1901	1887	97.0016	60
Fo47	NC_072845.1	4300638	775172	775572	NC_030993.1	3984410	3463101	3463504	opposite	394	403	403	97.7667	60
Fo47	NC_072845.1	4300638	769546	771618	NC_030993.1	3984410	3465494	3467530	opposite	1948	2075	2036	93.8795	60
Fo47	NC_072845.1	4300638	763588	763902	NC_030993.1	3984410	3469497	3469811	opposite	305	314	314	97.1338	60
Fo47	NC_072845.1	4300638	761704	763378	NC_030993.1	3984410	3470128	3471809	opposite	1612	1688	1681	95.4976	60
Fo47	NC_072845.1	4300638	747987	761340	NC_030993.1	3984410	3472185	3485518	opposite	12983	13395	13333	96.9242	60
Fo47	NC_072845.1	4300638	745739	747634	NC_030993.1	3984410	3488252	3490147	opposite	1839	1895	1895	97.0449	60
Fo47	NC_072845.1	4300638	720653	744576	NC_030993.1	3984410	3491452	3515620	opposite	23303	24244	24168	96.1186	60
Fo47	NC_072845.1	4300638	711732	720263	NC_030993.1	3984410	3515790	3524340	opposite	8350	8550	8550	97.6608	60
Fo47	NC_072845.1	4300638	687288	708779	NC_030993.1	3984410	3525967	3550339	opposite	20325	25006	24372	81.2805	60
Fo47	NC_072845.1	4300638	639737	685773	NC_030993.1	3984410	3557147	3609575	opposite	45041	52283	52428	86.1485	60
Fo47	NC_072845.1	4300638	605626	639160	NC_030993.1	3984410	3610169	3644004	opposite	32617	33905	33835	96.2012	60
Fo47	NC_072845.1	4300638	599973	605287	NC_030993.1	3984410	3644341	3649660	opposite	5093	5320	5319	95.7331	60
Fo47	NC_072845.1	4300638	595289	597482	NC_030993.1	3984410	3651750	3653945	opposite	2139	2196	2195	97.4044	60
Fo47	NC_072845.1	4300638	576512	592237	NC_030993.1	3984410	3656713	3672643	opposite	15208	15946	15930	95.3719	60
Fo47	NC_072845.1	4300638	573555	576405	NC_030993.1	3984410	3672763	3675617	opposite	2789	2857	2854	97.6199	60
Fo47	NC_072845.1	4300638	553462	572003	NC_030993.1	3984410	3675614	3696324	opposite	18035	20767	20710	86.8445	60
Fo47	NC_072845.1	4300638	536982	548338	NC_030993.1	3984410	3699509	3710852	opposite	11056	11362	11343	97.3068	60
Fo47	NC_072845.1	4300638	528333	534611	NC_030993.1	3984410	3713240	3719515	opposite	6006	6290	6275	95.4849	60
Fo47	NC_072845.1	4300638	525167	527675	NC_030993.1	3984410	3720346	3722854	opposite	2414	2512	2508	96.0987	60
Fo47	NC_072845.1	4300638	493202	514623	NC_030993.1	3984410	3724066	3745512	opposite	20917	21452	21446	97.5061	60
Fo47	NC_072845.1	4300638	454619	493017	NC_030993.1	3984410	3745704	3784708	opposite	36942	39260	39004	94.0958	60
Fo47	NC_072845.1	4300638	412446	429680	NC_030993.1	3984410	3784986	3802790	opposite	16926	17823	17804	94.9672	60
Fo47	NC_072845.1	4300638	409848	412315	NC_030993.1	3984410	3802937	3805403	opposite	2432	2467	2466	98.5813	60
Fo47	NC_072845.1	4300638	388312	401196	NC_030993.1	3984410	3806637	3819524	opposite	12625	12891	12887	97.9365	60
Fo47	NC_072845.1	4300638	359065	380856	NC_030993.1	3984410	3820392	3842055	opposite	21011	21893	21663	95.9713	60
Fo47	NC_072845.1	4300638	337603	358402	NC_030993.1	3984410	3842582	3863440	opposite	20283	20924	20858	96.9365	60
Fo47	NC_072845.1	4300638	334921	336409	NC_030993.1	3984410	3864622	3866112	opposite	1398	1494	1490	93.5743	60
Fo47	NC_072845.1	4300638	324941	331812	NC_030993.1	3984410	3869238	3876088	opposite	6608	6877	6850	96.0884	60
Fo47	NC_072845.1	4300638	293412	316973	NC_030993.1	3984410	3881141	3905559	opposite	22985	24507	24418	93.7895	60
Fo47	NC_072845.1	4300638	279966	288585	NC_030993.1	3984410	3908890	3917505	opposite	8450	8620	8615	98.0278	60
Fo47	NC_072845.1	4300638	246178	279851	NC_030993.1	3984410	3917803	3951576	opposite	31950	34550	33773	92.4747	60
Fo47	NC_072845.1	4300638	235113	242427	NC_030993.1	3984410	3961587	3968953	opposite	7167	7380	7366	97.1138	60
Fo47	NC_072845.1	4300638	213659	225014	NC_030993.1	3984410	3973233	3984385	opposite	10845	11379	11152	95.3071	60
Fo47	NC_072847.1	3716460	240521	242784	NC_030994.1	3304701	5	2268	same	2146	2265	2263	94.7461	60
Fo47	NC_072847.1	3716460	243478	249667	NC_030994.1	3304701	3346	10420	same	5958	7076	7074	84.2001	60
Fo47	NC_072847.1	3716460	249945	281936	NC_030994.1	3304701	12135	47125	same	24656	41055	34990	60.0560	60
Fo47	NC_072847.1	3716460	282151	295449	NC_030994.1	3304701	47374	72695	same	12902	24556	25321	52.5411	60
Fo47	NC_072847.1	3716460	297814	307487	NC_030994.1	3304701	72996	82662	same	9440	9678	9666	97.5408	60
Fo47	NC_072847.1	3716460	314107	339100	NC_030994.1	3304701	82662	110275	same	24234	27903	27613	86.8509	60
Fo47	NC_072847.1	3716460	362062	370707	NC_030994.1	3304701	110455	120090	same	8531	9646	9635	88.4408	60
Fo47	NC_072847.1	3716460	370939	401743	NC_030994.1	3304701	120418	144325	same	23291	30826	23907	75.5563	60
Fo47	NC_072847.1	3716460	402252	410123	NC_030994.1	3304701	145169	153051	same	7650	7883	7882	97.0443	60
Fo47	NC_072847.1	3716460	410558	429656	NC_030994.1	3304701	153507	172595	same	18631	19125	19088	97.4170	60
Fo47	NC_072847.1	3716460	432690	460624	NC_030994.1	3304701	175967	203882	same	27434	27963	27915	98.1082	60
Fo47	NC_072847.1	3716460	461157	466966	NC_030994.1	3304701	204427	210247	same	5709	5824	5820	98.0254	60
Fo47	NC_072847.1	3716460	467148	531767	NC_030994.1	3304701	210429	252876	same	41345	64905	42447	63.7008	60
Fo47	NC_072847.1	3716460	532562	545229	NC_030994.1	3304701	254043	266719	same	12428	12677	12676	98.0358	60
Fo47	NC_072847.1	3716460	545475	550974	NC_030994.1	3304701	266966	272458	same	5339	5507	5492	96.9493	60
Fo47	NC_072847.1	3716460	551670	607720	NC_030994.1	3304701	273061	332403	same	54508	59958	59342	90.9103	60
Fo47	NC_072847.1	3716460	608778	653359	NC_030994.1	3304701	333975	374495	same	39714	44722	40520	88.8019	60
Fo47	NC_072847.1	3716460	654487	658860	NC_030994.1	3304701	376372	380789	same	4273	4421	4417	96.6523	60
Fo47	NC_072847.1	3716460	659159	663228	NC_030994.1	3304701	381083	385180	same	3928	4124	4097	95.2473	60
Fo47	NC_072847.1	3716460	710302	720561	NC_030994.1	3304701	455706	466104	same	10048	10424	10398	96.3929	60
Fo47	NC_072847.1	3716460	720801	733802	NC_030994.1	3304701	466378	479587	same	12769	13227	13209	96.5374	60
Fo47	NC_072847.1	3716460	733953	861796	NC_030994.1	3304701	479740	610139	same	126244	130588	130399	96.6735	60
Fo47	NC_072847.1	3716460	862063	934527	NC_030994.1	3304701	610508	683662	same	71780	73204	73154	98.0548	60
Fo47	NC_072847.1	3716460	934851	943820	NC_030994.1	3304701	684306	694566	same	8807	10274	10260	85.7212	60
Fo47	NC_072847.1	3716460	943952	999284	NC_030994.1	3304701	694708	751079	same	54557	56161	56371	97.1439	60
Fo47	NC_072847.1	3716460	999423	1042172	NC_030994.1	3304701	751218	793975	same	42102	42783	42757	98.4082	60
Fo47	NC_072847.1	3716460	1043487	1044076	NC_030994.1	3304701	795233	795822	same	568	589	589	96.4346	60
Fo47	NC_072847.1	3716460	1046333	1279787	NC_030994.1	3304701	798073	1029887	same	229092	233791	231814	97.9901	60
Fo47	NC_072847.1	3716460	1281630	1424647	NC_030994.1	3304701	1032150	1175224	same	141868	143023	143074	99.1924	60
Fo47	NC_072847.1	3716460	1424947	1522751	NC_030994.1	3304701	1175466	1273290	same	97078	97918	97824	99.1421	60
Fo47	NC_072847.1	3716460	1523180	1532306	NC_030994.1	3304701	1273524	1282695	same	9041	9180	9171	98.4858	60
Fo47	NC_072847.1	3716460	1532533	1541919	NC_030994.1	3304701	1282939	1292352	same	9316	9420	9413	98.8960	60
Fo47	NC_072847.1	3716460	1542096	1609361	NC_030994.1	3304701	1292540	1359911	same	66850	67332	67371	99.2841	60
Fo47	NC_072847.1	3716460	1609720	1683698	NC_030994.1	3304701	1360232	1434329	same	73224	74088	74097	98.8338	60
Fo47	NC_072847.1	3716460	1683916	1727585	NC_030994.1	3304701	1434619	1478996	same	43389	44411	44377	97.6988	60
Fo47	NC_072847.1	3716460	1727852	1746979	NC_030994.1	3304701	1479165	1498241	same	18959	19146	19076	99.0233	60
Fo47	NC_072847.1	3716460	1747148	1775339	NC_030994.1	3304701	1498420	1526533	same	27946	28209	28113	99.0677	60
Fo47	NC_072847.1	3716460	1775632	1817423	NC_030994.1	3304701	1526878	1568670	same	41513	41857	41792	99.1782	60
Fo47	NC_072847.1	3716460	1818446	1823662	NC_030994.1	3304701	1569775	1574990	same	5183	5216	5215	99.3673	60
Fo47	NC_072847.1	3716460	1824491	1831535	NC_030994.1	3304701	1575883	1582924	same	7003	7044	7041	99.4179	60
Fo47	NC_072847.1	3716460	1831815	1849130	NC_030994.1	3304701	1583221	1600544	same	17190	17336	17323	99.1578	60
Fo47	NC_072847.1	3716460	1849693	1882308	NC_030994.1	3304701	1601112	1633716	same	32396	32638	32604	99.2585	60
Fo47	NC_072847.1	3716460	1882462	2009492	NC_030994.1	3304701	1633885	1763153	same	126122	129305	129268	97.5384	60
Fo47	NC_072847.1	3716460	2009854	2027045	NC_030994.1	3304701	1763618	1780789	same	17046	17218	17171	99.0010	60
Fo47	NC_072847.1	3716460	2027201	2044981	NC_030994.1	3304701	1780948	1798736	same	17684	17810	17788	99.2925	60
Fo47	NC_072847.1	3716460	2045145	2095936	NC_030994.1	3304701	1798918	1849814	same	50342	50735	50896	99.2254	60
Fo47	NC_072847.1	3716460	2097116	2119026	NC_030994.1	3304701	1851070	1873290	same	21733	21932	22220	99.0927	60
Fo47	NC_072847.1	3716460	2119685	2214739	NC_030994.1	3304701	1874252	1969408	same	93997	95157	95156	98.7810	60
Fo47	NC_072847.1	3716460	2215007	2221235	NC_030994.1	3304701	1969658	1975890	same	6180	6232	6232	99.1656	60
Fo47	NC_072847.1	3716460	2286174	2487703	NC_030994.1	3304701	1977106	2179907	same	200124	202797	202801	98.6819	60
Fo47	NC_072847.1	3716460	2488246	2693596	NC_030994.1	3304701	2180634	2386149	same	203576	205613	205515	99.0093	60
Fo47	NC_072847.1	3716460	2693763	2728916	NC_030994.1	3304701	2386331	2421523	same	34847	35244	35192	98.8736	60
Fo47	NC_072847.1	3716460	2729843	2777925	NC_030994.1	3304701	2422458	2470523	same	47703	48134	48065	99.1046	60
Fo47	NC_072847.1	3716460	2780627	2817572	NC_030994.1	3304701	2473875	2510853	same	36738	36987	36978	99.3268	60
Fo47	NC_072847.1	3716460	2817975	2871581	NC_030994.1	3304701	2511325	2565214	same	53082	53638	53889	98.9634	60
Fo47	NC_072847.1	3716460	2871688	2882897	NC_030994.1	3304701	2565318	2576517	same	11133	11219	11199	99.2334	60
Fo47	NC_072847.1	3716460	2884026	2888117	NC_030994.1	3304701	2577393	2581990	same	4037	4076	4597	99.0432	60
Fo47	NC_072847.1	3716460	2888398	2932893	NC_030994.1	3304701	2582450	2627055	same	44018	44492	44605	98.9346	60
Fo47	NC_072847.1	3716460	2932991	2935361	NC_030994.1	3304701	2627162	2629532	same	2361	2370	2370	99.6203	60
Fo47	NC_072847.1	3716460	2935460	3058373	NC_030994.1	3304701	2629643	2753746	same	121504	124263	124103	97.7797	60
Fo47	NC_072847.1	3716460	3061029	3105379	NC_030994.1	3304701	2769639	2813993	same	43789	44380	44354	98.6683	60
Fo47	NC_072847.1	3716460	3106422	3107857	NC_030994.1	3304701	2815352	2816794	same	1315	1443	1442	91.1296	60
Fo47	NC_072847.1	3716460	3111891	3113586	NC_030994.1	3304701	2824566	2826265	same	1644	1700	1699	96.7059	60
Fo47	NC_072847.1	3716460	3114671	3124077	NC_030994.1	3304701	2827363	2836769	same	9055	9407	9406	96.2581	60
Fo47	NC_072847.1	3716460	3125502	3138903	NC_030994.1	3304701	2838365	2851773	same	13223	13410	13408	98.6055	60
Fo47	NC_072847.1	3716460	3139087	3160577	NC_030994.1	3304701	2851978	2873560	same	21207	21472	21582	98.7658	60
Fo47	NC_072847.1	3716460	3160820	3176266	NC_030994.1	3304701	2873770	2889430	same	15108	15671	15660	96.4074	60
Fo47	NC_072847.1	3716460	3176380	3187651	NC_030994.1	3304701	2889544	2900805	same	11092	11273	11261	98.3944	60
Fo47	NC_072847.1	3716460	3190305	3203773	NC_030994.1	3304701	2908678	2923123	same	12936	14605	14445	88.5724	60
Fo47	NC_072847.1	3716460	3203845	3207334	NC_030994.1	3304701	2923195	2926701	same	3418	3507	3506	97.4622	60
Fo47	NC_072847.1	3716460	3208367	3268371	NC_030994.1	3304701	2927701	2995410	same	58666	67791	67709	86.5395	60
Fo47	NC_072847.1	3716460	3268574	3272460	NC_030994.1	3304701	2995719	2999606	same	3810	3887	3887	98.0190	60
Fo47	NC_072847.1	3716460	3379756	3399091	NC_030994.1	3304701	3007590	3018623	opposite	10770	19403	11033	55.5069	60
Fo47	NC_072847.1	3716460	3372726	3379688	NC_030994.1	3304701	3018701	3025662	opposite	6846	6962	6961	98.3338	60
Fo47	NC_072847.1	3716460	3372358	3372717	NC_030994.1	3304701	3025951	3026326	opposite	350	375	375	93.3333	60
Fo47	NC_072847.1	3716460	3349719	3371493	NC_030994.1	3304701	3027629	3058657	opposite	21288	31223	31028	68.1805	60
Fo47	NC_072847.1	3716460	3301906	3348357	NC_030994.1	3304701	3068686	3115127	opposite	45225	46598	46441	97.0535	60
Fo47	NC_072847.1	3716460	3300087	3301765	NC_030994.1	3304701	3115293	3116971	opposite	1633	1678	1678	97.3182	60
Fo47	NC_072847.1	3716460	3292925	3299150	NC_030994.1	3304701	3117340	3123574	opposite	6125	6235	6234	98.2358	60
Fo47	NC_072847.1	3716460	3285632	3292593	NC_030994.1	3304701	3123954	3130915	opposite	6746	6967	6961	96.8279	60
Fo47	NC_072847.1	3716460	3276150	3277823	NC_030994.1	3304701	3135411	3137083	opposite	1546	1673	1672	92.4088	60
Fo47	NC_072847.1	3716460	3273045	3275797	NC_030994.1	3304701	3137439	3140219	opposite	2675	2781	2780	96.1884	60
Fo47	NC_072847.1	3716460	3399452	3409012	NC_030994.1	3304701	3143338	3152910	same	9339	9614	9572	97.1396	60
Fo47	NC_072847.1	3716460	3410263	3411475	NC_030994.1	3304701	3154958	3156167	same	1165	1212	1209	96.1221	60
Fo47	NC_072847.1	3716460	3411946	3553065	NC_030994.1	3304701	3156728	3301569	same	138486	145018	144841	95.4957	60
Fo47	NC_072848.1	3277645	344823	428959	NC_030995.1	2896840	7863	91675	same	80942	85233	83812	94.9656	60
Fo47	NC_072848.1	3277645	429185	464107	NC_030995.1	2896840	91970	127531	same	34000	35675	35561	95.3048	60
Fo47	NC_072848.1	3277645	480326	488540	NC_030995.1	2896840	135682	144045	same	8016	8387	8363	95.5765	60
Fo47	NC_072848.1	3277645	488620	500291	NC_030995.1	2896840	144256	155903	same	11400	11692	11647	97.5026	60
Fo47	NC_072848.1	3277645	500756	533012	NC_030995.1	2896840	156364	188495	same	31612	32282	32131	97.9245	60
Fo47	NC_072848.1	3277645	533207	586924	NC_030995.1	2896840	188746	242963	same	52592	54676	54217	96.1885	60
Fo47	NC_072848.1	3277645	591845	629605	NC_030995.1	2896840	250822	292346	same	36868	41443	41524	88.9607	60
Fo47	NC_072848.1	3277645	629852	657950	NC_030995.1	2896840	292603	320717	same	27697	28130	28114	98.4607	60
Fo47	NC_072848.1	3277645	658129	681804	NC_030995.1	2896840	320933	344604	same	23273	23712	23671	98.1486	60
Fo47	NC_072848.1	3277645	682990	694323	NC_030995.1	2896840	345822	357140	same	11071	11365	11318	97.4131	60
Fo47	NC_072848.1	3277645	694874	695338	NC_030995.1	2896840	358018	358484	same	459	466	466	98.4979	60
Fo47	NC_072848.1	3277645	695487	705034	NC_030995.1	2896840	358640	368186	same	9389	9551	9546	98.3038	60
Fo47	NC_072848.1	3277645	705256	717022	NC_030995.1	2896840	368427	380197	same	11605	11770	11770	98.5981	60
Fo47	NC_072848.1	3277645	717343	718603	NC_030995.1	2896840	380517	381780	same	1186	1271	1263	93.3124	60
Fo47	NC_072848.1	3277645	718761	724538	NC_030995.1	2896840	381937	387715	same	5675	5778	5778	98.2174	60
Fo47	NC_072848.1	3277645	725201	730872	NC_030995.1	2896840	388438	393923	same	5323	5672	5485	93.8470	60
Fo47	NC_072848.1	3277645	732360	950429	NC_030995.1	2896840	395457	593609	same	190395	223560	198152	85.1651	60
Fo47	NC_072846.1	4259108	1381866	1383886	NC_030995.1	2896840	396760	398894	same	1901	2147	2134	88.5422	60
Fo47	NC_072848.1	3277645	950629	958406	NC_030995.1	2896840	593840	601617	same	7556	7778	7777	97.1458	60
Fo47	NC_072848.1	3277645	958538	978367	NC_030995.1	2896840	601749	621291	same	18961	19927	19542	95.1523	60
Fo47	NC_072848.1	3277645	978470	1011024	NC_030995.1	2896840	621396	653923	same	32180	32577	32527	98.7813	60
Fo47	NC_072848.1	3277645	1011145	1127655	NC_030995.1	2896840	654059	770678	same	115570	116575	116619	99.1379	60
Fo47	NC_072848.1	3277645	1127759	1130947	NC_030995.1	2896840	770791	773979	same	3173	3188	3188	99.5295	60
Fo47	NC_072848.1	3277645	1131173	1144078	NC_030995.1	2896840	774223	787124	same	12799	12905	12901	99.1786	60
Fo47	NC_072848.1	3277645	1144216	1151065	NC_030995.1	2896840	787264	794103	same	6746	6859	6839	98.3525	60
Fo47	NC_072848.1	3277645	1156957	1190992	NC_030995.1	2896840	799954	834052	same	33739	34137	34098	98.8341	60
Fo47	NC_072848.1	3277645	1194348	1379631	NC_030995.1	2896840	848937	1033668	same	182960	185472	184731	98.6456	60
Fo47	NC_072848.1	3277645	1379868	1389364	NC_030995.1	2896840	1033907	1043405	same	9450	9499	9498	99.4842	60
Fo47	NC_072848.1	3277645	1389737	1499732	NC_030995.1	2896840	1043772	1153734	same	108910	110221	109962	98.8106	60
Fo47	NC_072848.1	3277645	1540545	1560089	NC_030995.1	2896840	1154742	1174294	same	19461	19555	19552	99.5193	60
Fo47	NC_072848.1	3277645	1560311	1563470	NC_030995.1	2896840	1174558	1177717	same	3146	3161	3159	99.5255	60
Fo47	NC_072848.1	3277645	1563989	1616484	NC_030995.1	2896840	1178203	1230696	same	52177	52520	52493	99.3469	60
Fo47	NC_072848.1	3277645	1616668	1644525	NC_030995.1	2896840	1230903	1258622	same	27476	27862	27719	98.6146	60
Fo47	NC_072848.1	3277645	1644610	1748159	NC_030995.1	2896840	1258724	1362423	same	102610	103596	103699	99.0482	60
Fo47	NC_072848.1	3277645	1748407	1775127	NC_030995.1	2896840	1362669	1389387	same	26462	26746	26718	98.9382	60
Fo47	NC_072848.1	3277645	1776138	1777319	NC_030995.1	2896840	1390349	1391529	same	1167	1186	1180	98.3980	60
Fo47	NC_072848.1	3277645	1777787	1978541	NC_030995.1	2896840	1392343	1593196	same	199197	201020	200853	99.0931	60
Fo47	NC_072848.1	3277645	1978631	2115583	NC_030995.1	2896840	1593302	1730369	same	135829	137080	137067	99.0874	60
Fo47	NC_072848.1	3277645	2115709	2125244	NC_030995.1	2896840	1730507	1740022	same	9469	9537	9515	99.2870	60
Fo47	NC_072848.1	3277645	2125402	2133714	NC_030995.1	2896840	1740188	1748531	same	8242	8344	8343	98.7776	60
Fo47	NC_072848.1	3277645	2133910	2222851	NC_030995.1	2896840	1748793	1843180	same	87411	94663	94387	92.3391	60
Fo47	NC_072848.1	3277645	2223290	2229291	NC_030995.1	2896840	1845701	1853588	same	5908	7891	7887	74.8701	60
Fo47	NC_072848.1	3277645	2229415	2242164	NC_030995.1	2896840	1853713	1866473	same	12622	12763	12760	98.8952	60
Fo47	NC_072848.1	3277645	2242396	2322008	NC_030995.1	2896840	1866740	1947011	same	78818	80416	80271	98.0128	60
Fo47	NC_072848.1	3277645	2322344	2333709	NC_030995.1	2896840	1947390	1958775	same	11166	11393	11385	98.0075	60
Fo47	NC_072848.1	3277645	2333924	2346369	NC_030995.1	2896840	1959076	1971527	same	12350	12456	12451	99.1490	60
Fo47	NC_072848.1	3277645	2351573	2378649	NC_030995.1	2896840	1973353	2000408	same	26789	27085	27055	98.9071	60
Fo47	NC_072848.1	3277645	2379520	2381848	NC_030995.1	2896840	2001452	2003785	same	2312	2333	2333	99.0999	60
Fo47	NC_072848.1	3277645	2382170	2384623	NC_030995.1	2896840	2004202	2006653	same	2435	2454	2451	99.2258	60
Fo47	NC_072848.1	3277645	2385403	2481470	NC_030995.1	2896840	2007173	2104535	same	94466	97453	97362	96.9349	60
Fo47	NC_072848.1	3277645	2481785	2504356	NC_030995.1	2896840	2104856	2127422	same	22384	22576	22566	99.1495	60
Fo47	NC_072848.1	3277645	2505307	2515176	NC_030995.1	2896840	2127631	2138138	same	9654	9870	10507	97.8116	60
Fo47	NC_072848.1	3277645	2516036	2534686	NC_030995.1	2896840	2138968	2158587	same	18295	19648	19619	93.1138	60
Fo47	NC_072848.1	3277645	2534931	2575816	NC_030995.1	2896840	2158930	2199806	same	40372	40961	40876	98.5620	60
Fo47	NC_072848.1	3277645	2575934	2660402	NC_030995.1	2896840	2199846	2286146	same	83102	86027	86300	96.5999	60
Fo47	NC_072848.1	3277645	2663858	2706013	NC_030995.1	2896840	2294403	2337308	same	41342	42933	42905	96.2942	60
Fo47	NC_072848.1	3277645	2706217	2800350	NC_030995.1	2896840	2337511	2447127	same	92657	109757	109616	84.4201	60
Fo47	NC_072848.1	3277645	2800434	2820181	NC_030995.1	2896840	2447220	2467029	same	19432	19811	19809	98.0869	60
Fo47	NC_072848.1	3277645	2820387	2825720	NC_030995.1	2896840	2467234	2472556	same	5125	5350	5322	95.7944	60
Fo47	NC_072848.1	3277645	2829976	2843432	NC_030995.1	2896840	2473055	2486495	same	13186	13458	13440	97.9789	60
Fo47	NC_072848.1	3277645	2845391	2846953	NC_030995.1	2896840	2493547	2495099	same	1524	1562	1552	97.5672	60
Fo47	NC_072848.1	3277645	2847101	2858139	NC_030995.1	2896840	2495244	2506265	same	10815	11039	11021	97.9708	60
Fo47	NC_072848.1	3277645	2868246	2875364	NC_030995.1	2896840	2506563	2513681	same	6951	7119	7118	97.6401	60
Fo47	NC_072848.1	3277645	2877717	2906013	NC_030995.1	2896840	2516150	2544479	same	27572	28448	28329	96.9207	60
Fo47	NC_072848.1	3277645	2910564	2924857	NC_030995.1	2896840	2557652	2571377	same	13387	14394	13725	93.0040	60
Fo47	NC_072848.1	3277645	2925469	2943584	NC_030995.1	2896840	2572177	2590308	same	17882	18132	18131	98.6212	60
Fo47	NC_072848.1	3277645	2943825	2953805	NC_030995.1	2896840	2590620	2600614	same	9798	9994	9994	98.0388	60
Fo47	NC_072848.1	3277645	2954310	2962387	NC_030995.1	2896840	2601106	2609122	same	7861	8078	8016	97.3137	60
Fo47	NC_072848.1	3277645	2962684	2987311	NC_030995.1	2896840	2609517	2634123	same	24257	24637	24606	98.4576	60
Fo47	NC_072848.1	3277645	2990861	3007045	NC_030995.1	2896840	2634756	2652940	same	15803	18201	18184	86.8249	60
Fo47	NC_072848.1	3277645	3008091	3038211	NC_030995.1	2896840	2654020	2684238	same	29309	30180	30218	97.1140	60
Fo47	NC_072848.1	3277645	3040487	3050241	NC_030995.1	2896840	2686218	2695981	same	9505	9790	9763	97.0889	60
Fo47	NC_072848.1	3277645	3050362	3077717	NC_030995.1	2896840	2696102	2731451	same	25428	34347	35349	74.0327	60
Fo47	NC_072848.1	3277645	3078354	3079281	NC_030995.1	2896840	2732276	2733203	same	892	927	927	96.2244	60
Fo47	NC_072848.1	3277645	3081553	3104966	NC_030995.1	2896840	2738973	2764662	same	22675	25668	25689	88.3396	60
Fo47	NC_072848.1	3277645	3105160	3107692	NC_030995.1	2896840	2764967	2767487	same	2428	2535	2520	95.7791	60
Fo47	NC_072848.1	3277645	3126739	3161962	NC_030995.1	2896840	2801081	2838977	same	34727	37913	37896	91.5965	60
Fo47	NC_072848.1	3277645	3207716	3209292	NC_030995.1	2896840	2875764	2876911	same	1086	1576	1147	68.9086	60
Fo47	NC_072848.1	3277645	3209667	3237493	NC_030995.1	2896840	2877285	2896802	same	17975	29160	19517	61.6427	60
Fo47	NC_072849.1	2893631	2363775	2378731	NC_030996.1	2337134	1987	17004	opposite	14601	15058	15017	96.9651	60
Fo47	NC_072849.1	2893631	2360798	2362865	NC_030996.1	2337134	18038	20092	opposite	2019	2067	2054	97.6778	60
Fo47	NC_072849.1	2893631	2333090	2360052	NC_030996.1	2337134	20778	47753	opposite	26520	26991	26975	98.2550	60
Fo47	NC_072849.1	2893631	2329929	2331869	NC_030996.1	2337134	48973	50913	opposite	1895	1940	1940	97.6804	60
Fo47	NC_072849.1	2893631	2310840	2325690	NC_030996.1	2337134	55238	70084	opposite	14341	14858	14846	96.5204	60
Fo47	NC_072849.1	2893631	2301040	2310491	NC_030996.1	2337134	70441	80565	opposite	9312	10139	10124	91.8434	60
Fo47	NC_072849.1	2893631	2264081	2292121	NC_030996.1	2337134	86495	114535	opposite	27451	28077	28040	97.7704	60
Fo47	NC_072849.1	2893631	2245516	2263970	NC_030996.1	2337134	114658	133131	opposite	18020	18483	18473	97.4950	60
Fo47	NC_072849.1	2893631	2225540	2245382	NC_030996.1	2337134	133266	153156	opposite	19436	19918	19890	97.5801	60
Fo47	NC_072849.1	2893631	2177286	2225400	NC_030996.1	2337134	153296	201258	opposite	47157	48177	47962	97.8828	60
Fo47	NC_072849.1	2893631	2174724	2176950	NC_030996.1	2337134	201635	203859	opposite	2189	2226	2224	98.3378	60
Fo47	NC_072849.1	2893631	2101579	2174039	NC_030996.1	2337134	204631	272691	opposite	66506	72730	68060	91.4423	60
Fo47	NC_072849.1	2893631	2071702	2101327	NC_030996.1	2337134	272942	302578	opposite	29072	29675	29636	97.9680	60
Fo47	NC_072849.1	2893631	2067747	2071206	NC_030996.1	2337134	303188	306663	opposite	3399	3477	3475	97.7567	60
Fo47	NC_072849.1	2893631	2025472	2067457	NC_030996.1	2337134	306954	348934	opposite	41289	42035	41980	98.2253	60
Fo47	NC_072849.1	2893631	2022494	2024941	NC_030996.1	2337134	349465	351912	opposite	2413	2447	2447	98.6105	60
Fo47	NC_072849.1	2893631	1976173	2021940	NC_030996.1	2337134	352634	404689	opposite	44988	51903	52055	86.6771	60
Fo47	NC_072849.1	2893631	1959015	1975349	NC_030996.1	2337134	405647	424918	opposite	16173	19286	19271	83.8588	60
Fo47	NC_072849.1	2893631	1942490	1958663	NC_030996.1	2337134	425365	441626	opposite	16010	16266	16261	98.4262	60
Fo47	NC_072849.1	2893631	1934905	1941913	NC_030996.1	2337134	442316	450356	opposite	6946	7940	8040	87.4811	60
Fo47	NC_072849.1	2893631	1925706	1933692	NC_030996.1	2337134	451558	459555	opposite	7839	8054	7997	97.3305	60
Fo47	NC_072849.1	2893631	1830221	1864511	NC_030996.1	2337134	460658	494946	opposite	33914	34307	34288	98.8545	60
Fo47	NC_072849.1	2893631	1746897	1830023	NC_030996.1	2337134	495147	579036	opposite	81965	83973	83889	97.6088	60
Fo47	NC_072849.1	2893631	1707285	1745151	NC_030996.1	2337134	580725	619322	opposite	37276	38641	38597	96.4675	60
Fo47	NC_072849.1	2893631	1647828	1706565	NC_030996.1	2337134	620081	678665	opposite	57278	58822	58584	97.3751	60
Fo47	NC_072849.1	2893631	1623877	1647498	NC_030996.1	2337134	679003	700341	opposite	21099	23628	21338	89.2966	60
Fo47	NC_072849.1	2893631	1522968	1623791	NC_030996.1	2337134	700449	801112	opposite	99272	101070	100663	98.2210	60
Fo47	NC_072849.1	2893631	1380096	1522521	NC_030996.1	2337134	802167	950616	opposite	138473	150370	148449	92.0882	60
Fo47	NC_072849.1	2893631	1298670	1379814	NC_030996.1	2337134	951029	1034704	opposite	79979	83895	83675	95.3323	60
Fo47	NC_072849.1	2893631	1141069	1297869	NC_030996.1	2337134	1035326	1193651	opposite	154681	158383	158325	97.6626	60
Fo47	NC_072847.1	3716460	44401	44842	NC_030996.1	2337134	1120034	1120479	same	428	445	445	96.1798	0
Fo47	NC_072849.1	2893631	1074869	1140928	NC_030996.1	2337134	1193787	1260576	opposite	65175	66870	66789	97.4652	60
Fo47	NC_072849.1	2893631	996867	1074703	NC_030996.1	2337134	1260742	1340547	opposite	74676	81656	79805	91.4519	60
Fo47	NC_072849.1	2893631	957779	996440	NC_030996.1	2337134	1343886	1383329	opposite	38118	39457	39443	96.6064	60
Fo47	NC_072849.1	2893631	956778	957334	NC_030996.1	2337134	1386721	1387272	opposite	538	556	551	96.7626	60
Fo47	NC_072849.1	2893631	939459	956154	NC_030996.1	2337134	1387896	1404606	opposite	16396	16760	16710	97.8282	60
Fo47	NC_072849.1	2893631	892972	939226	NC_030996.1	2337134	1404859	1451205	opposite	45668	46362	46346	98.5031	60
Fo47	NC_072849.1	2893631	891625	892972	NC_030996.1	2337134	1451214	1452476	same	1234	1347	1262	91.6110	60
Fo47	NC_072849.1	2893631	879207	891616	NC_030996.1	2337134	1452476	1464910	opposite	12170	12458	12434	97.6882	60
Fo47	NC_072849.1	2893631	813063	878728	NC_030996.1	2337134	1465611	1535243	opposite	64787	69738	69632	92.9006	60
Fo47	NC_072849.1	2893631	770772	812731	NC_030996.1	2337134	1535587	1577530	opposite	41302	41988	41943	98.3662	60
Fo47	NC_072849.1	2893631	736924	770679	NC_030996.1	2337134	1577627	1611425	opposite	33217	33806	33798	98.2577	60
Fo47	NC_072849.1	2893631	735676	736878	NC_030996.1	2337134	1614185	1615387	opposite	1185	1202	1202	98.5857	60
Fo47	NC_072849.1	2893631	733148	733596	NC_030996.1	2337134	1617217	1617664	opposite	426	448	447	95.0893	60
Fo47	NC_072849.1	2893631	680623	732457	NC_030996.1	2337134	1618355	1673575	opposite	48895	57396	55220	85.1889	60
Fo47	NC_072849.1	2893631	651573	680467	NC_030996.1	2337134	1673737	1702664	opposite	28400	28943	28927	98.1239	60
Fo47	NC_072849.1	2893631	620008	649279	NC_030996.1	2337134	1704946	1734219	opposite	28556	29316	29273	97.4076	60
Fo47	NC_072849.1	2893631	575828	617789	NC_030996.1	2337134	1734810	1776543	opposite	41099	42003	41733	97.8478	60
Fo47	NC_072849.1	2893631	461172	575622	NC_030996.1	2337134	1776749	1918325	opposite	112314	124955	141576	89.8836	60
Fo47	NC_072844.1	4523040	4469749	4470987	NC_030996.1	2337134	1883349	1884587	opposite	1115	1238	1238	90.0646	48
Fo47	NC_072849.1	2893631	419599	453026	NC_030996.1	2337134	1918316	1952476	opposite	32601	34196	34160	95.3357	60
Fo47	NC_072849.1	2893631	414257	414843	NC_030996.1	2337134	1957520	1958106	opposite	534	587	586	90.9710	60
Fo47	NC_072849.1	2893631	407766	413847	NC_030996.1	2337134	1958516	1964615	opposite	5818	6102	6099	95.3458	60
Fo47	NC_072849.1	2893631	325849	407584	NC_030996.1	2337134	1964779	2048684	opposite	79934	84112	83905	95.0328	60
Fo47	NC_072849.1	2893631	306196	323396	NC_030996.1	2337134	2051101	2070510	opposite	16809	19419	19409	86.5596	60
Fo47	NC_072849.1	2893631	275253	304878	NC_030996.1	2337134	2071814	2100561	opposite	27987	29664	28747	94.3467	60
Fo47	NC_072849.1	2893631	262559	272651	NC_030996.1	2337134	2101748	2111850	opposite	9886	10106	10102	97.8231	60
Fo47	NC_072849.1	2893631	238111	253086	NC_030996.1	2337134	2118687	2133519	opposite	14565	14999	14832	97.1065	60
Fo47	NC_072849.1	2893631	236714	237514	NC_030996.1	2337134	2134114	2134914	opposite	786	800	800	98.2500	60
Fo47	NC_072849.1	2893631	200811	234187	NC_030996.1	2337134	2137683	2162040	opposite	23734	33519	24357	70.8076	60
Fo47	NC_072849.1	2893631	186381	198503	NC_030996.1	2337134	2166479	2179483	opposite	11587	13254	13004	87.4227	60
Fo47	NC_072849.1	2893631	177602	185858	NC_030996.1	2337134	2180025	2188388	opposite	8090	8363	8363	96.7356	60
Fo47	NC_072849.1	2893631	146786	177325	NC_030996.1	2337134	2191542	2218700	opposite	19144	37876	27158	50.5439	60
Fo47	NC_072849.1	2893631	100510	146663	NC_030996.1	2337134	2218828	2272480	opposite	45194	53615	53652	84.2936	60
Fo47	NC_072849.1	2893631	96248	97342	NC_030996.1	2337134	2278869	2279974	opposite	1047	1105	1105	94.7511	60
Fo47	NC_072849.1	2893631	87526	95708	NC_030996.1	2337134	2280448	2288650	opposite	7923	8231	8202	96.2580	60
Fo47	NC_072849.1	2893631	54774	83482	NC_030996.1	2337134	2291754	2317785	opposite	25358	28800	26031	88.0486	60
Fo47	NC_072849.1	2893631	41069	54667	NC_030996.1	2337134	2317886	2331502	opposite	13325	13623	13616	97.8125	60
Fo47	NC_072849.1	2893631	38376	40907	NC_030996.1	2337134	2332105	2334647	opposite	2405	2543	2542	94.5733	60
Fo47	NC_072850.1	2853886	490831	495571	NC_030997.1	2233407	4552	9282	same	4649	4742	4730	98.0388	60
Fo47	NC_072850.1	2853886	495742	524605	NC_030997.1	2233407	9465	38223	same	28066	28934	28758	97.0001	60
Fo47	NC_072850.1	2853886	527630	528556	NC_030997.1	2233407	41147	42072	same	900	926	925	97.1922	60
Fo47	NC_072850.1	2853886	528939	533674	NC_030997.1	2233407	42315	46959	same	4373	4756	4644	91.9470	60
Fo47	NC_072850.1	2853886	537171	543218	NC_030997.1	2233407	53378	59471	same	5766	6099	6093	94.5401	60
Fo47	NC_072850.1	2853886	543597	543932	NC_030997.1	2233407	59850	60185	same	322	335	335	96.1194	60
Fo47	NC_072850.1	2853886	544122	544878	NC_030997.1	2233407	60378	61135	same	746	757	757	98.5469	60
Fo47	NC_072850.1	2853886	545633	564749	NC_030997.1	2233407	61672	80660	same	18537	19181	18988	96.6425	60
Fo47	NC_072850.1	2853886	565064	565889	NC_030997.1	2233407	82275	83100	same	763	825	825	92.4848	60
Fo47	NC_072850.1	2853886	566950	611654	NC_030997.1	2233407	84165	129053	same	43936	44680	44888	98.3348	60
Fo47	NC_072850.1	2853886	611881	617437	NC_030997.1	2233407	129280	134836	same	5399	5560	5556	97.1043	60
Fo47	NC_072850.1	2853886	617800	637106	NC_030997.1	2233407	135198	154515	same	18907	19350	19317	97.7106	60
Fo47	NC_072850.1	2853886	640228	669072	NC_030997.1	2233407	156913	184933	same	26893	29445	28020	91.3330	60
Fo47	NC_072850.1	2853886	669543	679917	NC_030997.1	2233407	185399	195929	same	9969	10267	10530	97.0975	60
Fo47	NC_072850.1	2853886	681108	684629	NC_030997.1	2233407	200106	203627	same	3402	3539	3521	96.1288	60
Fo47	NC_072850.1	2853886	686131	699574	NC_030997.1	2233407	208980	222535	same	13094	13574	13555	96.4638	60
Fo47	NC_072850.1	2853886	699964	703296	NC_030997.1	2233407	223009	226341	same	3289	3332	3332	98.7095	60
Fo47	NC_072850.1	2853886	707188	710420	NC_030997.1	2233407	230040	234075	same	3015	4037	4035	74.6842	60
Fo47	NC_072850.1	2853886	711181	747900	NC_030997.1	2233407	234836	271584	same	36071	36779	36748	98.0750	60
Fo47	NC_072850.1	2853886	748217	771004	NC_030997.1	2233407	271932	294312	same	21682	23045	22380	94.0855	60
Fo47	NC_072850.1	2853886	771584	774574	NC_030997.1	2233407	294890	297765	same	2737	2995	2875	91.3856	60
Fo47	NC_072850.1	2853886	775270	780323	NC_030997.1	2233407	303351	308409	same	4889	5062	5058	96.5824	60
Fo47	NC_072850.1	2853886	780518	782292	NC_030997.1	2233407	308603	310578	same	1645	1881	1975	87.4535	60
Fo47	NC_072850.1	2853886	782629	788898	NC_030997.1	2233407	310915	317197	same	6113	6285	6282	97.2633	60
Fo47	NC_072850.1	2853886	790735	845183	NC_030997.1	2233407	319680	373805	same	53198	54504	54125	97.6038	60
Fo47	NC_072850.1	2853886	845255	895368	NC_030997.1	2233407	373876	423975	same	49351	50154	50099	98.3989	60
Fo47	NC_072850.1	2853886	895591	907200	NC_030997.1	2233407	424218	435852	same	11449	11634	11634	98.4098	60
Fo47	NC_072850.1	2853886	907619	1033624	NC_030997.1	2233407	436249	564332	same	124176	128217	128083	96.8483	60
Fo47	NC_072850.1	2853886	1033747	1114902	NC_030997.1	2233407	564467	648212	same	79932	83831	83745	95.3490	60
Fo47	NC_072850.1	2853886	1115336	1160987	NC_030997.1	2233407	648756	694515	same	44924	45721	45759	98.2568	60
Fo47	NC_072850.1	2853886	1161134	1166610	NC_030997.1	2233407	694672	700146	same	5352	5476	5474	97.7356	60
Fo47	NC_072850.1	2853886	1171838	1222997	NC_030997.1	2233407	703998	753667	same	48576	51215	49669	94.8472	60
Fo47	NC_072850.1	2853886	1224009	1306896	NC_030997.1	2233407	754433	837783	same	79846	84916	83350	94.0294	60
Fo47	NC_072850.1	2853886	1310327	1311160	NC_030997.1	2233407	841379	842212	opposite	788	833	833	94.5978	60
Fo47	NC_072850.1	2853886	1313559	1324928	NC_030997.1	2233407	844471	855837	same	11040	11393	11366	96.9016	60
Fo47	NC_072850.1	2853886	1324989	1339450	NC_030997.1	2233407	855903	870369	same	14206	14477	14466	98.1281	60
Fo47	NC_072850.1	2853886	1340279	1433253	NC_030997.1	2233407	871127	966794	same	91051	96162	95667	94.6850	60
Fo47	NC_072850.1	2853886	1433373	1440020	NC_030997.1	2233407	966914	973560	same	6521	6648	6646	98.0897	60
Fo47	NC_072850.1	2853886	1441008	1449943	NC_030997.1	2233407	975236	984185	same	8659	8952	8949	96.7270	60
Fo47	NC_072850.1	2853886	1450393	1465527	NC_030997.1	2233407	984686	999831	same	14826	15152	15145	97.8485	60
Fo47	NC_072850.1	2853886	1465709	1528083	NC_030997.1	2233407	1000018	1063089	same	61571	63103	63071	97.5722	60
Fo47	NC_072850.1	2853886	1528218	1556936	NC_030997.1	2233407	1072207	1100082	same	26971	29128	27875	92.5948	60
Fo47	NC_072850.1	2853886	1559623	1612121	NC_030997.1	2233407	1102515	1156476	same	51694	54119	53961	95.5191	60
Fo47	NC_072850.1	2853886	1612293	1614073	NC_030997.1	2233407	1156624	1158516	same	1725	1917	1892	89.9844	60
Fo47	NC_072850.1	2853886	1614201	1614452	NC_030997.1	2233407	1158905	1159156	same	249	251	251	99.2032	60
Fo47	NC_072850.1	2853886	1614625	1617355	NC_030997.1	2233407	1159215	1161530	same	2283	2730	2315	83.6264	60
Fo47	NC_072850.1	2853886	1618481	1676178	NC_030997.1	2233407	1162713	1222320	same	56198	60229	59607	93.3072	60
Fo47	NC_072850.1	2853886	1677205	1679104	NC_030997.1	2233407	1223400	1225298	same	1877	1899	1898	98.8415	60
Fo47	NC_072850.1	2853886	1679229	1749357	NC_030997.1	2233407	1225433	1295355	same	68723	70048	69922	98.1084	60
Fo47	NC_072850.1	2853886	1783086	1793878	NC_030997.1	2233407	1296355	1307151	same	10687	10798	10796	98.9720	60
Fo47	NC_072850.1	2853886	1794573	1808155	NC_030997.1	2233407	1308335	1322775	same	13407	14464	14440	92.6922	60
Fo47	NC_072850.1	2853886	1808356	1820331	NC_030997.1	2233407	1322987	1334905	same	11712	11988	11918	97.6977	60
Fo47	NC_072850.1	2853886	1820543	1823463	NC_030997.1	2233407	1336480	1338849	same	2353	2921	2369	80.5546	60
Fo47	NC_072850.1	2853886	1823528	1838709	NC_030997.1	2233407	1338920	1354124	same	14894	15218	15204	97.8709	60
Fo47	NC_072850.1	2853886	1842279	1851328	NC_030997.1	2233407	1359553	1368592	same	8867	9053	9039	97.9454	60
Fo47	NC_072850.1	2853886	1854663	1884945	NC_030997.1	2233407	1372253	1403274	same	29408	31244	31021	94.1237	60
Fo47	NC_072850.1	2853886	1885076	1889379	NC_030997.1	2233407	1403405	1407711	same	4240	4306	4306	98.4673	60
Fo47	NC_072850.1	2853886	1889599	1890013	NC_030997.1	2233407	1407931	1408345	same	395	414	414	95.4106	60
Fo47	NC_072850.1	2853886	1890864	1898380	NC_030997.1	2233407	1409192	1416706	same	7366	7518	7514	97.9782	60
Fo47	NC_072850.1	2853886	1898668	1902372	NC_030997.1	2233407	1416994	1420680	same	3586	3705	3686	96.7881	60
Fo47	NC_072850.1	2853886	1919572	1932761	NC_030997.1	2233407	1425820	1439013	same	12841	13202	13193	97.2656	60
Fo47	NC_072850.1	2853886	1933012	2038893	NC_030997.1	2233407	1439277	1548161	same	102981	109679	108884	93.8931	60
Fo47	NC_072850.1	2853886	2039531	2056556	NC_030997.1	2233407	1548878	1565495	same	16295	17032	16617	95.6729	60
Fo47	NC_072850.1	2853886	2056898	2090928	NC_030997.1	2233407	1565939	1600189	same	33353	34095	34250	97.8237	60
Fo47	NC_072850.1	2853886	2096168	2140470	NC_030997.1	2233407	1601875	1651597	same	43027	50262	49722	85.6054	60
Fo47	NC_072850.1	2853886	2140606	2153107	NC_030997.1	2233407	1651752	1664267	same	12209	12524	12515	97.4848	60
Fo47	NC_072850.1	2853886	2162494	2168924	NC_030997.1	2233407	1664928	1671714	same	6255	6794	6786	92.0665	60
Fo47	NC_072850.1	2853886	2169228	2211171	NC_030997.1	2233407	1672031	1715168	same	40801	43167	43137	94.5190	60
Fo47	NC_072850.1	2853886	2211561	2225535	NC_030997.1	2233407	1715527	1729657	same	13532	14054	14130	96.2858	60
Fo47	NC_072850.1	2853886	2226554	2227920	NC_030997.1	2233407	1735346	1736701	same	1239	1366	1355	90.7028	60
Fo47	NC_072850.1	2853886	2228391	2259392	NC_030997.1	2233407	1737173	1769581	same	30068	32343	32408	92.9660	60
Fo47	NC_072840.1	6487135	20593	22193	NC_030997.1	2233407	1772725	1774319	same	1456	1600	1594	91.0000	60
Fo47	NC_072840.1	6487135	22830	24695	NC_030997.1	2233407	1774965	1776830	same	1732	1865	1865	92.8686	60
Fo47	NC_072850.1	2853886	2268181	2272897	NC_030997.1	2233407	1776983	1781478	same	4308	4738	4495	90.9244	60
Fo47	NC_072850.1	2853886	2273529	2274310	NC_030997.1	2233407	1790268	1791052	same	747	784	784	95.2806	60
Fo47	NC_072850.1	2853886	2289947	2303509	NC_030997.1	2233407	1796499	1810049	same	13186	13578	13550	97.1130	60
Fo47	NC_072850.1	2853886	2303948	2336362	NC_030997.1	2233407	1810679	1828878	same	17575	32546	18199	54.0005	60
Fo47	NC_072850.1	2853886	2336427	2354112	NC_030997.1	2233407	1828934	1847443	same	17158	18526	18509	92.6158	60
Fo47	NC_072850.1	2853886	2362727	2363129	NC_030997.1	2233407	1847606	1848008	same	384	402	402	95.5224	60
Fo47	NC_072850.1	2853886	2365243	2367693	NC_030997.1	2233407	1850381	1852878	same	2358	2505	2497	94.1317	60
Fo47	NC_072850.1	2853886	2371904	2374021	NC_030997.1	2233407	1857324	1859444	same	2044	2120	2120	96.4151	60
Fo47	NC_072850.1	2853886	2374617	2385593	NC_030997.1	2233407	1859978	1867145	same	6549	11308	7167	57.9148	60
Fo47	NC_072850.1	2853886	2390378	2404049	NC_030997.1	2233407	1870753	1884730	same	13164	13892	13977	94.7596	60
Fo47	NC_072850.1	2853886	2404318	2407250	NC_030997.1	2233407	1885119	1888059	same	2879	2943	2940	97.8253	60
Fo47	NC_072850.1	2853886	2411806	2427221	NC_030997.1	2233407	1899340	1914361	same	14513	15435	15021	94.0266	60
Fo47	NC_072850.1	2853886	2427327	2430770	NC_030997.1	2233407	1914485	1917932	same	3403	3447	3447	98.7235	60
Fo47	NC_072850.1	2853886	2432276	2502302	NC_030997.1	2233407	1918086	1988136	same	68305	70289	70050	97.1774	60
Fo47	NC_072850.1	2853886	2511663	2517894	NC_030997.1	2233407	1993688	1999928	same	6064	6252	6240	96.9930	60
Fo47	NC_072850.1	2853886	2520471	2521447	NC_030997.1	2233407	2002480	2003459	same	936	979	979	95.6078	60
Fo47	NC_072850.1	2853886	2522150	2578286	NC_030997.1	2233407	2004176	2047178	same	39973	57914	43002	69.0213	60
Fo47	NC_072850.1	2853886	2578759	2580749	NC_030997.1	2233407	2047699	2049693	same	1901	1995	1994	95.2882	60
Fo47	NC_072846.1	4259108	86944	92467	NC_030997.1	2233407	2138582	2144204	same	5406	5625	5622	96.1067	60
Fo47	NC_072841.1	5611497	5449226	5452029	NC_030997.1	2233407	2140190	2142993	same	2608	2803	2803	93.0432	60
Fo47	NC_072850.1	2853886	2582235	2592266	NC_030997.1	2233407	2144134	2154322	same	9608	10251	10188	93.7274	60
Fo47	NC_072850.1	2853886	2617197	2630276	NC_030997.1	2233407	2160962	2174120	same	12656	13213	13158	95.7845	60
Fo47	NC_072850.1	2853886	2630563	2632346	NC_030997.1	2233407	2174538	2176321	same	1733	1783	1783	97.1957	60
Fo47	NC_072850.1	2853886	2633268	2642181	NC_030997.1	2233407	2177223	2188919	same	8376	11878	11696	70.5169	60
Fo47	NC_072846.1	4259108	1456284	1457781	NC_030997.1	2233407	2193519	2195006	same	1396	1497	1487	93.2532	60
Fo47	NC_072846.1	4259108	1390404	1392932	NC_030997.1	2233407	2195391	2197918	same	2346	2532	2527	92.6540	60
Fo47	NC_072846.1	4259108	1458070	1459548	NC_030997.1	2233407	2195398	2196874	same	1355	1478	1476	91.6779	60
Fo47	NC_072850.1	2853886	2657053	2658545	NC_030997.1	2233407	2209817	2211298	same	1417	1494	1481	94.8461	60
Fo47	NC_072850.1	2853886	2658894	2673984	NC_030997.1	2233407	2211631	2226717	same	14584	15123	15086	96.4359	60
Fo47	NC_072850.1	2853886	2674496	2680654	NC_030997.1	2233407	2227214	2233401	same	5974	6191	6187	96.4949	60
Fo47	NC_072851.1	2552985	2247866	2252300	NC_030998.1	1751499	7676	14604	opposite	4275	6953	6928	61.4843	60
Fo47	NC_072851.1	2552985	2237726	2238941	NC_030998.1	1751499	19957	21173	opposite	1171	1216	1216	96.2993	60
Fo47	NC_072851.1	2552985	2178698	2237245	NC_030998.1	1751499	21617	93222	opposite	57304	71242	71605	80.4357	60
Fo47	NC_072851.1	2552985	2171833	2178077	NC_030998.1	1751499	93929	99759	opposite	5647	6246	5830	90.4099	60
Fo47	NC_072851.1	2552985	2155673	2171323	NC_030998.1	1751499	101552	117210	opposite	15332	15660	15658	97.9055	60
Fo47	NC_072851.1	2552985	2130256	2151747	NC_030998.1	1751499	122302	143742	opposite	20937	21509	21440	97.3406	60
Fo47	NC_072851.1	2552985	2113241	2129518	NC_030998.1	1751499	144463	161245	opposite	15812	16972	16782	93.1652	60
Fo47	NC_072851.1	2552985	2090926	2095481	NC_030998.1	1751499	179990	184575	opposite	4433	4589	4585	96.6006	60
Fo47	NC_072851.1	2552985	2082765	2090395	NC_030998.1	1751499	185144	192773	opposite	7413	7630	7629	97.1560	60
Fo47	NC_072851.1	2552985	2060037	2082488	NC_030998.1	1751499	193059	215499	opposite	21943	22468	22440	97.6633	60
Fo47	NC_072851.1	2552985	2008552	2059655	NC_030998.1	1751499	215839	266989	opposite	50131	51173	51150	97.9638	60
Fo47	NC_072851.1	2552985	1927743	2007607	NC_030998.1	1751499	267637	348516	opposite	78295	80981	80879	96.6832	60
Fo47	NC_072851.1	2552985	1913577	1923357	NC_030998.1	1751499	349452	359228	opposite	9564	9806	9776	97.5321	60
Fo47	NC_072851.1	2552985	1907610	1912432	NC_030998.1	1751499	366405	371070	opposite	4580	4824	4665	94.9420	60
Fo47	NC_072851.1	2552985	1878618	1887758	NC_030998.1	1751499	374182	383321	opposite	9011	9142	9139	98.5671	60
Fo47	NC_072851.1	2552985	1842833	1877308	NC_030998.1	1751499	384700	420514	opposite	33704	35872	35814	93.9563	60
Fo47	NC_072851.1	2552985	1822322	1842847	NC_030998.1	1751499	421129	441238	opposite	19803	20538	20109	96.4213	60
Fo47	NC_072851.1	2552985	1653975	1822085	NC_030998.1	1751499	441490	619750	opposite	164093	178907	178260	91.7197	60
Fo47	NC_072851.1	2552985	1622045	1650551	NC_030998.1	1751499	623181	651567	opposite	27773	28546	28386	97.2921	60
Fo47	NC_072851.1	2552985	1609775	1621105	NC_030998.1	1751499	652062	663383	opposite	11161	11332	11321	98.4910	60
Fo47	NC_072851.1	2552985	1601699	1609269	NC_030998.1	1751499	663944	671509	opposite	7429	7574	7565	98.0856	60
Fo47	NC_072851.1	2552985	1576293	1600093	NC_030998.1	1751499	673058	696863	opposite	23498	23808	23805	98.6979	60
Fo47	NC_072851.1	2552985	1399611	1576174	NC_030998.1	1751499	696986	870897	opposite	170095	177822	173911	95.6546	60
Fo47	NC_072851.1	2552985	1331537	1397593	NC_030998.1	1751499	872909	941018	opposite	64708	68347	68109	94.6757	60
Fo47	NC_072851.1	2552985	1285118	1329902	NC_030998.1	1751499	942697	987947	opposite	44049	45270	45250	97.3028	60
Fo47	NC_072851.1	2552985	1251661	1284890	NC_030998.1	1751499	988170	1021153	opposite	32385	33272	32983	97.3341	60
Fo47	NC_072851.1	2552985	1228351	1251403	NC_030998.1	1751499	1021513	1044598	opposite	22709	23094	23085	98.3329	60
Fo47	NC_072851.1	2552985	1011132	1228027	NC_030998.1	1751499	1044922	1265031	opposite	213717	220241	220109	97.0378	60
Fo47	NC_072851.1	2552985	949185	1010688	NC_030998.1	1751499	1265523	1327804	opposite	59977	62196	62281	96.4322	60
Fo47	NC_072851.1	2552985	943108	948827	NC_030998.1	1751499	1328161	1333888	opposite	5581	5727	5727	97.4507	60
Fo47	NC_072851.1	2552985	934394	942684	NC_030998.1	1751499	1334304	1342590	opposite	8048	8310	8286	96.8472	60
Fo47	NC_072851.1	2552985	899738	932505	NC_030998.1	1751499	1344417	1377191	opposite	32115	32887	32774	97.6526	60
Fo47	NC_072851.1	2552985	853522	856425	NC_030998.1	1751499	1378199	1381104	opposite	2881	2906	2905	99.1397	60
Fo47	NC_072851.1	2552985	850142	852994	NC_030998.1	1751499	1381662	1384514	opposite	2832	2853	2852	99.2639	60
Fo47	NC_072851.1	2552985	810976	849809	NC_030998.1	1751499	1384903	1423920	opposite	38206	39057	39017	97.8211	60
Fo47	NC_072851.1	2552985	791942	808947	NC_030998.1	1751499	1425947	1442808	opposite	16310	17035	16861	95.7441	60
Fo47	NC_072851.1	2552985	709159	791467	NC_030998.1	1751499	1443501	1523993	opposite	78178	83216	80492	93.9459	60
Fo47	NC_072851.1	2552985	687691	708983	NC_030998.1	1751499	1524182	1545425	opposite	20892	21307	21243	98.0523	60
Fo47	NC_072851.1	2552985	658345	687571	NC_030998.1	1751499	1545758	1574732	opposite	28485	29349	28974	97.0561	60
Fo47	NC_072851.1	2552985	618418	658112	NC_030998.1	1751499	1574981	1619866	opposite	36749	46944	44885	78.2826	60
Fo47	NC_072851.1	2552985	614358	615775	NC_030998.1	1751499	1622520	1623939	opposite	1387	1420	1419	97.6761	60
Fo47	NC_072851.1	2552985	606528	612767	NC_030998.1	1751499	1630467	1636010	opposite	5362	6150	5543	87.1870	60
Fo47	NC_072851.1	2552985	560429	602652	NC_030998.1	1751499	1643506	1693098	opposite	39158	46462	49592	84.2796	60
Fo47	NC_072841.1	5611497	5570042	5571114	NC_030998.1	1751499	1670766	1671838	opposite	988	1072	1072	92.1642	60
Fo47	NC_072851.1	2552985	536035	560059	NC_030998.1	1751499	1693557	1717453	opposite	23415	24032	23896	97.4326	60
Fo47	NC_072851.1	2552985	505142	533339	NC_030998.1	1751499	1720161	1748312	opposite	27227	28302	28151	96.2017	60
Fo47	NC_072846.1	4259108	2829869	2830243	NC_030999.1	1838362	3765	4137	same	359	376	372	95.4787	60
Fo47	NC_072846.1	4259108	1342375	1343604	NC_030999.1	1838362	31898	33076	same	1116	1231	1178	90.6580	5
Fo47	NC_072846.1	4259108	97610	100092	NC_030999.1	1838362	36531	39010	same	2399	2482	2479	96.6559	60
Fo47	NC_072846.1	4259108	475654	477933	NC_030999.1	1838362	74851	77130	same	2224	2279	2279	97.5867	1
Fo47	NC_072846.1	4259108	1858847	1860495	NC_030999.1	1838362	121809	123468	opposite	1550	1663	1659	93.2051	60
Fo47	NC_072846.1	4259108	468360	469341	NC_030999.1	1838362	178813	179703	opposite	847	981	890	86.3405	60
Fo47	NC_072846.1	4259108	1052588	1055234	NC_030999.1	1838362	223143	225795	same	2518	2654	2652	94.8757	1
Fo47	NC_072846.1	4259108	2729252	2730792	NC_030999.1	1838362	242264	243795	same	1488	1543	1531	96.4355	60
Fo47	NC_072846.1	4259108	2496171	2498290	NC_030999.1	1838362	285027	287147	same	2083	2120	2120	98.2547	60
Fo47	NC_072846.1	4259108	1823706	1825913	NC_030999.1	1838362	348373	350581	same	2104	2208	2208	95.2899	60
Fo47	NC_072846.1	4259108	2622950	2623317	NC_030999.1	1838362	408092	408459	same	363	367	367	98.9101	50
Fo47	NC_072846.1	4259108	2623418	2625650	NC_030999.1	1838362	408556	410789	same	2208	2236	2233	98.7478	60
Fo47	NC_072846.1	4259108	2635315	2638312	NC_030999.1	1838362	412743	415738	same	2966	2997	2995	98.9656	60
Fo47	NC_072846.1	4259108	719099	722894	NC_030999.1	1838362	443636	447430	same	3694	3795	3794	97.3386	60
Fo47	NC_072846.1	4259108	379762	385758	NC_030999.1	1838362	659082	665079	same	5920	5997	5997	98.7160	60
Fo47	NC_072846.1	4259108	3592658	3596193	NC_030999.1	1838362	659868	663471	opposite	3458	3603	3603	95.9756	60
Fo47	NC_072846.1	4259108	2255657	2257567	NC_030999.1	1838362	660065	661975	opposite	1768	1910	1910	92.5654	1
Fo47	NC_072846.1	4259108	790366	793932	NC_030999.1	1838362	744737	748214	opposite	3357	3569	3477	94.0600	60
Fo47	NC_072846.1	4259108	83615	84005	NC_030999.1	1838362	764205	764592	opposite	378	390	387	96.9231	33
Fo47	NC_072846.1	4259108	2400945	2401602	NC_030999.1	1838362	764573	765230	opposite	618	657	657	94.0639	5
Fo47	NC_072846.1	4259108	852121	852408	NC_030999.1	1838362	797823	798110	same	282	287	287	98.2578	3
Fo47	NC_072846.1	4259108	1364648	1365201	NC_030999.1	1838362	818811	819364	opposite	543	553	553	98.1917	60
Fo47	NC_072846.1	4259108	100092	100518	NC_030999.1	1838362	818938	819364	same	421	426	426	98.8263	60
Fo47	NC_072846.1	4259108	80064	83590	NC_030999.1	1838362	844741	848263	same	3456	3526	3522	98.0147	12
Fo47	NC_072846.1	4259108	1980694	1982613	NC_030999.1	1838362	1021907	1023920	same	1834	2019	2013	90.8370	9
Fo47	NC_072850.1	2853886	153054	155104	NC_030999.1	1838362	1025821	1027876	opposite	1969	2055	2055	95.8151	1
Fo47	NC_072850.1	2853886	203329	203728	NC_030999.1	1838362	1140728	1141127	same	393	400	399	98.2500	1
Fo47	NC_072846.1	4259108	2012251	2013949	NC_030999.1	1838362	1140728	1142426	opposite	1647	1699	1698	96.9394	60
Fo47	NC_072846.1	4259108	2162712	2164921	NC_030999.1	1838362	1140728	1142939	opposite	2146	2212	2211	97.0163	7
Fo47	NC_072846.1	4259108	337990	340221	NC_030999.1	1838362	1209658	1211889	same	2181	2231	2231	97.7589	60
Fo47	NC_072846.1	4259108	577770	580002	NC_030999.1	1838362	1209658	1211889	same	2169	2233	2231	97.1339	37
Fo47	NC_072850.1	2853886	65713	66646	NC_030999.1	1838362	1213944	1214880	opposite	897	936	936	95.8333	0
Fo47	NC_072846.1	4259108	2241538	2243085	NC_030999.1	1838362	1293415	1294964	opposite	1537	1549	1549	99.2253	60
Fo47	NC_072846.1	4259108	866370	867922	NC_030999.1	1838362	1293415	1294969	opposite	1536	1554	1554	98.8417	60
Fo47	NC_072840.1	6487135	6448949	6450447	NC_030999.1	1838362	1293418	1294918	opposite	1396	1500	1500	93.0667	60
Fo47	NC_072840.1	6487135	6393726	6396199	NC_030999.1	1838362	1310908	1313194	same	2163	2486	2286	87.0072	6
Fo47	NC_072846.1	4259108	1505476	1508349	NC_030999.1	1838362	1315144	1318023	same	2826	2879	2879	98.1591	31
Fo47	NC_072846.1	4259108	27726	28506	NC_030999.1	1838362	1316409	1317195	opposite	756	786	786	96.1832	23
Fo47	NC_072846.1	4259108	2878288	2879103	NC_030999.1	1838362	1317208	1318023	same	809	815	815	99.2638	14
Fo47	NC_072846.1	4259108	1478635	1480866	NC_030999.1	1838362	1412356	1414588	opposite	2140	2232	2232	95.8781	4
Fo47	NC_072846.1	4259108	1469985	1471151	NC_030999.1	1838362	1415051	1416221	opposite	1150	1170	1170	98.2906	60
Fo47	NC_072846.1	4259108	4247977	4248452	NC_030999.1	1838362	1540680	1541155	opposite	457	475	475	96.2105	60
Fo47	NC_072846.1	4259108	1880300	1880613	NC_030999.1	1838362	1553403	1553716	opposite	304	313	313	97.1246	53
Fo47	NC_072846.1	4259108	2745898	2746406	NC_030999.1	1838362	1668615	1669124	same	506	509	509	99.4106	10
Fo47	NC_072846.1	4259108	2938665	2939900	NC_030999.1	1838362	1699517	1700752	same	1181	1235	1235	95.6275	7
Fo47	NC_072846.1	4259108	1821916	1823635	NC_030999.1	1838362	1699525	1701245	same	1652	1722	1720	95.9350	38
Fo47	NC_072846.1	4259108	1888746	1891702	NC_030999.1	1838362	1699637	1702592	opposite	2818	2957	2955	95.2993	60
Fo47	NC_072846.1	4259108	3468226	3470949	NC_030999.1	1838362	1699702	1702424	same	2630	2723	2722	96.5846	60
Fo47	NC_072846.1	4259108	1935516	1938909	NC_030999.1	1838362	1767335	1770728	same	3272	3417	3393	95.7565	60
Fo47	NC_072846.1	4259108	2711014	2712149	NC_031000.1	2434640	57651	58800	opposite	1066	1150	1149	92.6957	1
Fo47	NC_072846.1	4259108	1958834	1963292	NC_031000.1	2434640	74674	79292	opposite	4266	4628	4618	92.1780	1
Fo47	NC_072846.1	4259108	158002	158957	NC_031000.1	2434640	89602	90558	opposite	883	956	956	92.3640	1
Fo47	NC_072846.1	4259108	1122620	1125559	NC_031000.1	2434640	96220	99161	opposite	2873	2942	2941	97.6547	17
Fo47	NC_072848.1	3277645	3250227	3251498	NC_031000.1	2434640	100759	102003	opposite	1186	1272	1244	93.2390	0
Fo47	NC_072846.1	4259108	1908903	1913394	NC_031000.1	2434640	143153	147640	same	4430	4491	4487	98.6417	1
Fo47	NC_072846.1	4259108	3983546	3985678	NC_031000.1	2434640	161217	163350	opposite	1952	2134	2133	91.4714	1
Fo47	NC_072846.1	4259108	2773838	2777473	NC_031000.1	2434640	167048	170678	same	3592	3635	3630	98.8171	3
Fo47	NC_072846.1	4259108	405560	406108	NC_031000.1	2434640	173513	174060	same	537	548	547	97.9927	1
Fo47	NC_072846.1	4259108	404400	405499	NC_031000.1	2434640	200213	201311	opposite	1035	1099	1098	94.1765	60
Fo47	NC_072846.1	4259108	3913368	3914638	NC_031000.1	2434640	200234	201504	same	1216	1270	1270	95.7480	1
Fo47	NC_072849.1	2893631	2689000	2691019	NC_031000.1	2434640	230380	232352	same	1833	2021	1972	90.6977	0
Fo47	NC_072846.1	4259108	387040	387975	NC_031000.1	2434640	240290	241225	same	921	935	935	98.5027	1
Fo47	NC_072846.1	4259108	2336444	2339244	NC_031000.1	2434640	268027	270809	same	2667	2806	2782	95.0463	5
Fo47	NC_072842.1	5151772	5023924	5025874	NC_031000.1	2434640	281145	283093	same	1833	1951	1948	93.9518	60
Fo47	NC_072846.1	4259108	1454766	1455145	NC_031000.1	2434640	314871	315251	opposite	368	380	380	96.8421	1
Fo47	NC_072846.1	4259108	2384251	2386054	NC_031000.1	2434640	319292	321095	same	1780	1803	1803	98.7243	5
Fo47	NC_072848.1	3277645	51696	52365	NC_031000.1	2434640	374581	375250	same	637	669	669	95.2167	0
Fo47	NC_072846.1	4259108	3613262	3617659	NC_031000.1	2434640	449759	454154	opposite	4198	4404	4395	95.3224	1
Fo47	NC_072846.1	4259108	354617	359621	NC_031000.1	2434640	457501	462531	opposite	4851	5037	5030	96.3073	1
Fo47	NC_072846.1	4259108	1677210	1678649	NC_031000.1	2434640	464135	465574	opposite	1417	1439	1439	98.4712	1
Fo47	NC_072846.1	4259108	2830790	2832172	NC_031000.1	2434640	546195	547577	same	1271	1390	1382	91.4388	1
Fo47	NC_072846.1	4259108	1136899	1147161	NC_031000.1	2434640	549209	562063	opposite	10121	12867	12854	78.6586	9
Fo47	NC_072846.1	4259108	2694888	2695967	NC_031000.1	2434640	557540	558500	same	874	1115	960	78.3857	1
Fo47	NC_072850.1	2853886	221915	226104	NC_031000.1	2434640	629834	633773	opposite	3856	4205	3939	91.7004	16
Fo47	NC_072846.1	4259108	2708228	2710020	NC_031000.1	2434640	642939	644926	same	1670	1989	1987	83.9618	11
Fo47	NC_072846.1	4259108	1345850	1349645	NC_031000.1	2434640	668652	672441	opposite	3694	3795	3789	97.3386	1
Fo47	NC_072846.1	4259108	3087130	3091961	NC_031000.1	2434640	668652	673477	opposite	4738	4831	4825	98.0749	1
Fo47	NC_072846.1	4259108	1343634	1344357	NC_031000.1	2434640	673934	674652	opposite	689	723	718	95.2974	1
Fo47	NC_072846.1	4259108	1991853	1992450	NC_031000.1	2434640	842043	842639	same	567	597	596	94.9749	1
Fo47	NC_072850.1	2853886	244395	246422	NC_031000.1	2434640	939773	941805	same	1874	2033	2032	92.1790	5
Fo47	NC_072850.1	2853886	251541	275263	NC_031000.1	2434640	943023	968751	same	23365	25673	25728	91.0100	60
Fo47	NC_072846.1	4259108	3850064	3857405	NC_031000.1	2434640	973836	981180	same	7276	7344	7344	99.0741	60
Fo47	NC_072850.1	2853886	291318	297741	NC_031000.1	2434640	981282	987699	same	6390	6425	6417	99.4553	54
Fo47	NC_072846.1	4259108	3857497	3864246	NC_031000.1	2434640	981282	988073	same	6603	6796	6791	97.1601	60
Fo47	NC_072850.1	2853886	325495	332633	NC_031000.1	2434640	1001806	1010206	opposite	7122	8401	8400	84.7756	59
Fo47	NC_072846.1	4259108	2645043	2646908	NC_031000.1	2434640	1043397	1045262	opposite	1834	1865	1865	98.3378	60
Fo47	NC_072846.1	4259108	1788184	1790049	NC_031000.1	2434640	1043397	1045263	opposite	1826	1866	1866	97.8564	60
Fo47	NC_072849.1	2893631	2676976	2679279	NC_031000.1	2434640	1046271	1048615	opposite	2209	2344	2344	94.2406	60
Fo47	NC_072850.1	2853886	299600	320430	NC_031000.1	2434640	1048934	1068883	opposite	19604	20835	19949	94.0917	60
Fo47	NC_072846.1	4259108	3871138	3874211	NC_031000.1	2434640	1059658	1062748	same	2897	3115	3090	93.0016	60
Fo47	NC_072846.1	4259108	3874706	3907580	NC_031000.1	2434640	1063238	1090944	same	27200	32925	27706	82.6120	60
Fo47	NC_072846.1	4259108	1486715	1488548	NC_031000.1	2434640	1069053	1070887	opposite	1757	1834	1834	95.8015	20
Fo47	NC_072846.1	4259108	1029142	1051330	NC_031000.1	2434640	1075458	1097056	opposite	21258	22202	21598	95.7481	60
Fo47	NC_072846.1	4259108	3928988	3929454	NC_031000.1	2434640	1077758	1078224	opposite	458	466	466	98.2833	1
Fo47	NC_072846.1	4259108	462720	466391	NC_031000.1	2434640	1098089	1101730	opposite	3501	3673	3641	95.3172	1
Fo47	NC_072846.1	4259108	1147364	1185755	NC_031000.1	2434640	1128731	1171708	opposite	37222	41399	42977	89.9104	60
Fo47	NC_072846.1	4259108	1943065	1945825	NC_031000.1	2434640	1164319	1167080	opposite	2709	2761	2761	98.1166	1
Fo47	NC_072851.1	2552985	2266705	2269461	NC_031000.1	2434640	1164323	1167079	same	2512	2756	2756	91.1466	0
Fo47	NC_072846.1	4259108	2099045	2101614	NC_031000.1	2434640	1167180	1169816	opposite	2387	2656	2636	89.8720	24
Fo47	NC_072846.1	4259108	966101	967122	NC_031000.1	2434640	1167231	1168252	opposite	939	1037	1021	90.5497	60
Fo47	NC_072846.1	4259108	92923	94197	NC_031000.1	2434640	1171845	1173118	opposite	1256	1274	1273	98.5871	26
Fo47	NC_072846.1	4259108	1682625	1684248	NC_031000.1	2434640	1185288	1186911	opposite	1503	1623	1623	92.6063	60
Fo47	NC_072848.1	3277645	98463	98956	NC_031000.1	2434640	1196442	1196926	same	462	493	484	93.7120	0
Fo47	NC_072846.1	4259108	1873914	1876133	NC_031000.1	2434640	1196935	1199166	opposite	2170	2231	2231	97.2658	1
Fo47	NC_072846.1	4259108	954807	956538	NC_031000.1	2434640	1199879	1201609	opposite	1711	1731	1730	98.8446	60
Fo47	NC_072846.1	4259108	2728433	2728888	NC_031000.1	2434640	1248482	1248906	opposite	415	455	424	91.2088	60
Fo47	NC_072846.1	4259108	1939795	1941659	NC_031000.1	2434640	1254855	1256719	same	1828	1864	1864	98.0687	1
Fo47	NC_072850.1	2853886	2732304	2733251	NC_031000.1	2434640	1256919	1257915	same	872	996	996	87.5502	1
Fo47	NC_072846.1	4259108	1455145	1455606	NC_031000.1	2434640	1262050	1262511	opposite	454	461	461	98.4816	11
Fo47	NC_072849.1	2893631	2856238	2856833	NC_031000.1	2434640	1355715	1356311	same	570	597	596	95.4774	0
Fo47	NC_072846.1	4259108	3754688	3755106	NC_031000.1	2434640	1406544	1406962	opposite	416	418	418	99.5215	34
Fo47	NC_072846.1	4259108	1329750	1335450	NC_031000.1	2434640	1407193	1411734	opposite	4345	5710	4541	76.0946	0
Fo47	NC_072846.1	4259108	3093519	3094482	NC_031000.1	2434640	1414524	1415483	same	934	963	959	96.9886	1
Fo47	NC_072846.1	4259108	1283358	1328069	NC_031000.1	2434640	1427753	1468315	opposite	39908	45062	40562	88.5624	60
Fo47	NC_072846.1	4259108	2133318	2141036	NC_031000.1	2434640	1468273	1479377	same	6982	11509	11104	60.6656	60
Fo47	NC_072846.1	4259108	399006	401888	NC_031000.1	2434640	1468465	1471329	same	2607	2883	2864	90.4266	1
Fo47	NC_072846.1	4259108	3675359	3676522	NC_031000.1	2434640	1484304	1485467	opposite	1151	1163	1163	98.9682	39
Fo47	NC_072846.1	4259108	2848142	2849911	NC_031000.1	2434640	1506641	1508411	opposite	1662	1770	1770	93.8983	14
Fo47	NC_072846.1	4259108	2660809	2670791	NC_031000.1	2434640	1523545	1532967	opposite	8948	10047	9422	89.0614	60
Fo47	NC_072846.1	4259108	2443570	2456164	NC_031000.1	2434640	1560875	1573457	same	12349	12596	12582	98.0391	12
Fo47	NC_072846.1	4259108	1442107	1447062	NC_031000.1	2434640	1578918	1583794	opposite	4505	5275	4876	85.4028	2
Fo47	NC_072846.1	4259108	3420482	3469390	NC_031000.1	2434640	1585237	1637451	opposite	48542	52078	52214	93.2102	60
Fo47	NC_072846.1	4259108	3762400	3765327	NC_031000.1	2434640	1645619	1648525	same	2886	2927	2906	98.5992	1
Fo47	NC_072846.1	4259108	2251803	2254697	NC_031000.1	2434640	1645691	1648585	same	2866	2894	2894	99.0325	1
Fo47	NC_072846.1	4259108	3487302	3487740	NC_031000.1	2434640	1665965	1666410	opposite	423	446	445	94.8430	15
Fo47	NC_072846.1	4259108	38300	39918	NC_031000.1	2434640	1672791	1674432	opposite	1530	1641	1641	93.2358	1
Fo47	NC_072846.1	4259108	3791951	3794063	NC_031000.1	2434640	1680847	1682960	same	2076	2113	2113	98.2489	1
Fo47	NC_072846.1	4259108	3402365	3406975	NC_031000.1	2434640	1690118	1694478	opposite	4302	4613	4360	93.2582	60
Fo47	NC_072846.1	4259108	3398918	3399554	NC_031000.1	2434640	1694469	1695105	opposite	600	636	636	94.3396	60
Fo47	NC_072846.1	4259108	3364571	3384325	NC_031000.1	2434640	1706884	1721890	opposite	14315	19705	15006	72.6465	60
Fo47	NC_072846.1	4259108	2290431	2292328	NC_031000.1	2434640	1729802	1731705	opposite	1771	1914	1903	92.5287	60
Fo47	NC_072846.1	4259108	2287920	2289171	NC_031000.1	2434640	1732098	1733346	opposite	1172	1251	1248	93.6851	60
Fo47	NC_072846.1	4259108	2277161	2287138	NC_031000.1	2434640	1733557	1745498	opposite	9241	12088	11941	76.4477	60
Fo47	NC_072846.1	4259108	3329443	3329878	NC_031000.1	2434640	1752276	1752711	opposite	430	435	435	98.8506	60
Fo47	NC_072846.1	4259108	3326588	3328120	NC_031000.1	2434640	1764184	1765717	opposite	1521	1534	1533	99.1525	60
Fo47	NC_072846.1	4259108	3321147	3324303	NC_031000.1	2434640	1767929	1771029	opposite	3088	3156	3100	97.8454	60
Fo47	NC_072846.1	4259108	3263559	3321042	NC_031000.1	2434640	1771123	1821503	opposite	48852	58079	50380	84.1130	60
Fo47	NC_072846.1	4259108	3249051	3261752	NC_031000.1	2434640	1821723	1836163	opposite	12461	12664	14440	98.3970	60
Fo47	NC_072846.1	4259108	3178008	3246327	NC_031000.1	2434640	1838847	1908973	opposite	67202	70184	70126	95.7512	60
Fo47	NC_072846.1	4259108	1087947	1090598	NC_031000.1	2434640	1930059	1932711	opposite	2630	2656	2652	99.0211	60
Fo47	NC_072846.1	4259108	3474921	3476390	NC_031000.1	2434640	1932757	1934226	opposite	1370	1469	1469	93.2607	47
Fo47	NC_072850.1	2853886	126027	129174	NC_031000.1	2434640	1966131	1969284	same	3080	3163	3153	97.3759	42
Fo47	NC_072846.1	4259108	783305	786224	NC_031000.1	2434640	1966136	1969071	opposite	2876	2937	2935	97.9231	28
Fo47	NC_072846.1	4259108	3676514	3679653	NC_031000.1	2434640	1966137	1969284	same	3086	3147	3147	98.0616	60
Fo47	NC_072846.1	4259108	2335754	2336393	NC_031000.1	2434640	1966138	1966776	same	630	639	638	98.5915	7
Fo47	NC_072846.1	4259108	2763583	2766709	NC_031000.1	2434640	1966138	1969283	opposite	3081	3148	3145	97.8717	60
Fo47	NC_072846.1	4259108	112472	113106	NC_031000.1	2434640	1968648	1969284	same	623	636	636	97.9560	33
Fo47	NC_072846.1	4259108	744661	747081	NC_031000.1	2434640	2002138	2004591	opposite	2258	2455	2453	91.9756	22
Fo47	NC_072850.1	2853886	367847	373840	NC_031000.1	2434640	2008778	2015123	same	5610	6413	6345	87.4786	60
Fo47	NC_072846.1	4259108	340719	343324	NC_031000.1	2434640	2015530	2018120	same	2360	2606	2590	90.5602	60
Fo47	NC_072846.1	4259108	1565778	1567667	NC_031000.1	2434640	2025130	2027012	same	1721	1890	1882	91.0582	49
Fo47	NC_072849.1	2893631	2634739	2635895	NC_031000.1	2434640	2030141	2031299	same	1074	1158	1158	92.7461	60
Fo47	NC_072846.1	4259108	2468336	2474111	NC_031000.1	2434640	2058142	2064042	same	5431	5718	5900	94.9808	60
Fo47	NC_072846.1	4259108	2474387	2477005	NC_031000.1	2434640	2064058	2069063	same	2559	5007	5005	51.1084	60
Fo47	NC_072846.1	4259108	327812	330598	NC_031000.1	2434640	2071307	2074094	same	2777	2787	2787	99.6412	60
Fo47	NC_072846.1	4259108	1534629	1535483	NC_031000.1	2434640	2078766	2079620	opposite	849	854	854	99.4145	60
Fo47	NC_072846.1	4259108	3470958	3471803	NC_031000.1	2434640	2078775	2079620	same	836	845	845	98.9349	60
Fo47	NC_072850.1	2853886	218782	220194	NC_031000.1	2434640	2126558	2127971	same	1401	1414	1413	99.0806	60
Fo47	NC_072846.1	4259108	1414309	1414698	NC_031000.1	2434640	2126643	2127032	same	385	389	389	98.9717	12
Fo47	NC_072851.1	2552985	2300852	2306459	NC_031000.1	2434640	2133737	2140880	same	5360	7152	7143	74.9441	60
Fo47	NC_072851.1	2552985	2309699	2313245	NC_031000.1	2434640	2150355	2153866	same	3379	3565	3511	94.7826	60
Fo47	NC_072846.1	4259108	164940	170510	NC_031000.1	2434640	2157880	2163481	opposite	5375	5520	5601	97.3732	60
Fo47	NC_072846.1	4259108	3846770	3850065	NC_031000.1	2434640	2163795	2167081	same	3229	3297	3286	97.9375	60
Fo47	NC_072846.1	4259108	3650765	3654012	NC_031000.1	2434640	2163838	2167081	opposite	3199	3248	3243	98.4914	58
Fo47	NC_072846.1	4259108	2036934	2038731	NC_031000.1	2434640	2164889	2166685	same	1763	1797	1796	98.1080	47
Fo47	NC_072846.1	4259108	3115058	3115321	NC_031000.1	2434640	2179089	2179352	same	257	263	263	97.7186	60
Fo47	NC_072846.1	4259108	2019201	2023728	NC_031000.1	2434640	2180821	2185345	same	4429	4527	4524	97.8352	40
Fo47	NC_072845.1	4300638	43444	45407	NC_031000.1	2434640	2199401	2201367	same	1928	1966	1966	98.0671	60
Fo47	NC_072845.1	4300638	45540	50993	NC_031000.1	2434640	2201471	2206503	same	4612	5462	5032	84.4379	60
Fo47	NC_072845.1	4300638	53864	67438	NC_031000.1	2434640	2208825	2222322	same	12983	13642	13497	95.1693	60
Fo47	NC_072845.1	4300638	73142	78120	NC_031000.1	2434640	2230706	2235707	same	4617	5007	5001	92.2109	60
Fo47	NC_072845.1	4300638	85201	85550	NC_031000.1	2434640	2243333	2243682	same	335	349	349	95.9885	46
Fo47	NC_072845.1	4300638	91067	94220	NC_031000.1	2434640	2246860	2250016	same	2924	3157	3156	92.6196	60
Fo47	NC_072842.1	5151772	30762	33764	NC_031000.1	2434640	2247003	2250009	same	2719	3006	3006	90.4524	60
Fo47	NC_072846.1	4259108	324834	327813	NC_031000.1	2434640	2280282	2283264	same	2919	2982	2982	97.8873	3
Fo47	NC_072846.1	4259108	1055497	1058476	NC_031000.1	2434640	2280282	2283264	same	2919	2982	2982	97.8873	3
Fo47	NC_072846.1	4259108	187313	189171	NC_031000.1	2434640	2293396	2295254	opposite	1830	1858	1858	98.4930	60
Fo47	NC_072846.1	4259108	163723	164340	NC_031000.1	2434640	2296057	2296677	opposite	585	620	620	94.3548	54
Fo47	NC_072840.1	6487135	6367531	6367974	NC_031000.1	2434640	2332659	2333102	same	434	443	443	97.9684	1
Fo47	NC_072846.1	4259108	75149	75592	NC_031000.1	2434640	2332659	2333102	same	431	443	443	97.2912	1
