query_genome	query_id	query_length_bp	query_start_0based	query_end_0based	ref_id	ref_length_bp	ref_start_0based	ref_end_0based	orientation	matching_bases	alignment_block_length_bp	ref_span_bp	percent_identity	mapping_quality
FoCotton	KK035242.1	42187	5334	14193	NC_030986.1	6854980	110412	119924	opposite	8571	9535	9512	89.8899	60
FoCotton	JH658042.1	54618	40799	46935	NC_030986.1	6854980	126838	133094	opposite	5805	6058	6256	95.8237	60
FoCotton	JH658042.1	54618	33784	40648	NC_030986.1	6854980	133237	139956	opposite	6563	6866	6719	95.5870	60
FoCotton	JH658042.1	54618	23166	32406	NC_030986.1	6854980	140283	147658	opposite	7113	9245	7375	76.9389	60
FoCotton	JH658042.1	54618	15018	19519	NC_030986.1	6854980	148619	153119	opposite	4378	4501	4500	97.2673	60
FoCotton	JH658114.1	23478	839	2617	NC_030986.1	6854980	173355	175156	same	1681	1802	1801	93.2852	60
FoCotton	JH658027.1	69246	611	2071	NC_030986.1	6854980	176889	178348	same	1433	1460	1459	98.1507	60
FoCotton	JH658027.1	69246	9229	25160	NC_030986.1	6854980	193253	209101	same	15418	15937	15848	96.7434	60
FoCotton	JH658027.1	69246	30088	39600	NC_030986.1	6854980	215374	225733	same	9338	10362	10359	90.1177	60
FoCotton	JH658027.1	69246	40412	54572	NC_030986.1	6854980	226547	240725	same	13944	14181	14178	98.3287	60
FoCotton	JH658027.1	69246	56678	58734	NC_030986.1	6854980	243674	245966	same	2025	2292	2292	88.3508	60
FoCotton	JH657985.1	123401	2300	15928	NC_030986.1	6854980	246674	260306	same	13224	13656	13632	96.8366	60
FoCotton	JH657985.1	123401	16557	73741	NC_030986.1	6854980	291962	347853	same	53805	57515	55891	93.5495	60
FoCotton	JH657985.1	123401	79317	99975	NC_030986.1	6854980	349870	365576	same	15209	20730	15706	73.3671	60
FoCotton	JH657985.1	123401	100033	123361	NC_030986.1	6854980	365644	388820	same	22127	23661	23176	93.5168	60
FoCotton	KK035237.1	52501	5386	52253	NC_030986.1	6854980	388819	431753	opposite	41563	46989	42934	88.4526	60
FoCotton	KK035237.1	52501	8	3255	NC_030986.1	6854980	434030	437274	opposite	3102	3266	3244	94.9786	60
FoCotton	JH657926.1	1190151	180	1714	NC_030986.1	6854980	437296	438830	same	1493	1534	1534	97.3272	60
FoCotton	JH657926.1	1190151	1840	8399	NC_030986.1	6854980	438969	445527	same	6309	6567	6558	96.0713	60
FoCotton	JH657926.1	1190151	17622	42926	NC_030986.1	6854980	453367	478616	same	24492	25536	25249	95.9117	60
FoCotton	JH657926.1	1190151	43019	71144	NC_030986.1	6854980	478708	506474	same	25742	29057	27766	88.5914	60
FoCotton	JH657926.1	1190151	82669	86745	NC_030986.1	6854980	517135	521170	same	3898	4079	4035	95.5626	60
FoCotton	JH657926.1	1190151	94612	98360	NC_030986.1	6854980	534576	538329	same	3641	3753	3753	97.0157	60
FoCotton	JH657926.1	1190151	98989	99823	NC_030986.1	6854980	538960	539794	same	813	834	834	97.4820	60
FoCotton	JH657926.1	1190151	99955	103190	NC_030986.1	6854980	539942	543158	same	3110	3243	3216	95.8989	60
FoCotton	JH657926.1	1190151	103694	137917	NC_030986.1	6854980	543650	577955	same	33765	34392	34305	98.1769	60
FoCotton	JH657926.1	1190151	138108	151942	NC_030986.1	6854980	578147	591980	same	13568	13844	13833	98.0064	60
FoCotton	JH657926.1	1190151	155658	197674	NC_030986.1	6854980	595568	637593	same	41480	42079	42025	98.5765	60
FoCotton	JH657926.1	1190151	198959	200586	NC_030986.1	6854980	638789	640417	same	1606	1628	1628	98.6486	60
FoCotton	JH657926.1	1190151	200762	202416	NC_030986.1	6854980	640736	642387	same	1635	1654	1651	98.8513	60
FoCotton	JH657926.1	1190151	202822	251195	NC_030986.1	6854980	643087	691454	same	48005	48394	48367	99.1962	60
FoCotton	JH657926.1	1190151	251303	297195	NC_030986.1	6854980	691580	737427	same	45501	45910	45847	99.1091	60
FoCotton	JH657926.1	1190151	297837	306651	NC_030986.1	6854980	738266	747068	same	8598	8827	8802	97.4057	60
FoCotton	JH657926.1	1190151	306824	349602	NC_030986.1	6854980	747238	789228	same	41080	42800	41990	95.9813	60
FoCotton	JH657926.1	1190151	349773	407481	NC_030986.1	6854980	790475	847926	same	56284	57946	57451	97.1318	60
FoCotton	JH657926.1	1190151	407677	415326	NC_030986.1	6854980	848104	855767	same	7480	7675	7663	97.4593	60
FoCotton	JH657926.1	1190151	415901	450744	NC_030986.1	6854980	856363	891121	same	34191	34946	34758	97.8395	60
FoCotton	JH657926.1	1190151	450948	496859	NC_030986.1	6854980	891328	937471	same	45203	46132	46143	97.9862	60
FoCotton	JH657926.1	1190151	497451	502758	NC_030986.1	6854980	937996	943311	same	5192	5320	5315	97.5940	60
FoCotton	JH657926.1	1190151	503028	533238	NC_030986.1	6854980	943544	973717	same	29650	30268	30173	97.9582	60
FoCotton	JH657926.1	1190151	533386	585371	NC_030986.1	6854980	973871	1025821	same	51368	52047	51950	98.6954	60
FoCotton	JH657926.1	1190151	585592	622247	NC_030986.1	6854980	1026044	1062598	same	36280	36668	36554	98.9419	60
FoCotton	JH657926.1	1190151	622355	683568	NC_030986.1	6854980	1062723	1123966	same	60523	61327	61243	98.6890	60
FoCotton	JH657926.1	1190151	686959	697741	NC_030986.1	6854980	1127152	1137952	same	10667	10822	10800	98.5677	60
FoCotton	JH657926.1	1190151	697891	803120	NC_030986.1	6854980	1138113	1243454	same	104186	105299	105341	98.9430	60
FoCotton	JH657926.1	1190151	804598	882215	NC_030986.1	6854980	1244348	1322616	same	76656	78382	78268	97.7980	60
FoCotton	JH657926.1	1190151	882375	918870	NC_030986.1	6854980	1322784	1358917	same	35789	36579	36133	97.8403	60
FoCotton	JH657926.1	1190151	919085	961157	NC_030986.1	6854980	1359247	1400307	same	40473	41700	41060	97.0576	60
FoCotton	JH657926.1	1190151	961741	993873	NC_030986.1	6854980	1401054	1432100	same	30692	32160	31046	95.4353	60
FoCotton	JH657926.1	1190151	998988	1124079	NC_030986.1	6854980	1439397	1565615	same	123582	126313	126218	97.8379	60
FoCotton	JH657926.1	1190151	1124477	1133378	NC_030986.1	6854980	1566074	1574979	same	8832	8905	8905	99.1802	60
FoCotton	JH657926.1	1190151	1133536	1162106	NC_030986.1	6854980	1575149	1603705	same	28181	28598	28556	98.5419	60
FoCotton	JH657927.1	1129237	1118940	1122729	NC_030986.1	6854980	1604705	1608496	opposite	3771	3793	3791	99.4200	60
FoCotton	JH657927.1	1129237	1016247	1117318	NC_030986.1	6854980	1610354	1711439	opposite	100032	101312	101085	98.7366	60
FoCotton	JH657927.1	1129237	994187	1016141	NC_030986.1	6854980	1711541	1733541	opposite	21737	22042	22000	98.6163	60
FoCotton	JH657927.1	1129237	972514	993691	NC_030986.1	6854980	1734176	1755293	opposite	20969	21222	21117	98.8078	60
FoCotton	JH657927.1	1129237	889123	972410	NC_030986.1	6854980	1755401	1838835	opposite	82454	83329	83434	98.9499	60
FoCotton	JH657927.1	1129237	862417	888513	NC_030986.1	6854980	1839452	1866150	opposite	25797	26717	26698	96.5565	60
FoCotton	JH657927.1	1129237	849647	860869	NC_030986.1	6854980	1867885	1879114	opposite	11087	11266	11229	98.4111	60
FoCotton	JH657927.1	1129237	818383	849128	NC_030986.1	6854980	1879754	1910582	opposite	30399	30867	30828	98.4838	60
FoCotton	JH657927.1	1129237	768834	817935	NC_030986.1	6854980	1911218	1960778	opposite	48570	49141	49560	98.8380	60
FoCotton	JH657927.1	1129237	741716	768309	NC_030986.1	6854980	1961368	1988142	opposite	26348	26813	26774	98.2658	60
FoCotton	JH657927.1	1129237	694199	741346	NC_030986.1	6854980	1988594	2035931	opposite	46584	47162	47337	98.7744	60
FoCotton	JH657927.1	1129237	690368	693657	NC_030986.1	6854980	2036756	2040066	opposite	3260	3314	3310	98.3705	60
FoCotton	JH657927.1	1129237	676658	689794	NC_030986.1	6854980	2040554	2053708	opposite	13006	13158	13154	98.8448	60
FoCotton	JH657927.1	1129237	642645	675794	NC_030986.1	6854980	2054359	2087447	opposite	32822	33205	33088	98.8466	60
FoCotton	JH657927.1	1129237	478811	641995	NC_030986.1	6854980	2087927	2250772	opposite	161491	163308	162845	98.8874	60
FoCotton	JH657927.1	1129237	419639	478418	NC_030986.1	6854980	2251302	2308623	opposite	56655	58788	57321	96.3717	60
FoCotton	JH657927.1	1129237	350339	419519	NC_030986.1	6854980	2308749	2377906	opposite	68379	69391	69157	98.5416	60
FoCotton	JH657927.1	1129237	166265	350223	NC_030986.1	6854980	2378057	2560625	opposite	180578	184407	182568	97.9236	60
FoCotton	JH657927.1	1129237	140248	165953	NC_030986.1	6854980	2561055	2587040	opposite	25280	26117	25985	96.7952	60
FoCotton	JH657927.1	1129237	138919	140082	NC_030986.1	6854980	2587174	2588332	opposite	1095	1185	1158	92.4051	60
FoCotton	JH657927.1	1129237	136285	138656	NC_030986.1	6854980	2588590	2590990	opposite	2203	2402	2400	91.7152	60
FoCotton	JH657927.1	1129237	115349	134548	NC_030986.1	6854980	2597997	2616198	opposite	17890	19218	18201	93.0898	60
FoCotton	JH657927.1	1129237	99031	115268	NC_030986.1	6854980	2616280	2632513	opposite	16105	16242	16233	99.1565	60
FoCotton	JH657927.1	1129237	68413	98140	NC_030986.1	6854980	2634085	2662913	opposite	28436	29369	28828	96.8232	60
FoCotton	JH657927.1	1129237	53071	68187	NC_030986.1	6854980	2663281	2678117	opposite	14667	15161	14836	96.7416	60
FoCotton	JH657927.1	1129237	27215	52702	NC_030986.1	6854980	2678480	2704155	opposite	25294	25689	25675	98.4624	60
FoCotton	JH657927.1	1129237	40	27053	NC_030986.1	6854980	2704318	2731355	opposite	26811	27057	27037	99.0908	60
FoCotton	JH657937.1	530078	466633	529816	NC_030986.1	6854980	2731354	2794413	opposite	62564	63254	63059	98.9092	60
FoCotton	JH657937.1	530078	360909	466541	NC_030986.1	6854980	2794507	2899757	opposite	103684	106111	105250	97.7128	60
FoCotton	JH657937.1	530078	349462	360416	NC_030986.1	6854980	2900219	2909649	opposite	9326	10963	9430	85.0680	60
FoCotton	JH657937.1	530078	309269	349120	NC_030986.1	6854980	2910153	2950021	opposite	39480	39918	39868	98.9028	60
FoCotton	JH657937.1	530078	283539	309149	NC_030986.1	6854980	2950137	2975731	opposite	25370	25632	25594	98.9778	60
FoCotton	JH657937.1	530078	179	282758	NC_030986.1	6854980	2977184	3256007	opposite	276071	282662	278823	97.6682	60
FoCotton	JH657928.1	1035594	101	20382	NC_030986.1	6854980	3256008	3274241	same	18095	20186	18233	89.6413	60
FoCotton	JH657928.1	1035594	20621	25220	NC_030986.1	6854980	3274486	3279088	same	4549	4614	4602	98.5912	60
FoCotton	JH657928.1	1035594	25668	86967	NC_030986.1	6854980	3279507	3341020	same	60667	61407	61513	98.7949	60
FoCotton	JH657928.1	1035594	87840	130509	NC_030986.1	6854980	3341778	3384547	same	42363	42813	42769	98.9489	60
FoCotton	JH657928.1	1035594	130696	257957	NC_030986.1	6854980	3384727	3511518	same	125352	127464	126791	98.3431	60
FoCotton	JH657928.1	1035594	258442	371964	NC_030986.1	6854980	3511844	3625585	same	112396	113910	113741	98.6709	60
FoCotton	JH657928.1	1035594	372095	373404	NC_030986.1	6854980	3625718	3627027	same	1273	1309	1309	97.2498	60
FoCotton	JH657928.1	1035594	373698	377182	NC_030986.1	6854980	3627347	3630814	same	3411	3486	3467	97.8485	60
FoCotton	JH657928.1	1035594	377313	378704	NC_030986.1	6854980	3631042	3632421	same	1362	1395	1379	97.6344	60
FoCotton	JH657928.1	1035594	378935	460589	NC_030986.1	6854980	3632639	3714483	same	80478	81917	81844	98.2433	60
FoCotton	JH657928.1	1035594	462001	495764	NC_030986.1	6854980	3715878	3749639	same	33470	33794	33761	99.0412	60
FoCotton	JH657928.1	1035594	495880	650557	NC_030986.1	6854980	3749762	3903657	same	151356	155334	153895	97.4391	60
FoCotton	JH657928.1	1035594	651351	671850	NC_030986.1	6854980	3905362	3926630	same	20276	21172	21268	95.7680	60
FoCotton	JH657928.1	1035594	672287	672804	NC_030986.1	6854980	3926627	3927150	same	514	523	523	98.2792	60
FoCotton	JH657928.1	1035594	673068	697849	NC_030986.1	6854980	3927500	3952299	same	24495	24869	24799	98.4961	60
FoCotton	JH657928.1	1035594	697940	776824	NC_030986.1	6854980	3952389	4031489	same	77989	78854	79100	98.9030	60
FoCotton	JH657928.1	1035594	777466	783420	NC_030986.1	6854980	4032197	4038134	same	5905	5956	5937	99.1437	60
FoCotton	JH657928.1	1035594	783683	789049	NC_030986.1	6854980	4038496	4043866	same	5342	5373	5370	99.4230	60
FoCotton	JH657928.1	1035594	789137	914067	NC_030986.1	6854980	4043960	4169703	same	123640	125915	125743	98.1932	60
FoCotton	JH657928.1	1035594	914137	1021219	NC_030986.1	6854980	4169773	4276331	same	105419	107357	106558	98.1948	60
FoCotton	JH657928.1	1035594	1021725	1026896	NC_030986.1	6854980	4276883	4282042	same	5120	5181	5159	98.8226	60
FoCotton	JH657928.1	1035594	1027165	1035513	NC_030986.1	6854980	4282857	4291236	same	8257	8406	8379	98.2275	60
FoCotton	JH657924.1	1221218	73	3719	NC_030986.1	6854980	4291235	4294882	same	3626	3647	3647	99.4242	60
FoCotton	JH657924.1	1221218	4703	52045	NC_030986.1	6854980	4295892	4343292	same	46651	47383	47400	98.4551	60
FoCotton	JH657924.1	1221218	52310	132277	NC_030986.1	6854980	4343647	4423720	same	79135	80019	80073	98.8953	60
FoCotton	JH657924.1	1221218	132692	151609	NC_030986.1	6854980	4424235	4443168	same	18665	18954	18933	98.4753	60
FoCotton	JH657987.1	119716	81789	84675	NC_030986.1	6854980	4444604	4447490	opposite	2605	2886	2886	90.2633	34
FoCotton	JH657924.1	1221218	153667	160097	NC_030986.1	6854980	4447694	4454123	same	6349	6433	6429	98.6942	60
FoCotton	JH657924.1	1221218	160368	193155	NC_030986.1	6854980	4454408	4485563	same	30303	32790	31155	92.4154	60
FoCotton	JH657924.1	1221218	193624	195089	NC_030986.1	6854980	4487533	4489001	same	1463	1468	1468	99.6594	60
FoCotton	JH657924.1	1221218	197442	230673	NC_030986.1	6854980	4491869	4524813	same	32504	33168	32944	97.9981	60
FoCotton	JH657924.1	1221218	230838	289855	NC_030986.1	6854980	4524981	4580341	same	54768	59072	55360	92.7140	60
FoCotton	JH657924.1	1221218	290046	407437	NC_030986.1	6854980	4580548	4697682	same	116150	117460	117134	98.8847	60
FoCotton	JH657924.1	1221218	407501	430624	NC_030986.1	6854980	4697755	4720807	same	22742	23059	23052	98.6253	60
FoCotton	JH657924.1	1221218	431938	523368	NC_030986.1	6854980	4722921	4812740	same	88817	91675	89819	96.8825	60
FoCotton	JH657924.1	1221218	523553	636576	NC_030986.1	6854980	4812901	4927293	same	111525	114508	114392	97.3949	60
FoCotton	JH657924.1	1221218	636801	657843	NC_030986.1	6854980	4927847	4948985	same	20687	21090	21138	98.0891	60
FoCotton	JH657924.1	1221218	658221	661186	NC_030986.1	6854980	4949461	4952425	same	2952	2965	2964	99.5616	60
FoCotton	JH657924.1	1221218	661447	664025	NC_030986.1	6854980	4952818	4955393	same	2568	2578	2575	99.6121	60
FoCotton	JH657924.1	1221218	664681	687736	NC_030986.1	6854980	4955991	4977347	same	20733	23201	21356	89.3625	60
FoCotton	JH657924.1	1221218	687841	768551	NC_030986.1	6854980	4977456	5058206	same	79906	80779	80750	98.9193	60
FoCotton	JH657924.1	1221218	782074	835237	NC_030986.1	6854980	5070813	5124491	same	52400	53758	53678	97.4739	60
FoCotton	JH657924.1	1221218	836369	869137	NC_030986.1	6854980	5125635	5158303	same	32257	32729	32668	98.5579	60
FoCotton	JH657924.1	1221218	869327	1002808	NC_030986.1	6854980	5158564	5292335	same	131876	133817	133771	98.5495	60
FoCotton	JH657924.1	1221218	1002912	1053838	NC_030986.1	6854980	5292448	5343375	same	50154	50891	50927	98.5518	60
FoCotton	JH657924.1	1221218	1053846	1054342	NC_030986.1	6854980	5344255	5344751	opposite	485	496	496	97.7823	60
FoCotton	JH657924.1	1221218	1054387	1056097	NC_030986.1	6854980	5344759	5346473	same	1639	1715	1714	95.5685	60
FoCotton	JH657924.1	1221218	1056650	1109624	NC_030986.1	6854980	5347194	5399400	same	51210	52775	52206	97.0346	60
FoCotton	JH657924.1	1221218	1115154	1126127	NC_030986.1	6854980	5401392	5412580	same	10725	11221	11188	95.5797	60
FoCotton	JH657924.1	1221218	1126239	1147924	NC_030986.1	6854980	5412704	5434408	same	21410	21719	21704	98.5773	60
FoCotton	JH657924.1	1221218	1148489	1173638	NC_030986.1	6854980	5435537	5461677	same	24469	25877	26140	94.5589	60
FoCotton	JH657924.1	1221218	1177082	1199049	NC_030986.1	6854980	5465226	5484360	same	18641	22004	19134	84.7164	60
FoCotton	JH657924.1	1221218	1204284	1220731	NC_030986.1	6854980	5487607	5500322	same	12330	16449	12715	74.9590	60
FoCotton	JH657967.1	209433	703	1812	NC_030986.1	6854980	5501093	5502202	same	1013	1109	1109	91.3436	60
FoCotton	JH657967.1	209433	2423	30822	NC_030986.1	6854980	5502491	5527438	same	24372	28456	24947	85.6480	60
FoCotton	JH657967.1	209433	34317	37838	NC_030986.1	6854980	5530542	5534061	same	3428	3523	3519	97.3034	60
FoCotton	JH657967.1	209433	38073	56554	NC_030986.1	6854980	5534378	5552646	same	17836	18527	18268	96.2703	60
FoCotton	JH657967.1	209433	56982	57535	NC_030986.1	6854980	5553107	5553660	same	548	553	553	99.0958	60
FoCotton	JH657967.1	209433	58934	137588	NC_030986.1	6854980	5556343	5634958	same	77551	78737	78615	98.4937	60
FoCotton	JH657967.1	209433	139406	144444	NC_030986.1	6854980	5637912	5642945	same	4963	5059	5033	98.1024	60
FoCotton	JH657967.1	209433	144717	151732	NC_030986.1	6854980	5643296	5650316	same	6924	7028	7020	98.5202	60
FoCotton	JH657967.1	209433	151975	158620	NC_030986.1	6854980	5650546	5657192	same	6572	6655	6646	98.7528	60
FoCotton	JH657967.1	209433	166164	199136	NC_030986.1	6854980	5664799	5697514	same	31595	33265	32715	94.9797	60
FoCotton	JH657967.1	209433	199419	202923	NC_030986.1	6854980	5697802	5701298	same	3435	3507	3496	97.9470	60
FoCotton	KK035257.1	26975	4364	26886	NC_030986.1	6854980	5708742	5729728	opposite	20504	22540	20986	90.9672	60
FoCotton	KK035257.1	26975	65	3701	NC_030986.1	6854980	5730371	5734007	opposite	3583	3636	3636	98.5424	60
FoCotton	JH658004.1	98198	21710	32853	NC_030986.1	6854980	5968149	5979286	opposite	10513	11214	11137	93.7489	60
FoCotton	KK035230.1	75149	27820	28393	NC_030986.1	6854980	6001344	6001918	same	549	575	574	95.4783	0
FoCotton	JH658086.1	31686	11599	14791	NC_030986.1	6854980	6005420	6008599	same	3055	3192	3179	95.7080	0
FoCotton	KK035658.1	2056	326	1147	NC_030986.1	6854980	6007781	6008599	opposite	774	831	818	93.1408	0
FoCotton	KK035282.1	17112	0	929	NC_030986.1	6854980	6034456	6035365	same	895	930	909	96.2366	0
FoCotton	JH658084.1	33835	14582	19476	NC_030986.1	6854980	6084058	6088940	opposite	4655	4899	4882	95.0194	0
FoCotton	JH658151.1	16271	9494	11026	NC_030986.1	6854980	6090920	6092453	same	1516	1533	1533	98.8911	0
FoCotton	JH658074.1	35225	16395	17252	NC_030986.1	6854980	6094582	6095442	opposite	822	860	860	95.5814	0
FoCotton	JH658113.1	23815	0	943	NC_030986.1	6854980	6101199	6102142	same	938	943	943	99.4698	0
FoCotton	JH658051.1	44743	44137	44743	NC_030986.1	6854980	6101545	6102151	opposite	599	606	606	98.8449	0
FoCotton	JH657972.1	191548	167602	168702	NC_030986.1	6854980	6130118	6131217	same	1083	1100	1099	98.4545	21
FoCotton	JH658006.1	90069	66592	69478	NC_030986.1	6854980	6130118	6133003	same	2771	2886	2885	96.0152	13
FoCotton	JH658113.1	23815	15551	18862	NC_030986.1	6854980	6178230	6181540	same	3168	3312	3310	95.6522	7
FoCotton	JH658041.1	58569	17903	19365	NC_030986.1	6854980	6178237	6179686	same	1392	1465	1449	95.0171	0
FoCotton	JH658049.1	43179	37699	42655	NC_030986.1	6854980	6229644	6232941	same	3142	4961	3297	63.3340	60
FoCotton	KK035473.1	4498	0	272	NC_030986.1	6854980	6242473	6242745	same	269	272	272	98.8971	0
FoCotton	JH658113.1	23815	20821	23815	NC_030986.1	6854980	6248092	6251084	same	2906	2997	2992	96.9636	0
FoCotton	JH658041.1	58569	24910	43076	NC_030986.1	6854980	6248092	6267704	same	17932	19550	19612	91.7238	1
FoCotton	KK035462.1	4687	282	4687	NC_030986.1	6854980	6249351	6253726	opposite	4267	4409	4375	96.7793	46
FoCotton	JH658232.1	7464	1499	1881	NC_030986.1	6854980	6277509	6277891	same	375	382	382	98.1675	0
FoCotton	JH658252.1	5659	0	5659	NC_030986.1	6854980	6287525	6292672	same	5139	5559	5147	92.4447	60
FoCotton	JH658028.1	66907	66194	66723	NC_030986.1	6854980	6292770	6293297	opposite	517	529	527	97.7316	0
FoCotton	JH658054.1	40292	38586	40292	NC_030986.1	6854980	6295595	6297492	opposite	1683	1907	1897	88.2538	0
FoCotton	JH658100.1	30125	0	1916	NC_030986.1	6854980	6296344	6298250	same	1899	1916	1906	99.1127	0
FoCotton	KK035243.1	40336	13953	14315	NC_030986.1	6854980	6328574	6328936	same	347	362	362	95.8564	0
FoCotton	JH658216.1	8975	7747	8346	NC_030986.1	6854980	6347299	6347898	same	596	599	599	99.4992	0
FoCotton	KK035318.1	12633	0	4907	NC_030986.1	6854980	6402977	6407925	opposite	4759	4953	4948	96.0832	0
FoCotton	JH658163.1	14682	3723	10130	NC_030986.1	6854980	6402988	6409627	same	5785	6634	6639	87.2023	0
FoCotton	JH658017.1	87296	54004	61205	NC_030986.1	6854980	6402994	6410136	opposite	6815	7123	7142	95.6760	0
FoCotton	JH658200.1	10198	0	1814	NC_030986.1	6854980	6408319	6410136	same	1757	1817	1817	96.6979	0
FoCotton	JH658087.1	30642	16204	16873	NC_030986.1	6854980	6418557	6419227	same	653	670	670	97.4627	0
FoCotton	KK035815.1	1176	0	1176	NC_030986.1	6854980	6419600	6420776	opposite	1162	1176	1176	98.8095	0
FoCotton	JH657976.1	181406	67016	67825	NC_030986.1	6854980	6423198	6424007	same	753	809	809	93.0779	1
FoCotton	JH658213.1	8985	1278	5714	NC_030986.1	6854980	6446512	6450309	same	3588	3900	3797	92.0000	43
FoCotton	JH658094.1	29423	14646	17257	NC_030986.1	6854980	6447697	6450309	same	2477	2612	2612	94.8315	60
FoCotton	KK035419.1	6121	3400	4224	NC_030986.1	6854980	6449490	6450309	opposite	794	825	819	96.2424	0
FoCotton	JH658012.1	85819	11368	13232	NC_030986.1	6854980	6459335	6461199	same	1813	1864	1864	97.2639	4
FoCotton	JH658047.1	46956	15499	17278	NC_030986.1	6854980	6459398	6461177	opposite	1725	1779	1779	96.9646	21
FoCotton	JH658209.1	9148	7023	8888	NC_030986.1	6854980	6478843	6480708	same	1834	1865	1865	98.3378	0
FoCotton	JH657996.1	99969	39822	40309	NC_030986.1	6854980	6483621	6484099	opposite	456	487	478	93.6345	0
FoCotton	KK035233.1	58640	11132	13740	NC_030986.1	6854980	6487201	6489817	opposite	2512	2617	2616	95.9878	0
FoCotton	JH658197.1	10237	9639	10237	NC_030986.1	6854980	6489885	6490483	same	571	598	598	95.4849	0
FoCotton	JH658138.1	21495	17032	18900	NC_030986.1	6854980	6491825	6493723	opposite	1760	1898	1898	92.7292	0
FoCotton	JH658133.1	20702	12578	12949	NC_030986.1	6854980	6494149	6494520	same	361	371	371	97.3046	0
FoCotton	JH658054.1	40292	911	4170	NC_030986.1	6854980	6535335	6538554	opposite	2947	3282	3219	89.7928	0
FoCotton	JH658016.1	79893	40438	43196	NC_030986.1	6854980	6544774	6549055	opposite	2646	4282	4281	61.7936	60
FoCotton	JH658019.1	79820	27809	32286	NC_030986.1	6854980	6544774	6550517	same	4043	6004	5743	67.3384	60
FoCotton	JH658155.1	20552	19629	20334	NC_030986.1	6854980	6551066	6551772	same	687	709	706	96.8970	0
FoCotton	KK035785.1	1240	65	892	NC_030986.1	6854980	6651563	6652390	same	788	827	827	95.2842	0
FoCotton	JH658102.1	26335	259	2341	NC_030986.1	6854980	6714451	6716557	same	1985	2107	2106	94.2098	60
FoCotton	KK035425.1	5865	0	658	NC_030986.1	6854980	6715733	6716391	same	620	658	658	94.2249	60
FoCotton	KK035243.1	40336	14402	25701	NC_030986.1	6854980	6723155	6734455	same	11247	11301	11300	99.5222	6
FoCotton	JH658011.1	86016	18462	18879	NC_030986.1	6854980	6752927	6753345	same	406	419	418	96.8974	0
FoCotton	JH658131.1	21696	158	640	NC_030986.1	6854980	6763231	6763713	opposite	480	482	482	99.5851	0
FoCotton	JH658111.1	26171	9694	10620	NC_030986.1	6854980	6767001	6767917	opposite	897	927	916	96.7638	0
FoCotton	JH658225.1	8828	5139	7309	NC_030986.1	6854980	6780735	6782897	same	2129	2171	2162	98.0654	0
FoCotton	KK035261.1	24093	3104	5474	NC_030986.1	6854980	6783650	6785751	opposite	2009	2401	2101	83.6735	0
FoCotton	KK035533.1	3454	1547	2996	NC_030986.1	6854980	6808466	6809899	same	1403	1449	1433	96.8254	0
FoCotton	JH657997.1	100508	46481	47943	NC_030986.1	6854980	6839401	6840863	same	1330	1475	1462	90.1695	0
FoCotton	KK035419.1	6121	5642	6000	NC_030986.1	6854980	6840505	6840863	opposite	348	358	358	97.2067	0
FoCotton	JH658034.1	67929	19730	20937	NC_030986.1	6854980	6849277	6850558	opposite	1091	1181	1281	92.3793	0
FoCotton	JH658047.1	46956	45466	46804	NC_030986.1	6854980	6850885	6852223	opposite	1248	1338	1338	93.2735	60
FoCotton	JH658115.1	27548	3564	4796	NC_030986.1	6854980	6850891	6852123	opposite	1148	1232	1232	93.1818	37
FoCotton	JH658126.1	23475	21126	22635	NC_030986.1	6854980	6850891	6852400	same	1399	1509	1509	92.7104	60
FoCotton	JH658120.1	25526	22794	24045	NC_030986.1	6854980	6850972	6852223	opposite	1150	1251	1251	91.9265	60
FoCotton	JH658070.1	34555	8886	10747	NC_030986.1	6854980	6852497	6854358	same	1806	1861	1861	97.0446	37
FoCotton	JH658000.1	99639	88208	99426	NC_030987.1	5577357	36402	47650	same	10978	11254	11248	97.5475	60
FoCotton	JH658075.1	33105	14828	32903	NC_030987.1	5577357	47652	66109	opposite	17523	18374	18457	95.3685	60
FoCotton	JH657938.1	512028	16846	24389	NC_030987.1	5577357	104622	112196	same	7172	7616	7574	94.1702	60
FoCotton	JH657938.1	512028	25489	32753	NC_030987.1	5577357	117444	124716	same	7061	7275	7272	97.0584	60
FoCotton	JH657938.1	512028	33190	36309	NC_030987.1	5577357	125179	128279	same	2991	3119	3100	95.8961	60
FoCotton	JH657938.1	512028	36414	40585	NC_030987.1	5577357	128384	132563	same	4068	4180	4179	97.3206	60
FoCotton	JH657938.1	512028	44835	48008	NC_030987.1	5577357	138341	141519	same	3012	3192	3178	94.3609	60
FoCotton	JH657938.1	512028	49731	63795	NC_030987.1	5577357	143036	156480	same	12995	13832	13444	93.9488	60
FoCotton	JH657938.1	512028	72511	74249	NC_030987.1	5577357	168313	171603	same	1590	3369	3290	47.1950	60
FoCotton	JH657938.1	512028	74465	75227	NC_030987.1	5577357	178248	179009	same	722	762	761	94.7507	60
FoCotton	JH657938.1	512028	76284	77917	NC_030987.1	5577357	180085	181713	same	1561	1633	1628	95.5909	60
FoCotton	JH657938.1	512028	78902	93003	NC_030987.1	5577357	182808	188731	same	5667	11776	5923	48.1233	60
FoCotton	JH657938.1	512028	93096	136646	NC_030987.1	5577357	188826	232609	same	42226	43599	43783	96.8508	60
FoCotton	JH657938.1	512028	138631	144978	NC_030987.1	5577357	233452	239799	same	6171	6353	6347	97.1352	60
FoCotton	JH657938.1	512028	145222	148430	NC_030987.1	5577357	240046	243261	same	2957	3226	3215	91.6615	60
FoCotton	JH657938.1	512028	149152	161030	NC_030987.1	5577357	243983	255806	same	11573	11889	11823	97.3421	60
FoCotton	JH657938.1	512028	169125	173669	NC_030987.1	5577357	256656	261199	same	4354	4554	4543	95.6083	60
FoCotton	JH657938.1	512028	184188	191258	NC_030987.1	5577357	271614	278587	same	6742	7103	6973	94.9176	60
FoCotton	JH657938.1	512028	192294	199099	NC_030987.1	5577357	280002	286874	same	6623	6920	6872	95.7081	60
FoCotton	JH657938.1	512028	199887	201089	NC_030987.1	5577357	287728	288936	same	1182	1211	1208	97.6053	60
FoCotton	JH657938.1	512028	201866	216609	NC_030987.1	5577357	289684	304548	same	14371	14749	14864	97.4371	60
FoCotton	JH657938.1	512028	216814	217687	NC_030987.1	5577357	304932	305807	same	845	875	875	96.5714	60
FoCotton	JH657938.1	512028	217802	220116	NC_030987.1	5577357	305944	308258	same	2267	2315	2314	97.9266	60
FoCotton	JH657938.1	512028	220414	226197	NC_030987.1	5577357	308699	316011	same	5607	7320	7312	76.5984	60
FoCotton	JH657938.1	512028	226327	238721	NC_030987.1	5577357	316140	328538	same	12154	12411	12398	97.9293	60
FoCotton	JH657938.1	512028	243365	251989	NC_030987.1	5577357	329730	338987	same	8254	9344	9257	88.3348	60
FoCotton	JH657938.1	512028	252329	272844	NC_030987.1	5577357	339359	360196	same	19867	20605	20837	96.4183	60
FoCotton	JH657938.1	512028	291569	304210	NC_030987.1	5577357	381737	395736	same	12305	14036	13999	87.6674	60
FoCotton	JH657938.1	512028	304786	306133	NC_030987.1	5577357	396692	398031	same	1303	1349	1339	96.5901	60
FoCotton	JH657938.1	512028	306276	316154	NC_030987.1	5577357	398169	408047	same	9664	9952	9878	97.1061	60
FoCotton	JH657938.1	512028	316594	325192	NC_030987.1	5577357	408482	417092	same	8454	8625	8610	98.0174	60
FoCotton	JH657938.1	512028	325394	363349	NC_030987.1	5577357	417279	455231	same	37375	38001	37952	98.3527	60
FoCotton	JH657938.1	512028	363463	381716	NC_030987.1	5577357	455345	472748	same	16864	18286	17403	92.2236	60
FoCotton	JH657938.1	512028	381861	385755	NC_030987.1	5577357	472885	476778	same	3664	3899	3893	93.9728	60
FoCotton	JH657938.1	512028	385928	392459	NC_030987.1	5577357	476952	483489	same	6217	6575	6537	94.5551	60
FoCotton	JH657938.1	512028	402576	429070	NC_030987.1	5577357	492288	518771	same	25959	26535	26483	97.8293	60
FoCotton	JH657938.1	512028	429409	429872	NC_030987.1	5577357	519111	519574	same	437	463	463	94.3844	60
FoCotton	JH657938.1	512028	433951	443088	NC_030987.1	5577357	523804	532927	same	8922	9166	9123	97.3380	60
FoCotton	JH657938.1	512028	444235	445842	NC_030987.1	5577357	532925	534530	same	1536	1607	1605	95.5818	60
FoCotton	JH657938.1	512028	453163	490791	NC_030987.1	5577357	538021	575855	same	36926	37848	37834	97.5639	60
FoCotton	JH657938.1	512028	492182	511869	NC_030987.1	5577357	582150	601804	same	19250	19712	19654	97.6563	60
FoCotton	JH657956.1	254955	147	11232	NC_030987.1	5577357	601806	619007	same	10713	17269	17201	62.0360	60
FoCotton	JH657956.1	254955	11789	13583	NC_030987.1	5577357	619328	621125	same	1753	1798	1797	97.4972	60
FoCotton	JH657956.1	254955	15822	17707	NC_030987.1	5577357	627319	629205	same	1827	1886	1886	96.8717	60
FoCotton	JH657956.1	254955	18140	20553	NC_030987.1	5577357	629247	631663	same	2341	2416	2416	96.8957	60
FoCotton	JH657956.1	254955	20742	24793	NC_030987.1	5577357	631877	635925	same	3856	4053	4048	95.1394	60
FoCotton	JH657956.1	254955	29232	47895	NC_030987.1	5577357	637944	656521	same	17897	18532	18577	96.5735	60
FoCotton	JH657956.1	254955	52036	53607	NC_030987.1	5577357	660378	661947	same	1536	1571	1569	97.7721	60
FoCotton	JH657956.1	254955	53820	88474	NC_030987.1	5577357	662156	694121	same	30423	35324	31965	86.1256	60
FoCotton	JH657956.1	254955	89361	103185	NC_030987.1	5577357	695007	708874	same	13531	13869	13867	97.5629	60
FoCotton	JH657956.1	254955	103988	185442	NC_030987.1	5577357	709706	791182	same	79149	81767	81476	96.7982	60
FoCotton	JH657956.1	254955	185952	226260	NC_030987.1	5577357	791883	831278	same	37880	39790	39395	95.1998	60
FoCotton	JH657956.1	254955	226389	254860	NC_030987.1	5577357	831433	860425	same	27819	29185	28992	95.3195	60
FoCotton	KK035210.1	466489	410535	464801	NC_030987.1	5577357	861229	915286	opposite	53281	54328	54057	98.0728	60
FoCotton	KK035210.1	466489	408182	408652	NC_030987.1	5577357	915308	915778	opposite	456	470	470	97.0213	60
FoCotton	KK035210.1	466489	377047	405143	NC_030987.1	5577357	916523	944922	opposite	27716	28415	28399	97.5400	60
FoCotton	KK035210.1	466489	239639	376795	NC_030987.1	5577357	945176	1082321	opposite	135468	137192	137145	98.7434	60
FoCotton	KK035210.1	466489	214035	239417	NC_030987.1	5577357	1082859	1109637	opposite	25121	26828	26778	93.6372	60
FoCotton	KK035239.1	45350	16206	17598	NC_030987.1	5577357	1095829	1097221	opposite	1364	1392	1392	97.9885	0
FoCotton	KK035210.1	466489	183583	213961	NC_030987.1	5577357	1109731	1140129	opposite	29997	30372	30398	98.7653	60
FoCotton	KK035210.1	466489	180961	183578	NC_030987.1	5577357	1140141	1142745	same	2521	2626	2604	96.0015	60
FoCotton	KK035210.1	466489	138041	180961	NC_030987.1	5577357	1142750	1185955	opposite	42457	43025	43205	98.6798	60
FoCotton	KK035210.1	466489	69616	137902	NC_030987.1	5577357	1186118	1254407	opposite	67740	68400	68289	99.0351	60
FoCotton	KK035210.1	466489	64441	69197	NC_030987.1	5577357	1254836	1259592	opposite	4712	4756	4756	99.0749	60
FoCotton	KK035210.1	466489	19143	64228	NC_030987.1	5577357	1259822	1304816	opposite	44546	45117	44994	98.7344	60
FoCotton	KK035210.1	466489	45	18980	NC_030987.1	5577357	1304979	1323885	opposite	18477	19057	18906	96.9565	60
FoCotton	JH657922.1	1390015	1352854	1389970	NC_030987.1	5577357	1323876	1361102	opposite	36457	37417	37226	97.4343	60
FoCotton	JH657922.1	1390015	1350331	1352660	NC_030987.1	5577357	1361358	1363687	opposite	2306	2331	2329	98.9275	60
FoCotton	JH657922.1	1390015	1312148	1349891	NC_030987.1	5577357	1365408	1403852	opposite	37177	38516	38444	96.5235	60
FoCotton	JH657922.1	1390015	1257317	1311694	NC_030987.1	5577357	1404500	1458993	opposite	53845	54543	54493	98.7203	60
FoCotton	JH657922.1	1390015	1194503	1257115	NC_030987.1	5577357	1459226	1522998	opposite	61706	64025	63772	96.3780	60
FoCotton	JH657922.1	1390015	1176494	1193370	NC_030987.1	5577357	1523954	1540966	opposite	16655	17091	17012	97.4489	60
FoCotton	JH657922.1	1390015	1055488	1121044	NC_030987.1	5577357	1541094	1606735	same	64492	65906	65641	97.8545	60
FoCotton	JH657922.1	1390015	1121379	1150774	NC_030987.1	5577357	1606989	1636319	same	28994	29317	29330	98.8983	60
FoCotton	JH657922.1	1390015	918350	1052121	NC_030987.1	5577357	1636338	1770495	opposite	132096	133781	134157	98.7405	60
FoCotton	JH657922.1	1390015	1159895	1160479	NC_030987.1	5577357	1771342	1771932	same	558	590	590	94.5763	60
FoCotton	JH657922.1	1390015	1165273	1165819	NC_030987.1	5577357	1771929	1772475	same	515	546	546	94.3223	60
FoCotton	JH657922.1	1390015	846380	918141	NC_030987.1	5577357	1779082	1850871	opposite	71094	71873	71789	98.9161	60
FoCotton	JH657922.1	1390015	668056	846225	NC_030987.1	5577357	1851042	2029148	opposite	176282	178331	178106	98.8510	60
FoCotton	JH657922.1	1390015	626134	667609	NC_030987.1	5577357	2029418	2070892	opposite	41132	41488	41474	99.1419	60
FoCotton	JH657983.1	148325	64919	65349	NC_030987.1	5577357	2056738	2057168	same	411	430	430	95.5814	60
FoCotton	JH657922.1	1390015	623827	626073	NC_030987.1	5577357	2071108	2073346	opposite	2231	2246	2238	99.3321	60
FoCotton	JH657922.1	1390015	544779	621915	NC_030987.1	5577357	2075235	2152511	opposite	76488	77166	77276	99.1214	60
FoCotton	JH657922.1	1390015	544130	544534	NC_030987.1	5577357	2152774	2153172	opposite	393	404	398	97.2772	60
FoCotton	JH657922.1	1390015	522475	543644	NC_030987.1	5577357	2153639	2174767	opposite	20963	21175	21128	98.9988	60
FoCotton	JH657922.1	1390015	500602	522343	NC_030987.1	5577357	2174912	2196626	opposite	21538	21766	21714	98.9525	60
FoCotton	JH657922.1	1390015	477018	500436	NC_030987.1	5577357	2196795	2220237	opposite	23153	23331	23442	99.2371	60
FoCotton	JH657922.1	1390015	471615	476523	NC_030987.1	5577357	2220825	2225723	opposite	4865	4909	4898	99.1037	60
FoCotton	JH657922.1	1390015	466511	471340	NC_030987.1	5577357	2226040	2230870	opposite	4797	4831	4830	99.2962	60
FoCotton	JH657922.1	1390015	447469	466145	NC_030987.1	5577357	2231304	2249960	opposite	18510	18688	18656	99.0475	60
FoCotton	JH657922.1	1390015	359439	447389	NC_030987.1	5577357	2250035	2339376	opposite	87011	89542	89341	97.1734	60
FoCotton	JH657922.1	1390015	280216	359262	NC_030987.1	5577357	2339580	2418720	opposite	77892	79095	79140	98.4790	60
FoCotton	JH657922.1	1390015	183355	279997	NC_030987.1	5577357	2418942	2515623	opposite	95585	96560	96681	98.9903	60
FoCotton	JH657922.1	1390015	161184	183093	NC_030987.1	5577357	2516058	2538132	opposite	21658	22092	22074	98.0355	60
FoCotton	JH657922.1	1390015	157347	160757	NC_030987.1	5577357	2538637	2542048	opposite	3387	3413	3411	99.2382	60
FoCotton	JH657922.1	1390015	126797	156800	NC_030987.1	5577357	2542662	2572681	opposite	29611	30075	30019	98.4572	60
FoCotton	JH657922.1	1390015	114733	126312	NC_030987.1	5577357	2573657	2585233	opposite	11450	11593	11576	98.7665	60
FoCotton	JH657922.1	1390015	72103	114426	NC_030987.1	5577357	2585576	2628181	opposite	41898	42566	42605	98.4307	60
FoCotton	JH657922.1	1390015	43489	71278	NC_030987.1	5577357	2629066	2657023	opposite	27613	27876	27957	99.0565	60
FoCotton	JH657933.1	612340	2490	14011	NC_030987.1	5577357	2658023	2669555	same	11449	11532	11532	99.2803	60
FoCotton	JH657933.1	612340	14248	41871	NC_030987.1	5577357	2669796	2697422	same	27362	27650	27626	98.9584	60
FoCotton	JH657933.1	612340	42400	98708	NC_030987.1	5577357	2698151	2756278	same	55519	58146	58127	95.4821	60
FoCotton	JH657933.1	612340	98838	144498	NC_030987.1	5577357	2756408	2802152	same	45254	45662	45744	99.1065	60
FoCotton	JH657933.1	612340	144586	240543	NC_030987.1	5577357	2802228	2899922	same	95045	97773	97694	97.2099	60
FoCotton	JH657933.1	612340	240890	290474	NC_030987.1	5577357	2900387	2949992	same	49206	49630	49605	99.1457	60
FoCotton	JH657933.1	612340	290781	317595	NC_030987.1	5577357	2950370	2977376	same	26523	27115	27006	97.8167	60
FoCotton	JH657933.1	612340	317784	323117	NC_030987.1	5577357	2977648	2982983	same	5314	5335	5335	99.6064	60
FoCotton	JH657933.1	612340	323230	326796	NC_030987.1	5577357	2983083	2986649	same	3556	3566	3566	99.7196	60
FoCotton	JH657933.1	612340	326902	335604	NC_030987.1	5577357	2986765	2995472	same	8648	8707	8707	99.3224	60
FoCotton	JH657933.1	612340	335728	410035	NC_030987.1	5577357	2995601	3067882	same	71741	74251	72281	96.6196	60
FoCotton	JH657933.1	612340	411093	428975	NC_030987.1	5577357	3069139	3087055	same	17633	17959	17916	98.1848	60
FoCotton	JH657933.1	612340	429287	448956	NC_030987.1	5577357	3087614	3107255	same	19411	19697	19641	98.5480	60
FoCotton	JH657933.1	612340	449060	460953	NC_030987.1	5577357	3107354	3122208	same	11746	14866	14854	79.0125	60
FoCotton	JH657933.1	612340	461015	475159	NC_030987.1	5577357	3122270	3136418	same	14052	14149	14148	99.3144	60
FoCotton	JH657933.1	612340	475228	612157	NC_030987.1	5577357	3136480	3273449	same	135377	137257	136969	98.6303	60
FoCotton	JH657925.1	1211435	99	15549	NC_030987.1	5577357	3273440	3288904	same	15273	15467	15464	98.7457	60
FoCotton	JH657925.1	1211435	15702	78837	NC_030987.1	5577357	3289211	3353679	same	62413	64533	64468	96.7149	60
FoCotton	JH657925.1	1211435	79723	106829	NC_030987.1	5577357	3354269	3381439	same	26800	27110	27170	98.8565	60
FoCotton	JH657925.1	1211435	107059	200613	NC_030987.1	5577357	3381816	3475390	same	92601	93738	93574	98.7870	60
FoCotton	JH657925.1	1211435	200974	245490	NC_030987.1	5577357	3475717	3520216	same	44141	44543	44499	99.0975	60
FoCotton	JH657925.1	1211435	245743	301856	NC_030987.1	5577357	3520481	3576624	same	55498	56305	56143	98.5667	60
FoCotton	JH657925.1	1211435	302014	364436	NC_030987.1	5577357	3576783	3639219	same	61861	62518	62436	98.9491	60
FoCotton	JH657925.1	1211435	364558	398942	NC_030987.1	5577357	3639343	3673758	same	34105	34449	34415	99.0014	60
FoCotton	JH657925.1	1211435	399005	466816	NC_030987.1	5577357	3673840	3741641	same	67186	67894	67801	98.9572	60
FoCotton	JH657925.1	1211435	467025	469155	NC_030987.1	5577357	3741721	3743849	same	2105	2130	2128	98.8263	60
FoCotton	JH657925.1	1211435	469355	501071	NC_030987.1	5577357	3744063	3775846	same	31237	31732	31783	98.4401	60
FoCotton	JH657925.1	1211435	502385	620293	NC_030987.1	5577357	3777189	3895056	same	116718	118097	117867	98.8323	60
FoCotton	JH657925.1	1211435	620634	654073	NC_030987.1	5577357	3895519	3928951	same	33117	33478	33432	98.9217	60
FoCotton	JH657925.1	1211435	654376	690851	NC_030987.1	5577357	3929362	3965835	same	36074	36548	36473	98.7031	60
FoCotton	JH657925.1	1211435	691080	756559	NC_030987.1	5577357	3966089	4033039	same	64426	66453	66950	96.9497	60
FoCotton	JH657925.1	1211435	756956	893695	NC_030987.1	5577357	4033460	4170474	same	134552	137219	137014	98.0564	60
FoCotton	JH657925.1	1211435	893920	898761	NC_030987.1	5577357	4170702	4175514	same	4567	4855	4812	94.0680	60
FoCotton	JH657925.1	1211435	904777	912482	NC_030987.1	5577357	4182635	4190344	same	7529	7725	7709	97.4628	60
FoCotton	JH657925.1	1211435	914709	949395	NC_030987.1	5577357	4193605	4230821	same	34049	37263	37216	91.3748	60
FoCotton	JH657925.1	1211435	949675	988109	NC_030987.1	5577357	4231106	4269307	same	36907	38759	38201	95.2218	60
FoCotton	JH657925.1	1211435	998316	1013037	NC_030987.1	5577357	4277150	4306437	same	13773	29938	29287	46.0051	60
FoCotton	JH657925.1	1211435	1019269	1032740	NC_030987.1	5577357	4328127	4341662	same	13071	13556	13535	96.4222	60
FoCotton	JH657925.1	1211435	1043521	1063526	NC_030987.1	5577357	4342402	4362826	same	19449	20480	20424	94.9658	60
FoCotton	JH657925.1	1211435	1073848	1119615	NC_030987.1	5577357	4369733	4414476	same	43822	45816	44743	95.6478	60
FoCotton	JH657925.1	1211435	1120150	1161232	NC_030987.1	5577357	4415010	4455667	same	39713	41134	40657	96.5454	60
FoCotton	JH657925.1	1211435	1161402	1166852	NC_030987.1	5577357	4455857	4462092	same	5308	6248	6235	84.9552	60
FoCotton	JH657925.1	1211435	1167106	1178225	NC_030987.1	5577357	4462345	4473466	same	10981	11123	11121	98.7234	60
FoCotton	JH657925.1	1211435	1178744	1180911	NC_030987.1	5577357	4473975	4476141	same	2051	2168	2166	94.6033	60
FoCotton	JH657925.1	1211435	1181528	1184627	NC_030987.1	5577357	4476758	4479775	same	2744	3013	3017	91.0720	60
FoCotton	JH657925.1	1211435	1195902	1198727	NC_030987.1	5577357	4486625	4489451	same	2754	2828	2826	97.3833	60
FoCotton	JH657925.1	1211435	1198512	1201892	NC_030987.1	5577357	4489236	4492491	same	3139	3389	3255	92.6232	60
FoCotton	JH657925.1	1211435	1202598	1205768	NC_030987.1	5577357	4493205	4496323	same	3036	3173	3118	95.6823	60
FoCotton	KK035212.1	177456	145073	148373	NC_030987.1	5577357	4536662	4539961	same	3235	3300	3299	98.0303	60
FoCotton	KK035212.1	177456	148455	176377	NC_030987.1	5577357	4540058	4567089	same	26284	27963	27031	93.9956	60
FoCotton	KK035212.1	177456	120848	142833	NC_030987.1	5577357	4573769	4595868	opposite	21435	22137	22099	96.8288	60
FoCotton	KK035212.1	177456	104592	120681	NC_030987.1	5577357	4596042	4615350	opposite	15779	19314	19308	81.6972	60
FoCotton	KK035212.1	177456	91618	103203	NC_030987.1	5577357	4616540	4628115	opposite	11293	11597	11575	97.3786	60
FoCotton	KK035212.1	177456	75289	90279	NC_030987.1	5577357	4629564	4644645	opposite	14586	15103	15081	96.5768	60
FoCotton	KK035212.1	177456	74091	75142	NC_030987.1	5577357	4644793	4645843	opposite	1001	1065	1050	93.9906	60
FoCotton	KK035212.1	177456	57793	72281	NC_030987.1	5577357	4647570	4661982	opposite	14137	14495	14412	97.5302	60
FoCotton	KK035212.1	177456	23443	56968	NC_030987.1	5577357	4662845	4696315	opposite	32894	33545	33470	98.0593	60
FoCotton	KK035212.1	177456	237	23077	NC_030987.1	5577357	4696683	4717953	opposite	20549	22992	21270	89.3746	60
FoCotton	KK035507.1	3838	266	1808	NC_030987.1	5577357	4904424	4905952	opposite	1404	1542	1528	91.0506	60
FoCotton	JH658028.1	66907	36396	41180	NC_030987.1	5577357	4920210	4925112	same	4498	4840	4902	92.9339	60
FoCotton	JH658103.1	32432	4461	7925	NC_030987.1	5577357	4921268	4924890	same	3298	3626	3622	90.9542	32
FoCotton	JH658056.1	44044	32528	34020	NC_030987.1	5577357	4923324	4924813	opposite	1407	1493	1489	94.2398	8
FoCotton	JH657945.1	346831	298948	299769	NC_030987.1	5577357	4948450	4949271	same	783	821	821	95.3715	1
FoCotton	JH658081.1	32516	3076	7281	NC_030987.1	5577357	4976302	4980482	same	4017	4219	4180	95.2121	60
FoCotton	JH658082.1	31385	13827	16950	NC_030987.1	5577357	4988898	4992065	opposite	3015	3175	3167	94.9606	60
FoCotton	JH658082.1	31385	9098	12887	NC_030987.1	5577357	4993015	4996803	opposite	3673	3792	3788	96.8618	60
FoCotton	JH658243.1	6007	1548	2332	NC_030987.1	5577357	5013708	5014488	opposite	768	784	780	97.9592	56
FoCotton	JH658084.1	33835	19890	20349	NC_030987.1	5577357	5024341	5024792	same	429	461	451	93.0586	5
FoCotton	KK035282.1	17112	7603	11351	NC_030987.1	5577357	5036483	5040202	opposite	3451	3762	3719	91.7331	60
FoCotton	JH658057.1	40519	7526	10135	NC_030987.1	5577357	5036567	5038904	opposite	2101	2627	2337	79.9772	28
FoCotton	KK035339.1	10523	9266	9584	NC_030987.1	5577357	5051132	5051450	opposite	313	318	318	98.4277	28
FoCotton	JH658018.1	77205	5262	5821	NC_030987.1	5577357	5052554	5053113	opposite	530	562	559	94.3060	60
FoCotton	JH658111.1	26171	10620	12247	NC_030987.1	5577357	5060135	5061762	same	1528	1627	1627	93.9152	60
FoCotton	JH658057.1	40519	5681	7414	NC_030987.1	5577357	5060155	5061888	opposite	1637	1733	1733	94.4605	60
FoCotton	JH658034.1	67929	43343	45031	NC_030987.1	5577357	5060227	5061912	same	1565	1689	1685	92.6584	60
FoCotton	KK035278.1	18284	7123	8069	NC_030987.1	5577357	5060753	5061699	opposite	869	946	946	91.8605	5
FoCotton	KK035419.1	6121	1972	3206	NC_030987.1	5577357	5090174	5091408	same	1222	1235	1234	98.9474	60
FoCotton	JH658029.1	68105	47213	48183	NC_030987.1	5577357	5105492	5106462	same	956	970	970	98.5567	60
FoCotton	JH658111.1	26171	2864	3512	NC_030987.1	5577357	5119126	5119761	opposite	600	648	635	92.5926	60
FoCotton	JH658151.1	16271	0	1925	NC_030987.1	5577357	5133770	5135699	opposite	1877	1931	1929	97.2035	60
FoCotton	KK035489.1	4264	0	1979	NC_030987.1	5577357	5136490	5138469	same	1957	1979	1979	98.8883	60
FoCotton	KK035546.1	3306	51	1093	NC_030987.1	5577357	5140892	5141908	same	947	1042	1016	90.8829	60
FoCotton	JH657986.1	120035	42828	43453	NC_030987.1	5577357	5150344	5150969	opposite	615	625	625	98.4000	60
FoCotton	JH658067.1	35415	16196	16995	NC_030987.1	5577357	5159159	5159959	same	768	800	800	96.0000	0
FoCotton	KK035312.1	13076	6466	8334	NC_030987.1	5577357	5163598	5165465	opposite	1743	1869	1867	93.2584	60
FoCotton	JH658012.1	85819	31881	33196	NC_030987.1	5577357	5163679	5164989	same	1216	1315	1310	92.4715	40
FoCotton	KK035320.1	12266	10881	12196	NC_030987.1	5577357	5163679	5164989	same	1216	1315	1310	92.4715	41
FoCotton	JH658142.1	22586	17728	19552	NC_030987.1	5577357	5163832	5165685	same	1688	1871	1853	90.2191	52
FoCotton	JH658029.1	68105	58863	59401	NC_030987.1	5577357	5174289	5174828	same	504	542	539	92.9889	60
FoCotton	JH658018.1	77205	2091	2481	NC_030987.1	5577357	5174439	5174828	opposite	375	390	389	96.1538	60
FoCotton	JH657978.1	171404	28954	31541	NC_030987.1	5577357	5175862	5178445	opposite	2408	2588	2583	93.0448	60
FoCotton	JH658028.1	66907	26730	27425	NC_030987.1	5577357	5191511	5192214	same	654	703	703	93.0299	60
FoCotton	KK035790.1	1246	0	1246	NC_030987.1	5577357	5191752	5192995	same	1180	1246	1243	94.7030	60
FoCotton	JH658011.1	86016	23581	25266	NC_030987.1	5577357	5199029	5200729	same	1615	1704	1700	94.7770	60
FoCotton	JH658073.1	33558	2034	6157	NC_030987.1	5577357	5201336	5205459	same	3947	4148	4123	95.1543	60
FoCotton	JH658016.1	79893	50481	52293	NC_030987.1	5577357	5201399	5203210	same	1731	1812	1811	95.5298	60
FoCotton	JH658057.1	40519	1410	1936	NC_030987.1	5577357	5207184	5207710	same	519	526	526	98.6692	60
FoCotton	JH658142.1	22586	15305	17578	NC_030987.1	5577357	5233936	5236271	same	1999	2158	2335	92.6321	60
FoCotton	JH658109.1	25186	9932	11195	NC_030987.1	5577357	5238614	5239872	opposite	1179	1264	1258	93.2753	60
FoCotton	JH657978.1	171404	93595	96948	NC_030987.1	5577357	5249219	5252571	same	3162	3354	3352	94.2755	60
FoCotton	KK035669.1	1989	269	1678	NC_030987.1	5577357	5299684	5301088	opposite	1309	1413	1404	92.6398	60
FoCotton	KK035329.1	11109	4788	6340	NC_030987.1	5577357	5375082	5376638	same	1470	1562	1556	94.1101	60
FoCotton	JH658017.1	87296	76013	77546	NC_030987.1	5577357	5375082	5376649	same	1452	1573	1567	92.3077	60
FoCotton	JH658016.1	79893	224	1579	NC_030987.1	5577357	5386558	5387914	opposite	1323	1356	1356	97.5664	60
FoCotton	JH658077.1	32478	26191	31749	NC_030987.1	5577357	5394939	5400497	opposite	5448	5558	5558	98.0209	60
FoCotton	JH658022.1	73370	54868	55944	NC_030987.1	5577357	5433095	5434170	opposite	1020	1076	1075	94.7955	60
FoCotton	JH658022.1	73370	49924	53667	NC_030987.1	5577357	5439586	5443247	opposite	3473	3759	3661	92.3916	60
FoCotton	JH658022.1	73370	29605	37028	NC_030987.1	5577357	5459637	5467042	opposite	7113	7434	7405	95.6820	60
FoCotton	KK035407.1	6414	977	1490	NC_030987.1	5577357	5463558	5464070	opposite	484	514	512	94.1634	58
FoCotton	JH658084.1	33835	28704	31539	NC_030987.1	5577357	5467055	5469889	opposite	2642	2842	2834	92.9627	60
FoCotton	JH658022.1	73370	5776	7422	NC_030987.1	5577357	5469910	5471556	opposite	1611	1649	1646	97.6956	60
FoCotton	KK035312.1	13076	0	233	NC_030988.1	5634991	17189	17422	opposite	232	233	233	99.5708	60
FoCotton	KK035315.1	12826	46	3272	NC_030988.1	5634991	17314	20496	same	2946	3428	3182	85.9393	60
FoCotton	JH658266.1	5447	1683	2010	NC_030988.1	5634991	20166	20493	same	323	327	327	98.7768	60
FoCotton	JH658040.1	55028	27470	32841	NC_030988.1	5634991	32463	37598	opposite	4890	5389	5135	90.7404	60
FoCotton	KK035616.1	2473	0	267	NC_030988.1	5634991	42940	43207	opposite	266	267	267	99.6255	0
FoCotton	JH657931.1	857877	169908	170422	NC_030988.1	5634991	42940	43382	same	413	414	442	99.7585	0
FoCotton	JH658027.1	69246	7147	7589	NC_030988.1	5634991	42940	43382	opposite	442	442	442	100.0000	0
FoCotton	JH658052.1	45501	32606	33069	NC_030988.1	5634991	42940	43384	opposite	362	363	444	99.7245	0
FoCotton	JH658081.1	32516	9294	9738	NC_030988.1	5634991	42940	43384	opposite	442	444	444	99.5495	0
FoCotton	JH657999.1	99110	98899	99110	NC_030988.1	5634991	43171	43382	opposite	211	211	211	100.0000	0
FoCotton	JH658040.1	55028	36889	38600	NC_030988.1	5634991	49469	51171	same	1604	1713	1702	93.6369	0
FoCotton	JH658040.1	55028	38745	39993	NC_030988.1	5634991	51316	52563	same	1196	1249	1247	95.7566	0
FoCotton	KK035255.1	27702	16269	16932	NC_030988.1	5634991	64254	64923	same	623	669	669	93.1241	0
FoCotton	JH658232.1	7464	4982	5566	NC_030988.1	5634991	77149	77707	opposite	530	588	558	90.1361	0
FoCotton	JH658205.1	9991	8410	9381	NC_030988.1	5634991	77411	78387	same	928	977	976	94.9846	0
FoCotton	JH658195.1	10462	9825	10278	NC_030988.1	5634991	81522	81974	opposite	451	453	452	99.5585	0
FoCotton	JH658133.1	20702	3494	4445	NC_030988.1	5634991	85656	86618	opposite	911	962	962	94.6985	0
FoCotton	JH658024.1	70476	69817	70476	NC_030988.1	5634991	122852	123511	same	646	659	659	98.0273	0
FoCotton	KK035714.1	1708	813	1622	NC_030988.1	5634991	136429	137238	opposite	803	809	809	99.2583	60
FoCotton	KK035266.1	21374	20779	21182	NC_030988.1	5634991	155994	156397	same	384	403	403	95.2854	60
FoCotton	KK035602.1	2628	0	2465	NC_030988.1	5634991	160898	163364	opposite	2446	2466	2466	99.1890	60
FoCotton	KK035415.1	6217	0	6217	NC_030988.1	5634991	163887	170043	same	6016	6225	6156	96.6426	60
FoCotton	JH657952.1	281107	14538	16107	NC_030988.1	5634991	169295	170864	opposite	1489	1569	1569	94.9012	5
FoCotton	JH658035.1	58475	56653	58262	NC_030988.1	5634991	176308	177960	same	1532	1652	1652	92.7361	60
FoCotton	JH658168.1	15159	7305	14024	NC_030988.1	5634991	179137	185819	same	6422	6824	6682	94.1090	60
FoCotton	KK035553.1	3131	2764	3131	NC_030988.1	5634991	185452	185819	opposite	363	367	367	98.9101	60
FoCotton	KK035331.1	11031	153	4258	NC_030988.1	5634991	225198	229304	opposite	4026	4107	4106	98.0278	0
FoCotton	KK035625.1	2333	91	1944	NC_030988.1	5634991	237905	239758	same	1845	1853	1853	99.5683	60
FoCotton	KK035379.1	7542	0	376	NC_030988.1	5634991	247403	247779	opposite	372	376	376	98.9362	60
FoCotton	KK035690.1	1859	0	1859	NC_030988.1	5634991	268314	270173	same	1846	1859	1859	99.3007	6
FoCotton	KK035806.1	1173	0	1173	NC_030988.1	5634991	272437	273628	same	1141	1200	1191	95.0833	0
FoCotton	JH658247.1	6077	0	2598	NC_030988.1	5634991	284673	287255	same	2514	2599	2582	96.7295	0
FoCotton	JH658248.1	5841	0	1800	NC_030988.1	5634991	287822	289664	same	1709	1854	1842	92.1791	0
FoCotton	JH658248.1	5841	2086	5828	NC_030988.1	5634991	290050	293617	same	3454	3742	3567	92.3036	0
FoCotton	KK035534.1	3433	153	3375	NC_030988.1	5634991	307099	310309	opposite	3080	3234	3210	95.2381	0
FoCotton	KK035307.1	14287	80	14050	NC_030988.1	5634991	312794	326173	same	12973	13996	13379	92.6908	0
FoCotton	KK035714.1	1708	30	583	NC_030988.1	5634991	352028	352581	same	522	553	553	94.3942	0
FoCotton	KK035438.1	5573	1457	4297	NC_030988.1	5634991	358928	361769	same	2780	2841	2841	97.8529	0
FoCotton	JH658128.1	22048	2561	4217	NC_030988.1	5634991	362315	363971	same	1576	1656	1656	95.1691	0
FoCotton	KK035764.1	1403	0	1245	NC_030988.1	5634991	363317	364508	same	1151	1248	1191	92.2276	0
FoCotton	JH658128.1	22048	8032	9264	NC_030988.1	5634991	365196	366428	same	1165	1233	1232	94.4850	1
FoCotton	KK035578.1	2880	21	2880	NC_030988.1	5634991	379169	382031	opposite	2753	2863	2862	96.1579	0
FoCotton	KK035607.1	2556	1746	2556	NC_030988.1	5634991	391102	391912	same	796	810	810	98.2716	0
FoCotton	JH658180.1	11559	3209	3995	NC_030988.1	5634991	407387	408172	same	731	791	785	92.4147	60
FoCotton	KK035619.1	2412	633	2411	NC_030988.1	5634991	418635	420434	opposite	1736	1800	1799	96.4444	0
FoCotton	JH658050.1	42973	32926	35872	NC_030988.1	5634991	420120	423064	opposite	2899	2946	2944	98.4046	0
FoCotton	KK035586.1	2807	315	2539	NC_030988.1	5634991	428564	430788	same	2089	2224	2224	93.9299	0
FoCotton	KK035275.1	18606	6660	8289	NC_030988.1	5634991	456022	457651	same	1522	1629	1629	93.4316	60
FoCotton	JH658102.1	26335	3863	6188	NC_030988.1	5634991	492161	494486	opposite	2307	2325	2325	99.2258	1
FoCotton	JH658016.1	79893	32440	33103	NC_030988.1	5634991	520601	521264	opposite	635	663	663	95.7768	0
FoCotton	KK035265.1	21175	180	705	NC_030988.1	5634991	521427	521953	opposite	489	526	526	92.9658	0
FoCotton	KK035466.1	4620	189	1200	NC_030988.1	5634991	524534	525545	opposite	946	1011	1011	93.5707	0
FoCotton	JH658000.1	99639	72852	75569	NC_030988.1	5634991	525127	527381	opposite	2148	2717	2254	79.0578	16
FoCotton	KK035438.1	5573	4503	5569	NC_030988.1	5634991	540484	541533	same	1036	1066	1049	97.1857	0
FoCotton	KK035265.1	21175	19599	21173	NC_030988.1	5634991	540487	542044	same	1548	1574	1557	98.3482	1
FoCotton	JH658074.1	35225	34168	35225	NC_030988.1	5634991	543032	544086	opposite	1030	1057	1054	97.4456	0
FoCotton	KK035276.1	18357	0	1000	NC_030988.1	5634991	543089	544086	same	979	1000	997	97.9000	0
FoCotton	KK035427.1	5818	4817	5818	NC_030988.1	5634991	543089	544087	opposite	981	1001	998	98.0020	0
FoCotton	JH658158.1	15675	11320	11718	NC_030988.1	5634991	545582	545981	opposite	394	399	399	98.7469	0
FoCotton	JH658009.1	89445	332	831	NC_030988.1	5634991	556517	557015	same	490	499	498	98.1964	0
FoCotton	KK035319.1	12418	4525	4969	NC_030988.1	5634991	556566	557015	opposite	434	451	449	96.2306	0
FoCotton	JH658087.1	30642	8898	15145	NC_030988.1	5634991	560485	567069	opposite	6043	6596	6584	91.6161	0
FoCotton	KK035830.1	1054	0	932	NC_030988.1	5634991	653480	654397	opposite	905	932	917	97.1030	2
FoCotton	JH658094.1	29423	17342	17762	NC_030988.1	5634991	689031	689451	opposite	398	420	420	94.7619	0
FoCotton	KK035239.1	45350	35080	36354	NC_030988.1	5634991	695142	696416	same	1195	1274	1274	93.7991	0
FoCotton	JH658008.1	87225	8551	8973	NC_030988.1	5634991	764162	764584	opposite	403	422	422	95.4976	0
FoCotton	JH658208.1	9286	7755	8408	NC_030988.1	5634991	812753	813406	same	649	653	653	99.3874	0
FoCotton	KK035612.1	2517	0	933	NC_030988.1	5634991	876890	877817	opposite	883	933	927	94.6409	0
FoCotton	JH658016.1	79893	24800	25567	NC_030988.1	5634991	877731	878495	opposite	730	767	764	95.1760	0
FoCotton	JH658121.1	21774	19099	20062	NC_030988.1	5634991	948593	949557	same	942	964	964	97.7178	0
FoCotton	JH658144.1	20737	19983	20623	NC_030988.1	5634991	986662	987302	same	619	641	640	96.5679	0
FoCotton	JH658160.1	13835	13441	13835	NC_030988.1	5634991	995226	995620	opposite	391	394	394	99.2386	0
FoCotton	JH658202.1	10893	1804	4009	NC_030988.1	5634991	1015168	1017569	opposite	2008	2302	2401	87.2285	0
FoCotton	JH658210.1	9888	7235	8426	NC_030988.1	5634991	1016652	1017806	same	1091	1217	1154	89.6467	37
FoCotton	JH658269.1	3163	1584	2042	NC_030988.1	5634991	1029206	1029665	same	441	460	459	95.8696	0
FoCotton	JH658009.1	89445	76845	85830	NC_030988.1	5634991	1089368	1096084	opposite	6003	6931	6716	86.6109	33
FoCotton	JH658036.1	60600	3487	5482	NC_030988.1	5634991	1151260	1153240	same	1953	1996	1980	97.8457	0
FoCotton	JH658036.1	60600	16059	17628	NC_030988.1	5634991	1163808	1165506	same	1468	1740	1698	84.3678	0
FoCotton	JH658036.1	60600	36752	40355	NC_030988.1	5634991	1180104	1183817	same	3319	3731	3713	88.9574	60
FoCotton	JH658036.1	60600	41271	42958	NC_030988.1	5634991	1184665	1186315	same	1570	1688	1650	93.0095	0
FoCotton	JH658036.1	60600	49990	51450	NC_030988.1	5634991	1197656	1199191	same	1352	1535	1535	88.0782	0
FoCotton	JH658036.1	60600	58420	60598	NC_030988.1	5634991	1206895	1209025	same	2035	2191	2130	92.8800	0
FoCotton	JH658096.1	27441	0	2126	NC_030988.1	5634991	1215697	1217823	same	2092	2126	2126	98.4008	0
FoCotton	JH658080.1	31655	18755	31655	NC_030988.1	5634991	1221758	1237599	opposite	12861	15842	15841	81.1829	0
FoCotton	JH658096.1	27441	5547	7215	NC_030988.1	5634991	1226461	1227967	same	1476	1669	1506	88.4362	0
FoCotton	JH658096.1	27441	7610	8659	NC_030988.1	5634991	1228365	1229394	same	960	1055	1029	90.9953	0
FoCotton	JH658080.1	31655	58	18241	NC_030988.1	5634991	1237942	1253596	opposite	15469	18214	15654	84.9292	3
FoCotton	JH657991.1	111555	93609	95934	NC_030988.1	5634991	1386119	1388444	same	2121	2326	2325	91.1866	0
FoCotton	JH658023.1	73102	9978	11395	NC_030988.1	5634991	1408188	1409605	same	1290	1420	1417	90.8451	0
FoCotton	JH658036.1	60600	6596	8195	NC_030988.1	5634991	1413166	1418891	same	1474	5732	5725	25.7153	0
FoCotton	KK035645.1	2127	188	1977	NC_030988.1	5634991	1421724	1423478	same	1734	1791	1754	96.8174	0
FoCotton	JH658149.1	16942	12545	16810	NC_030988.1	5634991	1424312	1428772	opposite	4245	4465	4460	95.0728	0
FoCotton	JH658149.1	16942	825	5033	NC_030988.1	5634991	1438226	1442909	opposite	3764	4581	4683	82.1655	0
FoCotton	JH658036.1	60600	51693	57854	NC_030988.1	5634991	1458580	1465474	same	5630	6823	6894	82.5150	0
FoCotton	KK035506.1	3804	0	3804	NC_030988.1	5634991	1465084	1468886	same	3767	3811	3802	98.8454	0
FoCotton	KK035514.1	3710	3363	3651	NC_030988.1	5634991	1523387	1523675	opposite	284	288	288	98.6111	0
FoCotton	JH657995.1	102212	17326	20736	NC_030988.1	5634991	1541933	1545294	same	3172	3414	3361	92.9115	0
FoCotton	JH657995.1	102212	22355	24827	NC_030988.1	5634991	1546994	1549469	same	2403	2478	2475	96.9734	0
FoCotton	JH657995.1	102212	25787	26287	NC_030988.1	5634991	1550981	1551475	same	482	500	494	96.4000	0
FoCotton	JH657995.1	102212	37610	38982	NC_030988.1	5634991	1560056	1561402	same	1290	1381	1346	93.4106	60
FoCotton	JH657995.1	102212	52086	53915	NC_030988.1	5634991	1570700	1572532	same	1753	1832	1832	95.6878	0
FoCotton	JH658071.1	36287	8787	30365	NC_030988.1	5634991	1586391	1608870	opposite	20313	22678	22479	89.5714	60
FoCotton	JH658190.1	10861	4402	5069	NC_030988.1	5634991	1611008	1611715	same	663	707	707	93.7765	60
FoCotton	JH658063.1	46251	37618	39689	NC_030988.1	5634991	1620743	1623150	opposite	1994	2407	2407	82.8417	60
FoCotton	JH658063.1	46251	36443	37436	NC_030988.1	5634991	1623332	1624322	opposite	934	995	990	93.8693	60
FoCotton	JH658063.1	46251	32247	33082	NC_030988.1	5634991	1627904	1628739	opposite	784	835	835	93.8922	60
FoCotton	JH658063.1	46251	28060	31962	NC_030988.1	5634991	1629021	1632413	opposite	3213	3913	3392	82.1109	60
FoCotton	JH658107.1	24886	16	2377	NC_030988.1	5634991	1630393	1632807	opposite	2132	2444	2414	87.2340	60
FoCotton	JH658063.1	46251	22475	27182	NC_030988.1	5634991	1632688	1637320	opposite	4316	4648	4632	92.8571	60
FoCotton	JH658063.1	46251	13258	17673	NC_030988.1	5634991	1637826	1641913	opposite	3834	4422	4087	86.7028	60
FoCotton	JH658071.1	36287	2402	4856	NC_030988.1	5634991	1640209	1642651	same	2225	2556	2442	87.0501	1
FoCotton	JH658071.1	36287	5083	8291	NC_030988.1	5634991	1643343	1646537	same	2963	3218	3194	92.0758	0
FoCotton	KK035352.1	9147	2622	5810	NC_030988.1	5634991	1650277	1653478	opposite	3064	3217	3201	95.2440	60
FoCotton	JH658117.1	29572	25	2736	NC_030988.1	5634991	1652255	1654964	same	2589	2711	2709	95.4998	0
FoCotton	JH658117.1	29572	2760	13227	NC_030988.1	5634991	1670262	1679286	same	8571	10409	9024	82.3422	1
FoCotton	JH658242.1	6109	1597	3550	NC_030988.1	5634991	1677168	1679121	same	1883	1953	1953	96.4158	0
FoCotton	JH658117.1	29572	13555	15195	NC_030988.1	5634991	1679559	1681264	same	1596	1707	1705	93.4974	0
FoCotton	JH658117.1	29572	17044	29518	NC_030988.1	5634991	1683877	1696343	same	11883	12497	12466	95.0868	0
FoCotton	JH658097.1	27353	17319	18706	NC_030988.1	5634991	1701522	1702777	same	1212	1387	1255	87.3828	60
FoCotton	JH658174.1	18930	4038	9885	NC_030988.1	5634991	1714441	1717838	opposite	3313	5649	3397	58.6475	60
FoCotton	KK035767.1	1399	138	1399	NC_030988.1	5634991	1721424	1722686	opposite	1231	1262	1262	97.5436	0
FoCotton	JH658012.1	85819	61058	61466	NC_030988.1	5634991	1723800	1724209	opposite	394	409	409	96.3325	0
FoCotton	KK035609.1	2543	0	2543	NC_030988.1	5634991	1728466	1731005	same	2501	2543	2539	98.3484	0
FoCotton	JH658140.1	19267	0	445	NC_030988.1	5634991	1730101	1730546	same	438	445	445	98.4270	0
FoCotton	KK035226.1	83753	74773	77559	NC_030988.1	5634991	1733926	1736714	same	2550	2792	2788	91.3324	0
FoCotton	JH658140.1	19267	4001	6340	NC_030988.1	5634991	1734216	1736557	same	2237	2345	2341	95.3945	0
FoCotton	JH658181.1	11844	6280	8241	NC_030988.1	5634991	1736900	1739642	same	1792	2657	2742	67.4445	60
FoCotton	JH658140.1	19267	6964	9814	NC_030988.1	5634991	1738522	1741379	same	2718	2858	2857	95.1015	0
FoCotton	JH658034.1	67929	16012	18861	NC_030988.1	5634991	1773605	1777553	same	2606	4013	3948	64.9389	1
FoCotton	JH658184.1	11433	6062	6893	NC_030988.1	5634991	1775112	1775939	same	800	836	827	95.6938	0
FoCotton	JH658105.1	25194	23460	25194	NC_030988.1	5634991	1812317	1814054	opposite	1727	1737	1737	99.4243	0
FoCotton	JH657951.1	293070	253327	256421	NC_030988.1	5634991	1814558	1817577	same	2780	3105	3019	89.5330	0
FoCotton	JH658054.1	40292	6500	8295	NC_030988.1	5634991	1841548	1843347	opposite	1679	1804	1799	93.0710	1
FoCotton	KK035349.1	9530	2938	4733	NC_030988.1	5634991	1845068	1846860	same	1698	1795	1792	94.5961	0
FoCotton	JH657946.1	357253	85716	86920	NC_030988.1	5634991	1853019	1854469	opposite	1073	1366	1450	78.5505	2
FoCotton	KK035788.1	1258	90	1165	NC_030988.1	5634991	1858166	1859241	opposite	1069	1076	1075	99.3494	0
FoCotton	JH657946.1	357253	85349	85718	NC_030988.1	5634991	1859245	1859614	opposite	365	369	369	98.9160	0
FoCotton	KK035337.1	10633	6477	10625	NC_030988.1	5634991	1866264	1870413	opposite	3827	4161	4149	91.9731	0
FoCotton	JH657980.1	160715	7	431	NC_030988.1	5634991	1899631	1900057	same	409	426	426	96.0094	0
FoCotton	KK035305.1	14330	10564	11508	NC_030988.1	5634991	1941834	1942985	same	895	1159	1151	77.2217	59
FoCotton	JH658170.1	14960	1647	3151	NC_030988.1	5634991	1959068	1960571	same	1483	1504	1503	98.6037	52
FoCotton	JH658073.1	33558	1424	1777	NC_030988.1	5634991	1968675	1969028	opposite	344	353	353	97.4504	0
FoCotton	JH658256.1	5207	1609	2616	NC_030988.1	5634991	1970149	1971171	same	970	1023	1022	94.8192	0
FoCotton	KK035395.1	6981	3133	6437	NC_030988.1	5634991	1971323	1974606	same	3025	3506	3283	86.2807	1
FoCotton	KK035251.1	31739	14664	16139	NC_030988.1	5634991	2010014	2011482	same	1411	1475	1468	95.6610	0
FoCotton	KK035532.1	3475	22	1134	NC_030988.1	5634991	2016149	2017263	same	1015	1114	1114	91.1131	0
FoCotton	KK035354.1	9053	3419	5221	NC_030988.1	5634991	2021442	2023244	same	1763	1802	1802	97.8357	0
FoCotton	JH658006.1	90069	62576	64413	NC_030988.1	5634991	2030064	2031901	opposite	1672	1840	1837	90.8696	0
FoCotton	KK035226.1	83753	78005	78772	NC_030988.1	5634991	2145236	2146003	same	712	767	767	92.8292	0
FoCotton	JH658254.1	7022	4837	6532	NC_030988.1	5634991	2170396	2172087	opposite	1630	1696	1691	96.1085	0
FoCotton	JH658135.1	20451	12126	13278	NC_030988.1	5634991	2211183	2212335	opposite	1107	1152	1152	96.0938	0
FoCotton	KK035496.1	4065	3448	3790	NC_030988.1	5634991	2218455	2218797	opposite	335	342	342	97.9532	1
FoCotton	JH658241.1	6138	1890	3285	NC_030988.1	5634991	2277058	2278451	same	1348	1395	1393	96.6308	0
FoCotton	JH658103.1	32432	20466	22133	NC_030988.1	5634991	2277058	2278841	opposite	1519	1685	1783	90.1484	0
FoCotton	KK035277.1	18337	14588	18337	NC_030988.1	5634991	2323821	2327565	same	3556	3751	3744	94.8014	0
FoCotton	KK035784.1	1300	12	1300	NC_030988.1	5634991	2327470	2328757	opposite	1251	1288	1287	97.1273	0
FoCotton	KK035791.1	1245	90	1245	NC_030988.1	5634991	2328776	2329931	opposite	1113	1155	1155	96.3636	0
FoCotton	KK035461.1	4710	4346	4617	NC_030988.1	5634991	2345179	2345482	opposite	269	305	303	88.1967	0
FoCotton	JH658070.1	34555	1207	3388	NC_030988.1	5634991	2420019	2422195	opposite	2035	2186	2176	93.0924	1
FoCotton	KK035525.1	3488	2905	3478	NC_030988.1	5634991	2432032	2432607	same	552	576	575	95.8333	0
FoCotton	JH658028.1	66907	19116	19379	NC_030988.1	5634991	2442905	2443168	opposite	258	263	263	98.0989	0
FoCotton	JH658033.1	59173	1	1281	NC_030988.1	5634991	2484389	2485669	same	1257	1280	1280	98.2031	1
FoCotton	KK035284.1	17030	6196	7476	NC_030988.1	5634991	2484389	2485669	opposite	1259	1280	1280	98.3594	60
FoCotton	JH658074.1	35225	1488	2240	NC_030988.1	5634991	2484418	2485170	same	696	752	752	92.5532	0
FoCotton	JH658091.1	28983	24683	25076	NC_030988.1	5634991	2506564	2506956	same	386	393	392	98.2188	0
FoCotton	KK035443.1	5165	369	1725	NC_030988.1	5634991	2507187	2508557	opposite	1239	1374	1370	90.1747	0
FoCotton	JH658076.1	33158	29291	29686	NC_030988.1	5634991	2519479	2519873	same	378	395	394	95.6962	0
FoCotton	KK035244.1	36771	7203	9225	NC_030988.1	5634991	2570343	2572364	opposite	1874	2029	2021	92.3608	0
FoCotton	JH658186.1	10995	8446	10841	NC_030988.1	5634991	2578600	2580970	same	2250	2395	2370	93.9457	0
FoCotton	JH658018.1	77205	18369	20069	NC_030988.1	5634991	2584551	2586195	same	1502	1709	1644	87.8877	0
FoCotton	JH658033.1	59173	58533	59167	NC_030988.1	5634991	2616299	2616936	opposite	595	637	637	93.4066	0
FoCotton	JH658035.1	58475	51902	55305	NC_030988.1	5634991	2626553	2633056	same	3390	6503	6503	52.1298	1
FoCotton	JH657976.1	181406	71667	73306	NC_030988.1	5634991	2626651	2628290	opposite	1588	1639	1639	96.8883	0
FoCotton	JH658178.1	11929	6861	7224	NC_030988.1	5634991	2653070	2653433	same	352	364	363	96.7033	0
FoCotton	JH658070.1	34555	10774	11219	NC_030988.1	5634991	2660733	2661178	opposite	441	445	445	99.1011	0
FoCotton	KK035649.1	2093	193	2045	NC_030988.1	5634991	2676498	2678344	same	1741	1856	1846	93.8039	0
FoCotton	JH658230.1	8274	1910	4032	NC_030988.1	5634991	2681906	2684117	same	1976	2113	2211	93.5163	0
FoCotton	JH658102.1	26335	6186	12925	NC_030988.1	5634991	2700908	2708493	opposite	6601	7597	7585	86.8896	0
FoCotton	JH657976.1	181406	43866	45063	NC_030988.1	5634991	2707773	2708971	opposite	1089	1199	1198	90.8257	0
FoCotton	KK035713.1	1720	386	1527	NC_030988.1	5634991	2713195	2714336	opposite	1082	1142	1141	94.7461	0
FoCotton	JH658086.1	31686	15168	17735	NC_030988.1	5634991	2715848	2718401	same	2421	2575	2553	94.0194	0
FoCotton	JH658215.1	9107	8326	8772	NC_030988.1	5634991	2728577	2729023	opposite	432	446	446	96.8610	0
FoCotton	JH658090.1	30509	18671	29140	NC_030988.1	5634991	2763772	2774470	same	9997	10740	10698	93.0819	1
FoCotton	JH658244.1	6006	5019	5584	NC_030988.1	5634991	2790404	2790969	same	544	565	565	96.2832	0
FoCotton	KK035226.1	83753	79521	79867	NC_030988.1	5634991	2791641	2791987	opposite	334	346	346	96.5318	0
FoCotton	JH658060.1	38410	629	1210	NC_030988.1	5634991	2793981	2794560	opposite	564	581	579	97.0740	0
FoCotton	JH658093.1	28369	2638	5533	NC_030988.1	5634991	2804534	2807489	same	2753	2959	2955	93.0382	0
FoCotton	JH658201.1	10062	89	1142	NC_030988.1	5634991	2804535	2805588	opposite	1035	1053	1053	98.2906	0
FoCotton	KK035727.1	1666	491	786	NC_030988.1	5634991	2807509	2807804	opposite	288	295	295	97.6271	0
FoCotton	KK035700.1	1760	216	1760	NC_030988.1	5634991	2807674	2809218	opposite	1513	1545	1544	97.9288	0
FoCotton	JH657978.1	171404	152912	154013	NC_030988.1	5634991	2810059	2811161	same	1032	1102	1102	93.6479	0
FoCotton	KK035309.1	13988	13037	13988	NC_030988.1	5634991	2810209	2811161	opposite	913	952	952	95.9034	0
FoCotton	JH658037.1	58229	16077	16873	NC_030988.1	5634991	2825334	2826130	opposite	733	796	796	92.0854	0
FoCotton	JH658125.1	22170	9716	10164	NC_030988.1	5634991	2840892	2841335	same	432	448	443	96.4286	0
FoCotton	KK035757.1	1397	912	1397	NC_030988.1	5634991	2846819	2847304	same	474	485	485	97.7320	0
FoCotton	JH658033.1	59173	22806	24647	NC_030988.1	5634991	2847042	2848883	opposite	1712	1841	1841	92.9929	0
FoCotton	JH658132.1	22019	21696	22019	NC_030988.1	5634991	2904220	2904543	same	318	323	323	98.4520	0
FoCotton	KK035742.1	1493	289	858	NC_030988.1	5634991	2921718	2922285	same	554	570	567	97.1930	0
FoCotton	JH657978.1	171404	105594	110874	NC_030988.1	5634991	2928551	2933899	opposite	4793	5348	5348	89.6223	0
FoCotton	JH657978.1	171404	104144	105124	NC_030988.1	5634991	2934369	2935349	opposite	900	980	980	91.8367	0
FoCotton	JH657978.1	171404	101405	103582	NC_030988.1	5634991	2935911	2938087	opposite	1970	2177	2176	90.4915	0
FoCotton	JH657972.1	191548	52745	52978	NC_030988.1	5634991	2990573	2990806	same	231	233	233	99.1416	0
FoCotton	KK035230.1	75149	2489	6126	NC_030988.1	5634991	3003527	3007201	same	3419	3681	3674	92.8824	1
FoCotton	JH658104.1	25535	11102	11420	NC_030988.1	5634991	3015597	3015915	same	315	318	318	99.0566	0
FoCotton	JH657997.1	100508	91399	92641	NC_030988.1	5634991	3030311	3031553	opposite	1158	1244	1242	93.0868	0
FoCotton	JH658090.1	30509	14134	14419	NC_030988.1	5634991	3123682	3123967	opposite	279	285	285	97.8947	0
FoCotton	JH658153.1	15756	6678	8570	NC_030988.1	5634991	3162455	3164586	opposite	1652	1985	2131	83.2242	0
FoCotton	JH658133.1	20702	13762	14109	NC_030988.1	5634991	3162479	3162826	opposite	336	347	347	96.8300	0
FoCotton	JH658087.1	30642	17022	17954	NC_030988.1	5634991	3163455	3164379	opposite	872	939	924	92.8647	0
FoCotton	KK035483.1	4331	1012	2318	NC_030988.1	5634991	3169438	3170750	same	1249	1315	1312	94.9810	0
FoCotton	KK035571.1	2895	0	647	NC_030988.1	5634991	3184205	3184853	same	609	648	648	93.9815	0
FoCotton	JH658198.1	10210	7220	8810	NC_030988.1	5634991	3186552	3188138	opposite	1475	1590	1586	92.7673	0
FoCotton	JH658019.1	79820	55305	59360	NC_030988.1	5634991	3199901	3203643	same	3553	4153	3742	85.5526	0
FoCotton	JH658011.1	86016	70319	72954	NC_030988.1	5634991	3222017	3224656	same	2573	2639	2639	97.4991	0
FoCotton	JH658100.1	30125	20039	20509	NC_030988.1	5634991	3233689	3234159	same	469	470	470	99.7872	0
FoCotton	KK035414.1	6295	0	237	NC_030988.1	5634991	3233924	3234161	same	235	237	237	99.1561	0
FoCotton	KK035363.1	8250	7228	7755	NC_030988.1	5634991	3249966	3250493	opposite	497	527	527	94.3074	0
FoCotton	KK035687.1	1870	1328	1870	NC_030988.1	5634991	3259137	3259679	same	536	542	542	98.8930	0
FoCotton	JH658185.1	11053	9963	11053	NC_030988.1	5634991	3262688	3263778	opposite	1070	1090	1090	98.1651	0
FoCotton	KK035432.1	5683	0	244	NC_030988.1	5634991	3263577	3263821	same	241	244	244	98.7705	0
FoCotton	KK035262.1	22669	6138	7040	NC_030988.1	5634991	3265039	3265945	same	826	907	906	91.0695	0
FoCotton	JH658128.1	22048	699	2563	NC_030988.1	5634991	3306067	3307931	same	1833	1864	1864	98.3369	0
FoCotton	KK035419.1	6121	51	1858	NC_030988.1	5634991	3306094	3307931	same	1776	1837	1837	96.6794	0
FoCotton	JH658109.1	25186	0	980	NC_030988.1	5634991	3306858	3307838	same	928	980	980	94.6939	0
FoCotton	JH658125.1	22170	21306	22170	NC_030988.1	5634991	3324723	3325587	same	847	864	864	98.0324	0
FoCotton	KK035389.1	7318	525	1580	NC_030988.1	5634991	3337667	3338722	same	1050	1055	1055	99.5261	0
FoCotton	JH658073.1	33558	20845	22018	NC_030988.1	5634991	3371991	3373165	same	1092	1174	1174	93.0153	0
FoCotton	JH658243.1	6007	5767	6007	NC_030988.1	5634991	3392474	3392714	opposite	237	240	240	98.7500	0
FoCotton	JH658000.1	99639	50256	52079	NC_030988.1	5634991	3400127	3401941	opposite	1728	1832	1814	94.3231	0
FoCotton	KK035276.1	18357	3928	5951	NC_030988.1	5634991	3413831	3415907	same	1852	2115	2076	87.5650	0
FoCotton	KK035660.1	2053	11	2053	NC_030988.1	5634991	3441991	3444036	opposite	2022	2045	2045	98.8753	0
FoCotton	KK035584.1	2818	1314	2735	NC_030988.1	5634991	3505570	3506993	same	1386	1423	1423	97.3999	0
FoCotton	KK035241.1	43100	23706	24483	NC_030988.1	5634991	3510231	3511053	opposite	739	828	822	89.2512	23
FoCotton	JH658201.1	10062	4060	5913	NC_030988.1	5634991	3590062	3592051	same	1722	1989	1989	86.5762	0
FoCotton	JH658009.1	89445	65705	67557	NC_030988.1	5634991	3590063	3592051	opposite	1722	1988	1988	86.6197	0
FoCotton	JH658011.1	86016	9295	9813	NC_030988.1	5634991	3638667	3639183	same	499	519	516	96.1464	0
FoCotton	JH658053.1	44137	24533	26372	NC_030988.1	5634991	3640979	3642817	opposite	1792	1839	1838	97.4443	44
FoCotton	JH658095.1	27527	2322	3962	NC_030988.1	5634991	3641009	3642648	same	1565	1640	1639	95.4268	1
FoCotton	JH658253.1	6120	100	1836	NC_030988.1	5634991	3641068	3642803	same	1665	1736	1735	95.9101	15
FoCotton	JH657978.1	171404	170409	170889	NC_030988.1	5634991	3642338	3642817	opposite	460	480	479	95.8333	60
FoCotton	KK035284.1	17030	7460	8854	NC_030988.1	5634991	3669454	3670848	same	1372	1394	1394	98.4218	0
FoCotton	JH658084.1	33835	2725	3075	NC_030988.1	5634991	3791936	3792286	same	340	350	350	97.1429	60
FoCotton	JH658084.1	33835	6848	8069	NC_030988.1	5634991	3792408	3793632	same	1182	1224	1224	96.5686	25
FoCotton	JH658111.1	26171	1875	2737	NC_030988.1	5634991	3813078	3813947	opposite	831	869	869	95.6272	0
FoCotton	JH658202.1	10893	9983	10890	NC_030988.1	5634991	3867821	3868725	same	843	907	904	92.9438	0
FoCotton	JH658095.1	27527	4199	4853	NC_030988.1	5634991	3888137	3888792	opposite	625	655	655	95.4198	0
FoCotton	KK035251.1	31739	0	238	NC_030988.1	5634991	3982346	3982602	opposite	237	256	256	92.5781	0
FoCotton	KK035596.1	2698	215	617	NC_030988.1	5634991	3987099	3987501	same	394	402	402	98.0100	0
FoCotton	KK035372.1	7771	0	1425	NC_030988.1	5634991	3995933	3997355	opposite	1323	1425	1422	92.8421	0
FoCotton	KK035499.1	4015	38	2037	NC_030988.1	5634991	3997298	3999311	same	1872	2029	2013	92.2622	40
FoCotton	JH657978.1	171404	111442	116020	NC_030988.1	5634991	4005321	4009895	opposite	4521	4585	4574	98.6041	6
FoCotton	KK035338.1	10677	9977	10677	NC_030988.1	5634991	4009893	4010591	same	689	700	698	98.4286	0
FoCotton	JH658021.1	74742	0	1464	NC_030988.1	5634991	4071164	4072618	opposite	1433	1471	1454	97.4167	60
FoCotton	KK035430.1	5685	0	634	NC_030988.1	5634991	4071319	4071953	same	586	634	634	92.4290	13
FoCotton	JH658254.1	7022	1130	2960	NC_030988.1	5634991	4161612	4163442	same	1662	1833	1830	90.6710	0
FoCotton	JH658073.1	33558	6447	7457	NC_030988.1	5634991	4162430	4163440	opposite	932	1010	1010	92.2772	0
FoCotton	JH658217.1	9029	6586	8665	NC_030988.1	5634991	4163457	4165607	opposite	1909	2054	2150	92.9406	0
FoCotton	JH658011.1	86016	42655	43951	NC_030988.1	5634991	4178871	4180167	opposite	1255	1296	1296	96.8364	0
FoCotton	KK035372.1	7771	4702	7430	NC_030988.1	5634991	4183838	4186573	opposite	2555	2736	2735	93.3845	52
FoCotton	JH658170.1	14960	3313	5156	NC_030988.1	5634991	4232855	4234697	opposite	1813	1843	1842	98.3722	0
FoCotton	JH657983.1	148325	62891	63403	NC_030988.1	5634991	4234185	4234697	opposite	481	512	512	93.9453	0
FoCotton	JH658114.1	23478	0	346	NC_030988.1	5634991	4234853	4235199	opposite	341	346	346	98.5549	0
FoCotton	KK035528.1	3501	2783	3246	NC_030988.1	5634991	4246693	4247159	opposite	442	469	466	94.2431	0
FoCotton	KK035469.1	4548	3994	4548	NC_030988.1	5634991	4291194	4291748	opposite	542	554	554	97.8339	0
FoCotton	KK035287.1	16440	13331	15393	NC_030988.1	5634991	4302328	4304381	opposite	1943	2066	2053	94.0465	25
FoCotton	KK035287.1	16440	5160	11348	NC_030988.1	5634991	4306380	4312554	opposite	5821	6211	6174	93.7208	23
FoCotton	KK035287.1	16440	92	4484	NC_030988.1	5634991	4314778	4318628	opposite	3589	4407	3850	81.4386	0
FoCotton	KK035312.1	13076	5787	6130	NC_030988.1	5634991	4334331	4334673	opposite	324	355	342	91.2676	12
FoCotton	KK035758.1	1381	0	1381	NC_030988.1	5634991	4382242	4383623	opposite	1370	1381	1381	99.2035	16
FoCotton	KK035270.1	19803	15540	19025	NC_030988.1	5634991	4393258	4396759	same	3318	3505	3501	94.6648	43
FoCotton	JH658181.1	11844	3084	5566	NC_030988.1	5634991	4458281	4460764	opposite	2427	2483	2483	97.7447	0
FoCotton	JH658240.1	6946	2855	6946	NC_030988.1	5634991	4464920	4469077	opposite	3851	4066	4157	94.7122	0
FoCotton	JH658162.1	13325	5895	6898	NC_030988.1	5634991	4469293	4470296	same	972	1005	1003	96.7164	0
FoCotton	JH658174.1	18930	10448	10679	NC_030988.1	5634991	4479980	4480211	same	230	231	231	99.5671	0
FoCotton	JH658097.1	27353	26076	27353	NC_030988.1	5634991	4483586	4484863	opposite	1224	1277	1277	95.8496	0
FoCotton	JH658068.1	36695	472	1053	NC_030988.1	5634991	4488714	4489295	same	568	581	581	97.7625	0
FoCotton	JH658068.1	36695	4675	13669	NC_030988.1	5634991	4489965	4498238	same	8014	8916	8273	89.8834	60
FoCotton	JH658097.1	27353	12327	14880	NC_030988.1	5634991	4496820	4499352	opposite	2363	2554	2532	92.5215	0
FoCotton	JH658097.1	27353	0	4991	NC_030988.1	5634991	4499816	4504807	opposite	4710	5002	4991	94.1623	10
FoCotton	JH658068.1	36695	16361	24735	NC_030988.1	5634991	4500220	4505833	same	5494	8075	5613	68.0372	60
FoCotton	KK035370.1	7802	1815	5532	NC_030988.1	5634991	4515103	4518848	same	3542	3758	3745	94.2523	0
FoCotton	KK035527.1	3519	129	3474	NC_030988.1	5634991	4534190	4537539	opposite	3016	3349	3349	90.0567	0
FoCotton	JH657995.1	102212	66160	84209	NC_030988.1	5634991	4584846	4597285	opposite	11969	18048	12439	66.3176	19
FoCotton	JH657995.1	102212	42876	43591	NC_030988.1	5634991	4627583	4628347	opposite	688	766	764	89.8172	60
FoCotton	JH658023.1	73102	0	2746	NC_030988.1	5634991	4678236	4680979	opposite	2633	2746	2743	95.8849	12
FoCotton	JH657995.1	102212	280	2162	NC_030988.1	5634991	4679174	4681054	opposite	1805	1882	1880	95.9086	60
FoCotton	KK035673.1	1916	0	1916	NC_030988.1	5634991	4686142	4688052	opposite	1890	1916	1910	98.6430	60
FoCotton	KK035367.1	8033	5453	8021	NC_030988.1	5634991	4688050	4690617	opposite	2509	2568	2567	97.7025	60
FoCotton	JH658026.1	71206	68641	71206	NC_030988.1	5634991	4688053	4690617	opposite	2501	2565	2564	97.5049	60
FoCotton	JH658026.1	71206	65820	67441	NC_030988.1	5634991	4691880	4693500	opposite	1603	1621	1620	98.8896	60
FoCotton	KK035367.1	8033	2727	4255	NC_030988.1	5634991	4691880	4693500	opposite	1486	1622	1620	91.6153	60
FoCotton	KK035367.1	8033	39	1606	NC_030988.1	5634991	4694819	4696348	opposite	1484	1567	1529	94.7033	60
FoCotton	JH658026.1	71206	62600	64699	NC_030988.1	5634991	4694819	4696917	opposite	2020	2105	2098	95.9620	60
FoCotton	KK035286.1	16507	224	10609	NC_030988.1	5634991	4696549	4706774	same	9790	10441	10225	93.7650	60
FoCotton	JH658026.1	71206	53268	60044	NC_030988.1	5634991	4700041	4706982	opposite	6533	6946	6941	94.0541	60
FoCotton	JH658050.1	42973	727	1703	NC_030988.1	5634991	4700082	4701061	opposite	900	979	979	91.9305	60
FoCotton	KK035286.1	16507	14244	16507	NC_030988.1	5634991	4711244	4713507	same	2220	2263	2263	98.0999	60
FoCotton	JH658026.1	71206	45643	49343	NC_030988.1	5634991	4711244	4714945	opposite	3607	3701	3701	97.4601	60
FoCotton	JH658026.1	71206	37572	43659	NC_030988.1	5634991	4716531	4719302	opposite	2569	5614	2771	45.7606	60
FoCotton	JH658026.1	71206	0	1803	NC_030988.1	5634991	4722782	4724579	same	1699	1805	1797	94.1274	60
FoCotton	KK035240.1	44318	11661	19775	NC_030988.1	5634991	4726631	4734730	same	7715	8123	8099	94.9772	60
FoCotton	JH658004.1	98198	17785	22811	NC_030988.1	5634991	4733000	4736337	opposite	3195	5026	3337	63.5694	60
FoCotton	KK035240.1	44318	23080	34544	NC_030988.1	5634991	4736256	4753759	same	11188	17523	17503	63.8475	60
FoCotton	JH658004.1	98198	12977	17389	NC_030988.1	5634991	4736735	4741135	opposite	4186	4428	4400	94.5348	60
FoCotton	JH658103.1	32432	13617	16710	NC_030988.1	5634991	4744353	4747449	same	2948	3097	3096	95.1889	60
FoCotton	KK035516.1	3701	1612	3701	NC_030988.1	5634991	4745289	4747378	opposite	2060	2089	2089	98.6118	60
FoCotton	KK035262.1	22669	0	628	NC_030988.1	5634991	4746820	4747449	same	621	629	629	98.7281	60
FoCotton	JH658004.1	98198	9196	10850	NC_030988.1	5634991	4747476	4749132	opposite	1520	1660	1656	91.5663	60
FoCotton	JH658004.1	98198	6537	8134	NC_030988.1	5634991	4749853	4751453	opposite	1509	1600	1600	94.3125	60
FoCotton	JH658004.1	98198	4481	6173	NC_030988.1	5634991	4751821	4753515	opposite	1611	1694	1694	95.1004	60
FoCotton	KK035398.1	6949	2223	3050	NC_030988.1	5634991	4762341	4763166	same	792	828	825	95.6522	60
FoCotton	JH658008.1	87225	63545	64494	NC_030988.1	5634991	4762341	4763287	opposite	907	949	946	95.5743	1
FoCotton	KK035240.1	44318	35902	44090	NC_030988.1	5634991	4768656	4777232	same	7855	8603	8576	91.3054	60
FoCotton	JH658004.1	98198	0	2525	NC_030988.1	5634991	4768657	4771183	opposite	2444	2526	2526	96.7538	60
FoCotton	JH658063.1	46251	1025	12835	NC_030988.1	5634991	4776549	4788371	same	11461	11857	11822	96.6602	60
FoCotton	KK035362.1	8524	0	8524	NC_030988.1	5634991	4779982	4788689	same	8088	8714	8707	92.8162	60
FoCotton	KK035704.1	1747	0	1747	NC_030988.1	5634991	4791547	4793274	opposite	1655	1748	1727	94.6796	53
FoCotton	JH658177.1	12969	27	2480	NC_030988.1	5634991	4797568	4799974	same	2243	2453	2406	91.4391	35
FoCotton	JH658177.1	12969	4131	12969	NC_030988.1	5634991	4800273	4807993	same	7448	7837	7720	95.0364	60
FoCotton	JH658063.1	46251	33578	35442	NC_030988.1	5634991	4805271	4807124	same	1709	1866	1853	91.5863	60
FoCotton	JH658063.1	46251	40667	46244	NC_030988.1	5634991	4809699	4815271	same	5522	5580	5572	98.9606	60
FoCotton	JH658155.1	20552	3721	8859	NC_030988.1	5634991	4811922	4817522	opposite	4826	5512	5600	87.5544	60
FoCotton	JH658127.1	21339	0	11249	NC_030988.1	5634991	4821146	4832072	same	10322	10874	10926	94.9237	60
FoCotton	KK035352.1	9147	6606	9147	NC_030988.1	5634991	4824174	4826721	opposite	2420	2585	2547	93.6170	60
FoCotton	JH658190.1	10861	1059	3353	NC_030988.1	5634991	4824717	4826989	opposite	2129	2305	2272	92.3644	60
FoCotton	KK035458.1	4686	811	4686	NC_030988.1	5634991	4828669	4832523	opposite	3654	3875	3854	94.2968	59
FoCotton	JH658127.1	21339	14236	17495	NC_030988.1	5634991	4833969	4837270	same	3186	3302	3301	96.4870	60
FoCotton	JH658068.1	36695	25048	36695	NC_030988.1	5634991	4836072	4848403	opposite	11506	12337	12331	93.2642	60
FoCotton	JH658242.1	6109	4017	4995	NC_030988.1	5634991	4842232	4843206	same	916	978	974	93.6605	60
FoCotton	KK035370.1	7802	369	1340	NC_030988.1	5634991	4842235	4843206	opposite	911	971	971	93.8208	60
FoCotton	JH658242.1	6109	5193	5989	NC_030988.1	5634991	4843318	4844106	same	765	796	788	96.1055	45
FoCotton	KK035520.1	3609	1719	3465	NC_030988.1	5634991	4846076	4847821	same	1662	1752	1745	94.8630	60
FoCotton	KK035638.1	2251	0	1862	NC_030988.1	5634991	4846503	4848395	same	1748	1900	1892	92.0000	60
FoCotton	JH658141.1	18827	7	14014	NC_030988.1	5634991	4854075	4864166	same	9689	13922	10091	69.5949	60
FoCotton	JH658141.1	18827	14590	18827	NC_030988.1	5634991	4864670	4868456	same	3730	4028	3786	92.6018	60
FoCotton	KK035485.1	4310	2455	3249	NC_030988.1	5634991	4865613	4866408	same	755	795	795	94.9686	60
FoCotton	JH658082.1	31385	26688	28134	NC_030988.1	5634991	4871521	4872968	opposite	1400	1447	1447	96.7519	60
FoCotton	JH658174.1	18930	13880	18930	NC_030988.1	5634991	4878123	4884057	opposite	4943	5939	5934	83.2295	60
FoCotton	JH658264.1	3782	2748	3772	NC_030988.1	5634991	4883009	4884033	same	997	1024	1024	97.3633	60
FoCotton	JH658174.1	18930	0	1969	NC_030988.1	5634991	4894747	4896716	opposite	1928	1969	1969	97.9177	60
FoCotton	KK035631.1	2322	0	307	NC_030988.1	5634991	4897794	4898101	same	299	307	307	97.3941	0
FoCotton	JH658240.1	6946	0	1550	NC_030988.1	5634991	4899266	4900822	same	1481	1556	1556	95.1799	60
FoCotton	JH658140.1	19267	1105	3435	NC_030988.1	5634991	4907587	4909917	same	2203	2337	2330	94.2662	60
FoCotton	JH658228.1	7059	0	2339	NC_030988.1	5634991	4909235	4911568	same	2258	2342	2333	96.4133	60
FoCotton	JH658228.1	7059	4206	6902	NC_030988.1	5634991	4913912	4916596	same	2523	2698	2684	93.5137	33
FoCotton	JH658181.1	11844	7220	11844	NC_030988.1	5634991	4915035	4919652	same	4466	4639	4617	96.2707	60
FoCotton	KK035328.1	11437	4306	11437	NC_030988.1	5634991	4917404	4924499	opposite	6602	7148	7095	92.3615	60
FoCotton	JH658140.1	19267	10062	16945	NC_030988.1	5634991	4918052	4925758	same	6472	7627	7706	84.8564	60
FoCotton	JH658257.1	5003	0	5003	NC_030988.1	5634991	4920154	4924009	opposite	3641	3766	3855	96.6808	57
FoCotton	JH658156.1	16479	0	3595	NC_030988.1	5634991	4920448	4923890	same	3297	3600	3442	91.5833	60
FoCotton	JH658156.1	16479	5894	7797	NC_030988.1	5634991	4923888	4925811	same	1850	1924	1923	96.1538	60
FoCotton	KK035328.1	11437	942	3423	NC_030988.1	5634991	4925243	4927717	opposite	2290	2485	2474	92.1529	60
FoCotton	JH658156.1	16479	10538	15168	NC_030988.1	5634991	4930030	4934546	same	4313	4738	4516	91.0300	60
FoCotton	KK035505.1	3877	0	3877	NC_030988.1	5634991	4930611	4934493	opposite	3791	3888	3882	97.5051	60
FoCotton	JH658116.1	23159	16320	18293	NC_030988.1	5634991	4932443	4934773	same	1860	2357	2330	78.9139	60
FoCotton	JH658057.1	40519	36851	37719	NC_030988.1	5634991	4933309	4934175	opposite	811	872	866	93.0046	60
FoCotton	JH658057.1	40519	33130	36853	NC_030988.1	5634991	4934549	4936906	opposite	2284	3729	2357	61.2497	60
FoCotton	JH658017.1	87296	71130	73250	NC_030988.1	5634991	4934772	4936896	same	2027	2126	2124	95.3434	60
FoCotton	KK035329.1	11109	0	2026	NC_030988.1	5634991	4934868	4936896	same	1927	2032	2028	94.8327	60
FoCotton	KK035329.1	11109	6211	6559	NC_030988.1	5634991	4937017	4937363	same	336	348	346	96.5517	60
FoCotton	JH658017.1	87296	77416	77807	NC_030988.1	5634991	4937027	4937418	same	376	391	391	96.1637	60
FoCotton	JH658018.1	77205	3745	5083	NC_030988.1	5634991	4941318	4942655	opposite	1263	1338	1337	94.3946	60
FoCotton	KK035635.1	2297	241	2297	NC_030988.1	5634991	4942817	4944872	same	1968	2060	2055	95.5340	60
FoCotton	KK035810.1	1190	56	331	NC_030988.1	5634991	4947248	4947523	same	270	275	275	98.1818	60
FoCotton	JH658132.1	22019	2923	3842	NC_030988.1	5634991	4963975	4964897	same	914	922	922	99.1323	39
FoCotton	JH657996.1	99969	11317	12981	NC_030988.1	5634991	4965466	4967145	opposite	1589	1679	1679	94.6397	60
FoCotton	JH658103.1	32432	7936	9482	NC_030988.1	5634991	4965971	4967505	same	1492	1549	1534	96.3202	60
FoCotton	JH658040.1	55028	6684	7698	NC_030988.1	5634991	4966167	4967187	same	939	1020	1020	92.0588	60
FoCotton	JH658000.1	99639	46256	49063	NC_030988.1	5634991	4973377	4976188	opposite	2731	2811	2811	97.1540	60
FoCotton	JH657978.1	171404	170996	171404	NC_030988.1	5634991	4976740	4977148	same	397	409	408	97.0660	60
FoCotton	JH658052.1	45501	23753	24119	NC_030988.1	5634991	4976770	4977135	same	353	366	365	96.4481	60
FoCotton	JH658111.1	26171	8719	9363	NC_030988.1	5634991	4977162	4977806	opposite	602	644	644	93.4783	60
FoCotton	JH658113.1	23815	13225	14730	NC_030988.1	5634991	4977181	4978696	same	1375	1516	1515	90.6992	32
FoCotton	JH658041.1	58569	22420	24034	NC_030988.1	5634991	4977243	4978857	opposite	1488	1614	1614	92.1933	60
FoCotton	KK035498.1	4029	1367	2662	NC_030988.1	5634991	4977503	4978798	same	1202	1295	1295	92.8185	60
FoCotton	JH658250.1	5614	2747	3308	NC_030988.1	5634991	4985899	4986460	opposite	535	562	561	95.1957	60
FoCotton	JH658138.1	21495	2379	4240	NC_030988.1	5634991	4985899	4987759	same	1784	1862	1860	95.8110	60
FoCotton	JH658250.1	5614	406	2225	NC_030988.1	5634991	4987116	4988641	opposite	1459	1844	1525	79.1215	60
FoCotton	JH658011.1	86016	14476	14871	NC_030988.1	5634991	4990969	4991365	opposite	387	396	396	97.7273	39
FoCotton	KK035583.1	2844	15	1504	NC_030988.1	5634991	5000870	5002395	opposite	1397	1548	1525	90.2455	60
FoCotton	KK035515.1	3715	3434	3681	NC_030988.1	5634991	5003917	5004164	same	243	247	247	98.3806	34
FoCotton	JH658151.1	16271	5044	6041	NC_030988.1	5634991	5006794	5007791	opposite	903	997	997	90.5717	5
FoCotton	JH658094.1	29423	11272	14069	NC_030988.1	5634991	5007123	5009521	opposite	2277	2698	2398	84.3958	28
FoCotton	KK035438.1	5573	0	1430	NC_030988.1	5634991	5008094	5009525	same	1375	1431	1431	96.0867	60
FoCotton	KK035449.1	4979	255	780	NC_030988.1	5634991	5019520	5020045	same	494	526	525	93.9163	60
FoCotton	KK035255.1	27702	16927	18487	NC_030988.1	5634991	5037308	5038866	opposite	1533	1560	1558	98.2692	60
FoCotton	KK035429.1	5763	2629	4784	NC_030988.1	5634991	5037308	5039462	opposite	2108	2155	2154	97.8190	60
FoCotton	KK035476.1	4444	1512	2209	NC_030988.1	5634991	5090492	5091191	opposite	647	699	699	92.5608	60
FoCotton	JH658186.1	10995	5902	7002	NC_030988.1	5634991	5092047	5093147	opposite	1059	1100	1100	96.2727	59
FoCotton	KK035309.1	13988	4620	5672	NC_030988.1	5634991	5094954	5096010	opposite	997	1056	1056	94.4129	60
FoCotton	KK035397.1	7533	3620	3887	NC_030988.1	5634991	5099169	5099436	opposite	264	267	267	98.8764	60
FoCotton	KK035769.1	1396	1158	1396	NC_030988.1	5634991	5099301	5099539	opposite	238	238	238	100.0000	60
FoCotton	KK035334.1	10972	2920	4855	NC_030988.1	5634991	5099535	5101464	opposite	1896	1935	1929	97.9845	2
FoCotton	KK035255.1	27702	23772	24542	NC_030988.1	5634991	5100710	5101479	opposite	752	770	769	97.6623	60
FoCotton	KK035769.1	1396	0	1163	NC_030988.1	5634991	5101475	5102638	opposite	1154	1163	1163	99.2261	60
FoCotton	KK035397.1	7533	205	3624	NC_030988.1	5634991	5102543	5106130	opposite	3232	3587	3587	90.1032	60
FoCotton	KK035706.1	1755	185	1641	NC_030988.1	5634991	5110030	5111486	same	1443	1456	1456	99.1071	60
FoCotton	JH658210.1	9888	161	659	NC_030988.1	5634991	5111463	5111961	opposite	497	498	498	99.7992	60
FoCotton	JH658022.1	73370	23635	24139	NC_030988.1	5634991	5127868	5128351	opposite	461	504	483	91.4683	60
FoCotton	JH658086.1	31686	18796	22206	NC_030988.1	5634991	5133516	5136947	same	3309	3433	3431	96.3880	60
FoCotton	JH657996.1	99969	287	2894	NC_030988.1	5634991	5133629	5136253	same	2434	2642	2624	92.1272	60
FoCotton	JH658104.1	25535	12576	25506	NC_030988.1	5634991	5133629	5144592	opposite	10721	12975	10963	82.6281	60
FoCotton	JH658113.1	23815	9910	13048	NC_030988.1	5634991	5134183	5137328	same	2926	3168	3145	92.3611	60
FoCotton	JH658056.1	44044	542	1575	NC_030988.1	5634991	5139115	5140184	opposite	968	1071	1069	90.3828	60
FoCotton	KK035431.1	5726	279	2471	NC_030988.1	5634991	5146765	5148957	opposite	2155	2192	2192	98.3120	60
FoCotton	JH658041.1	58569	11642	13356	NC_030988.1	5634991	5150205	5151921	opposite	1655	1718	1716	96.3329	60
FoCotton	JH658016.1	79893	13875	14494	NC_030988.1	5634991	5172004	5172623	opposite	584	619	619	94.3457	60
FoCotton	KK035296.1	15047	0	1604	NC_030988.1	5634991	5179830	5181434	opposite	1588	1604	1604	99.0025	60
FoCotton	JH658067.1	35415	34598	35415	NC_030988.1	5634991	5179840	5180657	same	809	817	817	99.0208	60
FoCotton	JH658217.1	9029	8662	9029	NC_030988.1	5634991	5179857	5180224	same	363	367	367	98.9101	0
FoCotton	JH658219.1	8419	3042	6684	NC_030988.1	5634991	5186330	5189940	opposite	3503	3646	3610	96.0779	60
FoCotton	JH658217.1	9029	23	907	NC_030988.1	5634991	5192129	5193010	opposite	846	885	881	95.5932	57
FoCotton	KK035363.1	8250	5591	6690	NC_030988.1	5634991	5192138	5193235	same	1049	1100	1097	95.3636	60
FoCotton	JH658098.1	27399	189	799	NC_030988.1	5634991	5193554	5194164	opposite	577	610	610	94.5902	60
FoCotton	JH658019.1	79820	35700	36818	NC_030988.1	5634991	5193555	5194666	same	995	1018	1111	97.7407	60
FoCotton	KK035721.1	1682	444	1032	NC_030988.1	5634991	5193651	5194239	same	563	588	588	95.7483	60
FoCotton	JH658019.1	79820	70363	71116	NC_030988.1	5634991	5193913	5194666	opposite	737	753	753	97.8752	60
FoCotton	JH658019.1	79820	69611	70362	NC_030988.1	5634991	5197811	5198559	opposite	728	752	748	96.8085	60
FoCotton	JH658019.1	79820	36819	37572	NC_030988.1	5634991	5197811	5198561	same	729	754	750	96.6844	60
FoCotton	JH658138.1	21495	19957	20696	NC_030988.1	5634991	5197825	5198560	opposite	705	739	735	95.3992	60
FoCotton	JH658087.1	30642	21402	22071	NC_030988.1	5634991	5204846	5205515	same	619	669	669	92.5262	60
FoCotton	JH658104.1	25535	7007	8070	NC_030988.1	5634991	5204920	5205983	same	995	1063	1063	93.6030	60
FoCotton	KK035623.1	2362	1323	2271	NC_030988.1	5634991	5205035	5205983	opposite	867	948	948	91.4557	60
FoCotton	JH658044.1	55790	7731	10557	NC_030988.1	5634991	5214493	5217328	opposite	2686	2843	2835	94.4777	60
FoCotton	JH658194.1	11323	3833	5642	NC_030988.1	5634991	5219924	5221741	same	1660	1819	1817	91.2589	60
FoCotton	JH658098.1	27399	3983	4339	NC_030988.1	5634991	5220385	5220741	same	343	356	356	96.3483	60
FoCotton	JH658192.1	10557	85	1371	NC_030988.1	5634991	5222055	5223342	same	1231	1287	1287	95.6488	60
FoCotton	JH658037.1	58229	53638	54797	NC_030988.1	5634991	5225975	5227083	opposite	1030	1162	1108	88.6403	60
FoCotton	JH658000.1	99639	42150	43870	NC_030988.1	5634991	5234367	5236087	opposite	1682	1720	1720	97.7907	60
FoCotton	JH658057.1	40519	291	1310	NC_030988.1	5634991	5236490	5237491	same	979	1019	1001	96.0746	60
FoCotton	JH658120.1	25526	10630	15060	NC_030988.1	5634991	5238009	5242437	same	4268	4432	4428	96.2996	60
FoCotton	JH658076.1	33158	32635	33158	NC_030988.1	5634991	5247487	5248010	opposite	496	523	523	94.8375	0
FoCotton	JH658054.1	40292	19275	22211	NC_030988.1	5634991	5254862	5257798	same	2894	2936	2936	98.5695	60
FoCotton	JH658054.1	40292	26485	26712	NC_030988.1	5634991	5259392	5259619	same	225	227	227	99.1189	60
FoCotton	JH657972.1	191548	176538	178295	NC_030988.1	5634991	5266028	5267786	same	1649	1758	1758	93.7998	1
FoCotton	KK035390.1	7294	6001	7113	NC_030988.1	5634991	5266674	5267786	opposite	1052	1112	1112	94.6043	60
FoCotton	KK035334.1	10972	6879	7929	NC_030988.1	5634991	5266812	5267855	same	983	1050	1043	93.6190	60
FoCotton	JH657978.1	171404	155223	157199	NC_030988.1	5634991	5273458	5275415	same	1910	1976	1957	96.6599	1
FoCotton	KK035431.1	5726	5253	5561	NC_030988.1	5634991	5319817	5320125	same	299	308	308	97.0779	2
FoCotton	JH658011.1	86016	65030	65587	NC_030988.1	5634991	5325226	5325799	same	540	574	573	94.0767	60
FoCotton	KK035253.1	27786	7363	8302	NC_030988.1	5634991	5325226	5326098	same	831	940	872	88.4043	60
FoCotton	KK035296.1	15047	2935	4032	NC_030988.1	5634991	5325226	5326098	opposite	831	1098	872	75.6831	60
FoCotton	JH658033.1	59173	27377	32051	NC_030988.1	5634991	5328480	5333167	same	4377	4717	4687	92.7920	60
FoCotton	JH658009.1	89445	67657	68913	NC_030988.1	5634991	5351891	5353147	same	1227	1256	1256	97.6911	60
FoCotton	JH658184.1	11433	9665	11433	NC_030988.1	5634991	5367540	5369309	same	1741	1769	1769	98.4172	60
FoCotton	JH658173.1	13924	916	1442	NC_030988.1	5634991	5369662	5370188	opposite	517	526	526	98.2890	60
FoCotton	JH658110.1	24603	20543	20844	NC_030988.1	5634991	5369887	5370188	same	295	301	301	98.0066	60
FoCotton	JH657978.1	171404	57127	63618	NC_030988.1	5634991	5373493	5380078	opposite	6159	6440	6585	95.6366	60
FoCotton	JH658084.1	33835	23654	28680	NC_030988.1	5634991	5376674	5381754	opposite	4787	5087	5080	94.1026	60
FoCotton	KK035319.1	12418	5016	10012	NC_030988.1	5634991	5379326	5384347	same	4772	5025	5021	94.9652	60
FoCotton	JH658061.1	38139	26928	32550	NC_030988.1	5634991	5379392	5385015	opposite	5226	5661	5623	92.3158	60
FoCotton	JH657978.1	171404	52350	57097	NC_030988.1	5634991	5381470	5385015	opposite	3246	4662	3545	69.6268	60
FoCotton	JH657978.1	171404	65668	68716	NC_030988.1	5634991	5389029	5392253	opposite	2892	3242	3224	89.2042	60
FoCotton	JH658083.1	31903	6604	10511	NC_030988.1	5634991	5392401	5396315	opposite	3723	3922	3914	94.9261	60
FoCotton	KK035364.1	8168	3438	4595	NC_030988.1	5634991	5396999	5398155	opposite	1105	1162	1156	95.0947	60
FoCotton	KK035260.1	24340	19497	20232	NC_030988.1	5634991	5399976	5400716	opposite	694	741	740	93.6572	60
FoCotton	KK035260.1	24340	18362	19026	NC_030988.1	5634991	5400877	5401541	opposite	624	665	664	93.8346	60
FoCotton	KK035260.1	24340	15154	18334	NC_030988.1	5634991	5401605	5403627	opposite	1840	3198	2022	57.5360	52
FoCotton	JH658095.1	27527	7208	9876	NC_030988.1	5634991	5402981	5405625	same	2441	2692	2644	90.6761	60
FoCotton	KK035260.1	24340	12296	15083	NC_030988.1	5634991	5403693	5406463	opposite	2511	2817	2770	89.1374	60
FoCotton	KK035260.1	24340	7397	12082	NC_030988.1	5634991	5406556	5410250	opposite	3400	4715	3694	72.1103	60
FoCotton	JH658095.1	27527	11471	15060	NC_030988.1	5634991	5406644	5410250	same	3335	3621	3606	92.1016	60
FoCotton	JH657978.1	171404	85162	86649	NC_030988.1	5634991	5414705	5416171	opposite	1343	1503	1466	89.3546	60
FoCotton	JH658082.1	31385	810	2780	NC_030988.1	5634991	5417353	5419323	opposite	1828	1970	1970	92.7919	60
FoCotton	KK035280.1	17440	5569	7957	NC_030988.1	5634991	5421328	5423717	same	2172	2397	2389	90.6133	60
FoCotton	JH658067.1	35415	10581	11587	NC_030988.1	5634991	5428430	5429436	same	987	1006	1006	98.1113	1
FoCotton	JH658207.1	9628	0	926	NC_030988.1	5634991	5428861	5429820	same	891	961	959	92.7159	34
FoCotton	JH658044.1	55790	0	771	NC_030988.1	5634991	5429037	5429819	same	736	782	782	94.1176	60
FoCotton	JH658074.1	35225	0	713	NC_030988.1	5634991	5429127	5429806	same	635	715	679	88.8112	1
FoCotton	JH658211.1	8977	7497	8791	NC_030988.1	5634991	5432512	5433805	opposite	1285	1294	1293	99.3045	60
FoCotton	JH658211.1	8977	121	6821	NC_030988.1	5634991	5434470	5441169	opposite	6645	6700	6699	99.1791	60
FoCotton	JH658029.1	68105	62589	67910	NC_030988.1	5634991	5441161	5446651	opposite	5277	5491	5490	96.1027	60
FoCotton	JH657931.1	857877	6298	21829	NC_030988.1	5634991	5466843	5481561	opposite	14309	15552	14718	92.0075	60
FoCotton	JH658135.1	20451	13715	16062	NC_030988.1	5634991	5482958	5485303	same	2307	2348	2345	98.2538	60
FoCotton	KK035297.1	14975	13165	14975	NC_030988.1	5634991	5483495	5485303	opposite	1785	1811	1808	98.5643	60
FoCotton	KK035403.1	6684	184	891	NC_030988.1	5634991	5484596	5485303	same	701	707	707	99.1513	21
FoCotton	JH658024.1	70476	56063	57253	NC_030988.1	5634991	5494506	5495719	same	1081	1113	1213	97.1249	22
FoCotton	JH658185.1	11053	1405	1994	NC_030988.1	5634991	5494549	5495137	opposite	548	592	588	92.5676	60
FoCotton	KK035416.1	6251	3874	4234	NC_030988.1	5634991	5497305	5497665	same	350	360	360	97.2222	1
FoCotton	KK035687.1	1870	1022	1333	NC_030988.1	5634991	5497359	5497670	same	303	311	311	97.4277	37
FoCotton	JH658018.1	77205	24023	25816	NC_030988.1	5634991	5503886	5505684	opposite	1697	1798	1798	94.3826	33
FoCotton	KK035276.1	18357	7816	18263	NC_030988.1	5634991	5514212	5524659	opposite	10259	10466	10447	98.0222	1
FoCotton	KK035483.1	4331	192	769	NC_030988.1	5634991	5524807	5525385	same	561	578	578	97.0588	10
FoCotton	JH658089.1	31401	167	1081	NC_030988.1	5634991	5539527	5540407	opposite	836	934	880	89.5075	60
FoCotton	JH658110.1	24603	15389	16492	NC_030988.1	5634991	5569138	5570230	opposite	1087	1104	1092	98.4601	60
FoCotton	KK035391.1	7093	4827	6924	NC_030988.1	5634991	5576556	5578647	same	1905	2100	2091	90.7143	60
FoCotton	JH658136.1	19609	2031	2529	NC_030988.1	5634991	5590519	5591017	opposite	479	499	498	95.9920	60
FoCotton	JH658234.1	7080	720	2194	NC_030988.1	5634991	5595170	5596644	same	1454	1474	1474	98.6431	60
FoCotton	JH658218.1	8482	6786	8235	NC_030988.1	5634991	5609367	5610816	opposite	1424	1449	1449	98.2747	5
FoCotton	KK035434.1	5462	815	1578	NC_030988.1	5634991	5610047	5610810	same	721	764	763	94.3717	60
FoCotton	KK035731.1	1640	0	914	NC_030988.1	5634991	5613455	5614369	opposite	902	914	914	98.6871	60
FoCotton	JH658236.1	6661	0	6370	NC_030988.1	5634991	5614554	5620187	opposite	5327	6398	5633	83.2604	60
FoCotton	KK035323.1	12043	8991	12026	NC_030988.1	5634991	5620544	5623596	opposite	2837	3104	3052	91.3982	60
FoCotton	KK035547.1	3258	1482	3258	NC_030988.1	5634991	5622357	5624110	opposite	1737	1776	1753	97.8041	60
FoCotton	KK035818.1	1161	0	537	NC_030988.1	5634991	5622999	5623521	same	499	538	522	92.7509	60
FoCotton	KK035547.1	3258	93	1396	NC_030988.1	5634991	5624200	5625503	opposite	1299	1303	1303	99.6930	60
FoCotton	JH658011.1	86016	9857	10233	NC_030988.1	5634991	5625151	5625527	opposite	371	376	376	98.6702	60
FoCotton	JH657972.1	191548	150006	150532	NC_030988.1	5634991	5629138	5629664	same	491	526	526	93.3460	0
FoCotton	KK035268.1	20918	11921	12520	NC_030989.1	5212762	9921	10520	opposite	578	599	599	96.4942	60
FoCotton	KK035268.1	20918	178	11206	NC_030989.1	5212762	16630	27659	opposite	10546	11071	11029	95.2579	60
FoCotton	JH658007.1	88241	1491	16014	NC_030989.1	5212762	43280	55498	same	11839	12690	12218	93.2939	60
FoCotton	JH658007.1	88241	20618	22316	NC_030989.1	5212762	62399	64097	same	1675	1698	1698	98.6455	60
FoCotton	JH658007.1	88241	50728	62628	NC_030989.1	5212762	89026	100857	same	11366	11923	11831	95.3284	60
FoCotton	JH658007.1	88241	64215	78286	NC_030989.1	5212762	102451	116640	same	13639	14239	14189	95.7862	60
FoCotton	JH658007.1	88241	78366	82815	NC_030989.1	5212762	116728	121184	same	4273	4459	4456	95.8287	60
FoCotton	JH657955.1	254596	20801	41774	NC_030989.1	5212762	121811	136193	same	13636	20999	14382	64.9364	60
FoCotton	JH657955.1	254596	42331	48127	NC_030989.1	5212762	148465	154123	same	5379	5846	5658	92.0116	60
FoCotton	JH657955.1	254596	54447	60166	NC_030989.1	5212762	155579	159697	same	3762	4377	4118	85.9493	60
FoCotton	JH657955.1	254596	61024	61760	NC_030989.1	5212762	160566	161302	same	706	736	736	95.9239	60
FoCotton	JH657955.1	254596	72591	96146	NC_030989.1	5212762	184280	208219	same	22925	23947	23939	95.7322	60
FoCotton	JH657955.1	254596	97134	107835	NC_030989.1	5212762	208560	219482	same	9757	11601	10922	84.1048	60
FoCotton	JH657955.1	254596	108094	111956	NC_030989.1	5212762	219771	223634	same	3729	3864	3863	96.5062	60
FoCotton	JH657955.1	254596	118052	137807	NC_030989.1	5212762	224580	248126	same	19302	23557	23546	81.9374	60
FoCotton	JH657955.1	254596	143933	145701	NC_030989.1	5212762	250307	252075	same	1713	1768	1768	96.8891	60
FoCotton	JH657955.1	254596	146367	154884	NC_030989.1	5212762	252735	261027	same	8131	8524	8292	95.3895	60
FoCotton	JH657955.1	254596	155278	211244	NC_030989.1	5212762	261478	293968	same	31473	54802	32490	57.4304	60
FoCotton	JH657955.1	254596	211733	219452	NC_030989.1	5212762	294460	302183	same	7354	7770	7723	94.6461	60
FoCotton	JH657955.1	254596	219699	228975	NC_030989.1	5212762	305440	314707	same	8990	9281	9267	96.8646	60
FoCotton	JH657955.1	254596	229121	229777	NC_030989.1	5212762	314852	315508	same	630	656	656	96.0366	60
FoCotton	JH657955.1	254596	230553	250125	NC_030989.1	5212762	316373	336936	same	18956	20165	20563	94.0045	60
FoCotton	JH657955.1	254596	250592	252038	NC_030989.1	5212762	337403	338844	same	1367	1447	1441	94.4713	60
FoCotton	JH657955.1	254596	253958	254530	NC_030989.1	5212762	340875	341447	same	554	572	572	96.8531	60
FoCotton	JH657920.1	1854677	1851184	1854623	NC_030989.1	5212762	341459	344908	opposite	3275	3450	3449	94.9275	60
FoCotton	JH657920.1	1854677	1829256	1849753	NC_030989.1	5212762	345834	366064	opposite	19589	20511	20230	95.5049	60
FoCotton	JH657920.1	1854677	1770452	1816541	NC_030989.1	5212762	378878	422925	opposite	42985	46274	44047	92.8923	60
FoCotton	JH657920.1	1854677	1765110	1768529	NC_030989.1	5212762	435940	439422	opposite	3261	3489	3482	93.4652	60
FoCotton	JH657920.1	1854677	1756081	1764296	NC_030989.1	5212762	439618	447840	opposite	8075	8224	8222	98.1882	60
FoCotton	JH657920.1	1854677	1735049	1756019	NC_030989.1	5212762	447909	468862	opposite	20687	20995	20953	98.5330	60
FoCotton	JH657920.1	1854677	1721805	1731407	NC_030989.1	5212762	472734	482328	opposite	9500	9609	9594	98.8656	60
FoCotton	JH657920.1	1854677	1719561	1721593	NC_030989.1	5212762	482741	484774	opposite	2012	2034	2033	98.9184	60
FoCotton	JH657920.1	1854677	1518288	1718817	NC_030989.1	5212762	485588	685358	opposite	194482	202629	199770	95.9794	60
FoCotton	JH657920.1	1854677	1502072	1518181	NC_030989.1	5212762	685477	701591	opposite	15902	16119	16114	98.6538	60
FoCotton	JH657920.1	1854677	1319469	1497150	NC_030989.1	5212762	706171	883869	opposite	175204	177976	177698	98.4425	60
FoCotton	JH657920.1	1854677	1298606	1319168	NC_030989.1	5212762	884011	904545	opposite	20333	20590	20534	98.7518	60
FoCotton	JH657920.1	1854677	1227262	1298379	NC_030989.1	5212762	904757	975355	opposite	69318	71270	70598	97.2611	60
FoCotton	JH657920.1	1854677	1166294	1226689	NC_030989.1	5212762	976551	1037066	opposite	59745	60622	60515	98.5533	60
FoCotton	JH657920.1	1854677	1032634	1166203	NC_030989.1	5212762	1037178	1170762	opposite	131883	133890	133584	98.5010	60
FoCotton	JH657920.1	1854677	995108	1027108	NC_030989.1	5212762	1176356	1208360	opposite	31665	32028	32004	98.8666	60
FoCotton	JH657920.1	1854677	966762	994947	NC_030989.1	5212762	1208547	1236722	opposite	27971	28201	28175	99.1844	60
FoCotton	JH657920.1	1854677	958778	966675	NC_030989.1	5212762	1236810	1244708	opposite	7835	7900	7898	99.1772	60
FoCotton	JH657920.1	1854677	836747	958591	NC_030989.1	5212762	1244904	1367001	opposite	120348	122039	122097	98.6144	60
FoCotton	JH657920.1	1854677	830248	835864	NC_030989.1	5212762	1367961	1373575	opposite	5585	5617	5614	99.4303	60
FoCotton	JH657920.1	1854677	796750	830132	NC_030989.1	5212762	1373691	1407053	opposite	33014	33429	33362	98.7586	60
FoCotton	JH657920.1	1854677	766414	796650	NC_030989.1	5212762	1407151	1437465	opposite	29985	30237	30314	99.1666	60
FoCotton	JH657920.1	1854677	643618	763718	NC_030989.1	5212762	1440340	1560323	opposite	118865	120213	119983	98.8787	60
FoCotton	JH657932.1	836366	726697	771075	NC_030989.1	5212762	1560314	1602757	opposite	41830	44409	42443	94.1926	60
FoCotton	JH657932.1	836366	687531	726361	NC_030989.1	5212762	1603191	1642020	opposite	38281	38940	38829	98.3077	60
FoCotton	JH657932.1	836366	539295	687418	NC_030989.1	5212762	1647494	1795353	opposite	146489	148182	147859	98.8575	60
FoCotton	JH657932.1	836366	534017	538192	NC_030989.1	5212762	1796692	1800878	opposite	4113	4191	4186	98.1389	60
FoCotton	JH657932.1	836366	530381	533304	NC_030989.1	5212762	1801648	1804577	opposite	2909	2930	2929	99.2833	60
FoCotton	JH657932.1	836366	525759	527163	NC_030989.1	5212762	1807841	1809242	opposite	1361	1405	1401	96.8683	60
FoCotton	JH657932.1	836366	524823	525270	NC_030989.1	5212762	1809904	1810352	opposite	439	449	448	97.7728	60
FoCotton	JH657932.1	836366	385422	524292	NC_030989.1	5212762	1810895	1949030	opposite	136749	139088	138135	98.3183	60
FoCotton	JH657932.1	836366	320703	384945	NC_030989.1	5212762	1949335	2013098	opposite	63186	64278	63763	98.3011	60
FoCotton	JH657932.1	836366	251814	320472	NC_030989.1	5212762	2013317	2081994	opposite	68199	68716	68677	99.2476	60
FoCotton	JH657932.1	836366	90561	251650	NC_030989.1	5212762	2082158	2243201	opposite	159564	161227	161043	98.9685	60
FoCotton	JH657932.1	836366	77972	90401	NC_030989.1	5212762	2243357	2255807	opposite	12328	12457	12450	98.9644	60
FoCotton	JH657932.1	836366	63952	76909	NC_030989.1	5212762	2256849	2269835	opposite	12872	12988	12986	99.1069	60
FoCotton	JH657932.1	836366	12008	63772	NC_030989.1	5212762	2270015	2321880	opposite	51228	51677	51865	99.1311	60
FoCotton	JH657932.1	836366	5972	11170	NC_030989.1	5212762	2322863	2328038	opposite	5080	5227	5175	97.1877	60
FoCotton	JH657948.1	329385	277498	318041	NC_030989.1	5212762	2329038	2369608	opposite	40145	40505	40570	99.1112	60
FoCotton	JH657948.1	329385	91576	276995	NC_030989.1	5212762	2370133	2555580	opposite	179843	185342	185447	97.0331	60
FoCotton	JH657948.1	329385	71299	73423	NC_030989.1	5212762	2562725	2564858	opposite	2012	2133	2133	94.3272	60
FoCotton	JH657948.1	329385	70254	70494	NC_030989.1	5212762	2565667	2565907	opposite	238	240	240	99.1667	60
FoCotton	JH657948.1	329385	58594	69905	NC_030989.1	5212762	2566242	2577514	opposite	11063	11320	11272	97.7297	60
FoCotton	JH657948.1	329385	17101	57349	NC_030989.1	5212762	2578797	2619044	opposite	39632	40311	40247	98.3156	60
FoCotton	JH657948.1	329385	8914	16934	NC_030989.1	5212762	2619222	2626801	opposite	7464	7932	7579	94.0998	60
FoCotton	JH657948.1	329385	0	4730	NC_030989.1	5212762	2630424	2635844	opposite	4532	5429	5420	83.4776	60
FoCotton	JH657998.1	99701	60	22788	NC_030989.1	5212762	2635848	2658591	same	22331	22759	22743	98.1194	60
FoCotton	JH657998.1	99701	24256	99615	NC_030989.1	5212762	2658593	2731805	same	70142	76942	73212	91.1622	60
FoCotton	KK035229.1	74984	50	8182	NC_030989.1	5212762	2731794	2739930	same	7957	8138	8136	97.7759	60
FoCotton	KK035229.1	74984	11989	74799	NC_030989.1	5212762	2741347	2804992	same	61173	63948	63645	95.6605	60
FoCotton	JH657958.1	246402	203357	246363	NC_030989.1	5212762	2804985	2847888	opposite	40690	43749	42903	93.0078	60
FoCotton	JH657958.1	246402	105070	203018	NC_030989.1	5212762	2848354	2943219	opposite	91464	99395	94865	92.0207	60
FoCotton	JH657958.1	246402	119	103782	NC_030989.1	5212762	2951741	3068210	opposite	101164	116734	116469	86.6620	60
FoCotton	KK035223.1	95269	123	25297	NC_030989.1	5212762	3068423	3095882	same	24061	28082	27459	85.6812	60
FoCotton	KK035223.1	95269	27176	70148	NC_030989.1	5212762	3097059	3142759	same	42083	45730	45700	92.0249	60
FoCotton	JH658057.1	40519	27246	28363	NC_030989.1	5212762	3100318	3101438	same	1067	1120	1120	95.2679	60
FoCotton	KK035223.1	95269	70370	95167	NC_030989.1	5212762	3142983	3167798	same	24330	24841	24815	97.9429	60
FoCotton	KK035225.1	87462	215	87387	NC_030989.1	5212762	3167789	3268833	opposite	85075	101120	101044	84.1327	60
FoCotton	KK035235.1	56995	1	8618	NC_030989.1	5212762	3268854	3277515	same	8201	8870	8661	92.4577	60
FoCotton	KK035235.1	56995	9652	10939	NC_030989.1	5212762	3278395	3279679	same	1193	1292	1284	92.3375	60
FoCotton	KK035235.1	56995	11376	14548	NC_030989.1	5212762	3280006	3283157	same	3007	3179	3151	94.5895	60
FoCotton	KK035235.1	56995	15237	46541	NC_030989.1	5212762	3283872	3315251	same	30596	31427	31379	97.3558	60
FoCotton	KK035235.1	56995	48454	50284	NC_030989.1	5212762	3316204	3318044	same	1775	1840	1840	96.4674	60
FoCotton	KK035235.1	56995	51143	56941	NC_030989.1	5212762	3318910	3324685	same	5557	5802	5775	95.7773	60
FoCotton	KK035213.1	154499	108333	154422	NC_030989.1	5212762	3324677	3373460	opposite	45459	48835	48783	93.0869	60
FoCotton	KK035213.1	154499	74856	108271	NC_030989.1	5212762	3373547	3406573	opposite	32591	33454	33026	97.4203	60
FoCotton	KK035213.1	154499	56035	74371	NC_030989.1	5212762	3406781	3425510	opposite	17951	18746	18729	95.7591	60
FoCotton	KK035213.1	154499	54640	56035	NC_030989.1	5212762	3425510	3426905	same	1356	1395	1395	97.2043	60
FoCotton	KK035213.1	154499	6790	54640	NC_030989.1	5212762	3426905	3474718	opposite	46838	47929	47813	97.7237	60
FoCotton	KK035213.1	154499	5045	6409	NC_030989.1	5212762	3475234	3476599	opposite	1337	1365	1365	97.9487	60
FoCotton	KK035213.1	154499	98	3000	NC_030989.1	5212762	3478512	3481415	opposite	2848	2903	2903	98.1054	60
FoCotton	KK035227.1	75475	13989	75376	NC_030989.1	5212762	3481405	3542460	opposite	54547	66025	61055	82.6157	60
FoCotton	JH658011.1	86016	0	242	NC_030989.1	5212762	3514872	3515114	same	241	242	242	99.5868	1
FoCotton	KK035227.1	75475	44	13572	NC_030989.1	5212762	3542967	3556406	opposite	13190	13538	13439	97.4295	60
FoCotton	KK035211.1	397987	148	45461	NC_030989.1	5212762	3556397	3601717	same	44609	45484	45320	98.0762	60
FoCotton	KK035211.1	397987	45707	137632	NC_030989.1	5212762	3601911	3694716	same	91099	92801	92805	98.1660	60
FoCotton	KK035211.1	397987	137741	227234	NC_030989.1	5212762	3694830	3784471	same	88653	89498	89641	99.0558	60
FoCotton	KK035211.1	397987	227459	257083	NC_030989.1	5212762	3784708	3814283	same	29226	29684	29575	98.4571	60
FoCotton	KK035211.1	397987	257264	273438	NC_030989.1	5212762	3814481	3830665	same	16025	16198	16184	98.9320	60
FoCotton	KK035211.1	397987	273725	297873	NC_030989.1	5212762	3830932	3855104	same	23979	24179	24172	99.1728	60
FoCotton	KK035211.1	397987	299182	375917	NC_030989.1	5212762	3856476	3933937	same	76012	77479	77461	98.1066	60
FoCotton	KK035211.1	397987	376343	395165	NC_030989.1	5212762	3934499	3953338	same	18676	18844	18839	99.1085	60
FoCotton	JH657920.1	1854677	625424	640698	NC_030989.1	5212762	3953329	3968575	opposite	15071	15286	15246	98.5935	60
FoCotton	JH657920.1	1854677	609691	623835	NC_030989.1	5212762	3970203	3984357	opposite	13868	14172	14154	97.8549	60
FoCotton	JH657920.1	1854677	576788	609102	NC_030989.1	5212762	3984947	4017268	opposite	32013	32363	32321	98.9185	60
FoCotton	JH657920.1	1854677	573238	576591	NC_030989.1	5212762	4017571	4020929	opposite	3318	3360	3358	98.7500	60
FoCotton	JH657920.1	1854677	525031	572388	NC_030989.1	5212762	4021939	4069377	opposite	46969	47452	47438	98.9821	60
FoCotton	JH657920.1	1854677	393799	524808	NC_030989.1	5212762	4069624	4200453	opposite	127233	132203	130829	96.2406	60
FoCotton	JH657920.1	1854677	392648	393739	NC_030989.1	5212762	4202584	4203668	opposite	1031	1092	1084	94.4139	60
FoCotton	JH657920.1	1854677	350225	391718	NC_030989.1	5212762	4204563	4245217	opposite	39865	41401	40654	96.2899	60
FoCotton	JH657920.1	1854677	337873	349890	NC_030989.1	5212762	4245472	4257593	opposite	11861	12012	12121	98.7429	60
FoCotton	JH657920.1	1854677	319614	331318	NC_030989.1	5212762	4260663	4272371	opposite	11538	11709	11708	98.5396	60
FoCotton	JH657920.1	1854677	241440	319426	NC_030989.1	5212762	4272567	4350128	opposite	76191	78312	77561	97.2916	60
FoCotton	JH657920.1	1854677	238541	241379	NC_030989.1	5212762	4350409	4353281	opposite	2801	2876	2872	97.3922	60
FoCotton	JH657920.1	1854677	48951	237863	NC_030989.1	5212762	4353440	4542013	opposite	185842	189161	188573	98.2454	60
FoCotton	JH657920.1	1854677	32444	34638	NC_030989.1	5212762	4565764	4567955	opposite	2150	2194	2191	97.9945	60
FoCotton	JH657920.1	1854677	100	30692	NC_030989.1	5212762	4569641	4600265	opposite	30047	30646	30624	98.0454	60
FoCotton	KK035216.1	144751	125420	144660	NC_030989.1	5212762	4600260	4619508	opposite	18856	19259	19248	97.9075	60
FoCotton	KK035216.1	144751	103949	125039	NC_030989.1	5212762	4619706	4640758	opposite	20527	21096	21052	97.3028	60
FoCotton	KK035216.1	144751	99055	102133	NC_030989.1	5212762	4647261	4650343	opposite	2930	3086	3082	94.9449	60
FoCotton	KK035216.1	144751	91441	97442	NC_030989.1	5212762	4650451	4656449	opposite	5810	6047	5998	96.0807	60
FoCotton	KK035216.1	144751	30037	68343	NC_030989.1	5212762	4659600	4702764	opposite	37426	43224	43164	86.5862	60
FoCotton	KK035216.1	144751	14582	29626	NC_030989.1	5212762	4703175	4718228	opposite	14685	15065	15053	97.4776	60
FoCotton	KK035216.1	144751	183	14059	NC_030989.1	5212762	4718819	4732665	opposite	13462	13879	13846	96.9955	60
FoCotton	KK035325.1	11879	15	11806	NC_030989.1	5212762	4732664	4745127	opposite	11499	12491	12463	92.0583	60
FoCotton	KK035371.1	7772	0	6358	NC_030989.1	5212762	4745645	4752027	same	6112	6397	6382	95.5448	60
FoCotton	KK035381.1	7500	1210	6720	NC_030989.1	5212762	4757458	4762966	opposite	5316	5512	5508	96.4441	60
FoCotton	KK035368.1	7985	2140	6702	NC_030989.1	5212762	4765085	4769630	opposite	4360	4568	4545	95.4466	60
FoCotton	KK035308.1	14050	6934	10997	NC_030989.1	5212762	4777187	4781341	opposite	3892	4184	4154	93.0210	60
FoCotton	KK035264.1	22276	739	12196	NC_030989.1	5212762	4786532	4797983	same	11046	11503	11451	96.0271	60
FoCotton	KK035264.1	22276	13313	17835	NC_030989.1	5212762	4798945	4803471	same	4385	4527	4526	96.8633	60
FoCotton	KK035264.1	22276	20667	22193	NC_030989.1	5212762	4806320	4807811	same	1358	1586	1491	85.6242	60
FoCotton	KK035342.1	10315	59	10315	NC_030989.1	5212762	4807801	4818079	same	10002	10278	10278	97.3147	60
FoCotton	KK035263.1	22325	21597	22325	NC_030989.1	5212762	4818080	4818808	opposite	694	728	728	95.3297	60
FoCotton	KK035263.1	22325	17674	19178	NC_030989.1	5212762	4822427	4823933	opposite	1427	1518	1506	94.0053	60
FoCotton	KK035263.1	22325	8904	17392	NC_030989.1	5212762	4824259	4832710	opposite	8211	8489	8451	96.7252	60
FoCotton	KK035299.1	14795	2539	14795	NC_030989.1	5212762	4836224	4848472	opposite	11831	12264	12248	96.4693	60
FoCotton	KK035245.1	36097	837	6350	NC_030989.1	5212762	4864426	4869631	same	4939	5538	5205	89.1838	60
FoCotton	KK035245.1	36097	6702	18899	NC_030989.1	5212762	4870174	4882352	same	11750	12207	12178	96.2562	60
FoCotton	KK035245.1	36097	19856	35013	NC_030989.1	5212762	4883294	4898448	same	14683	15168	15154	96.8025	60
FoCotton	KK035522.1	3596	127	3200	NC_030989.1	5212762	4899917	4903061	opposite	2900	3148	3144	92.1220	60
FoCotton	KK035298.1	14985	13840	14876	NC_030989.1	5212762	4903133	4904168	opposite	971	1036	1035	93.7259	60
FoCotton	JH658078.1	33081	10072	11302	NC_030989.1	5212762	4907716	4908949	same	1093	1277	1233	85.5912	60
FoCotton	JH658078.1	33081	12394	13263	NC_030989.1	5212762	4910018	4910886	same	804	885	868	90.8475	60
FoCotton	JH658078.1	33081	20018	21733	NC_030989.1	5212762	4914186	4915904	same	1604	1720	1718	93.2558	60
FoCotton	JH658078.1	33081	24927	33081	NC_030989.1	5212762	4919067	4927221	same	7902	8154	8154	96.9095	60
FoCotton	KK035355.1	9048	8	836	NC_030989.1	5212762	4927230	4928058	same	821	828	828	99.1546	60
FoCotton	KK035355.1	9048	3845	8988	NC_030989.1	5212762	4931068	4936215	same	5018	5147	5147	97.4937	60
FoCotton	KK035304.1	14408	0	4151	NC_030989.1	5212762	4936284	4940441	same	3946	4161	4157	94.8330	60
FoCotton	KK035304.1	14408	4287	11372	NC_030989.1	5212762	4940999	4947740	same	6508	7099	6741	91.6749	60
FoCotton	KK035304.1	14408	12303	14408	NC_030989.1	5212762	4948905	4951026	same	2000	2127	2121	94.0291	60
FoCotton	KK035503.1	3898	1322	3444	NC_030989.1	5212762	4962191	4964316	opposite	1985	2125	2125	93.4118	60
FoCotton	KK035258.1	25066	16703	17990	NC_030989.1	5212762	5007276	5008562	opposite	1226	1287	1286	95.2603	60
FoCotton	KK035258.1	25066	15608	16160	NC_030989.1	5212762	5009159	5009711	opposite	525	552	552	95.1087	60
FoCotton	KK035377.1	7690	2605	4407	NC_030989.1	5212762	5036163	5037978	same	1757	1819	1815	96.5915	60
FoCotton	KK035402.1	6687	820	4827	NC_030989.1	5212762	5041359	5045397	opposite	3850	4043	4038	95.2263	60
FoCotton	KK035444.1	5201	23	5161	NC_030989.1	5212762	5052528	5057683	opposite	4981	5159	5155	96.5497	60
FoCotton	KK035375.1	7713	3483	7713	NC_030989.1	5212762	5057688	5061926	same	4143	4246	4238	97.5742	60
FoCotton	KK035611.1	2532	0	1361	NC_030989.1	5212762	5061935	5063296	same	1324	1361	1361	97.2814	60
FoCotton	KK035351.1	9222	120	8751	NC_030989.1	5212762	5072937	5081570	opposite	8305	8643	8633	96.0893	60
FoCotton	KK035234.1	58396	151	18875	NC_030989.1	5212762	5081747	5100434	same	18004	18760	18687	95.9701	60
FoCotton	KK035234.1	58396	19842	47573	NC_030989.1	5212762	5105180	5119265	same	13670	27799	14085	49.1744	60
FoCotton	KK035234.1	58396	47664	58396	NC_030989.1	5212762	5119360	5130061	same	10439	10744	10701	97.1612	60
FoCotton	KK035317.1	12734	511	12734	NC_030989.1	5212762	5130281	5142893	opposite	11897	12651	12612	94.0400	60
FoCotton	KK035324.1	11899	174	11547	NC_030989.1	5212762	5143165	5154539	opposite	11125	11392	11374	97.6563	60
FoCotton	KK035241.1	43100	42194	42849	NC_030989.1	5212762	5155350	5156006	opposite	616	658	656	93.6170	60
FoCotton	KK035241.1	43100	30499	32453	NC_030989.1	5212762	5156003	5157959	opposite	1876	1958	1956	95.8121	60
FoCotton	JH657990.1	113886	40182	59907	NC_030990.1	4914260	4	22811	opposite	18801	23186	22807	81.0877	60
FoCotton	JH657990.1	113886	23986	40051	NC_030990.1	4914260	22964	39685	opposite	15472	16791	16721	92.1446	60
FoCotton	JH657990.1	113886	21451	22248	NC_030990.1	4914260	39727	40437	opposite	653	797	710	81.9322	60
FoCotton	JH658025.1	69800	61713	68083	NC_030990.1	4914260	41024	47247	opposite	5984	6379	6223	93.8078	60
FoCotton	JH658025.1	69800	43741	61187	NC_030990.1	4914260	47510	65793	opposite	16873	18339	18283	92.0061	60
FoCotton	JH658025.1	69800	40926	43599	NC_030990.1	4914260	65941	68549	opposite	2545	2673	2608	95.2114	60
FoCotton	JH658025.1	69800	9611	40830	NC_030990.1	4914260	68656	99502	opposite	30070	31161	30846	96.4988	60
FoCotton	JH658025.1	69800	294	9421	NC_030990.1	4914260	99697	108244	opposite	7611	8663	8547	87.8564	60
FoCotton	JH657973.1	186891	185478	186729	NC_030990.1	4914260	108408	109660	opposite	1210	1252	1252	96.6454	60
FoCotton	JH657973.1	186891	183177	184959	NC_030990.1	4914260	110173	111962	opposite	1633	1791	1789	91.1781	60
FoCotton	JH657973.1	186891	180839	182374	NC_030990.1	4914260	112749	114282	opposite	1399	1540	1533	90.8442	60
FoCotton	JH657973.1	186891	173965	178706	NC_030990.1	4914260	116819	121557	opposite	4496	4757	4738	94.5133	60
FoCotton	JH657973.1	186891	156396	173417	NC_030990.1	4914260	122020	139038	opposite	16568	17040	17018	97.2300	60
FoCotton	JH657973.1	186891	135963	155473	NC_030990.1	4914260	139949	158766	opposite	18338	19093	18817	96.0457	60
FoCotton	JH657973.1	186891	115943	135920	NC_030990.1	4914260	158808	178777	opposite	19334	20065	19969	96.3568	60
FoCotton	JH657973.1	186891	104996	115779	NC_030990.1	4914260	178939	189729	opposite	10489	10794	10790	97.1744	60
FoCotton	JH657973.1	186891	103968	104659	NC_030990.1	4914260	190069	190760	opposite	676	691	691	97.8292	60
FoCotton	JH657973.1	186891	102298	103436	NC_030990.1	4914260	191244	192383	opposite	1113	1139	1139	97.7173	60
FoCotton	JH657973.1	186891	99030	101833	NC_030990.1	4914260	192841	195834	opposite	2745	2996	2993	91.6222	60
FoCotton	JH657973.1	186891	98034	98449	NC_030990.1	4914260	196404	196820	opposite	388	423	416	91.7258	60
FoCotton	JH657973.1	186891	89336	97857	NC_030990.1	4914260	196988	205500	opposite	8355	8521	8512	98.0519	60
FoCotton	JH657973.1	186891	66322	88335	NC_030990.1	4914260	206423	228438	opposite	21305	22050	22015	96.6213	60
FoCotton	JH657973.1	186891	62673	66093	NC_030990.1	4914260	228708	232123	opposite	3307	3420	3415	96.6959	60
FoCotton	JH657973.1	186891	56052	62469	NC_030990.1	4914260	232328	238783	opposite	6227	6458	6455	96.4230	60
FoCotton	JH657973.1	186891	51795	55846	NC_030990.1	4914260	239013	243074	opposite	3882	4061	4061	95.5922	60
FoCotton	JH657973.1	186891	47569	50711	NC_030990.1	4914260	243078	248948	opposite	2922	5180	5870	56.4093	60
FoCotton	JH657973.1	186891	21059	32070	NC_030990.1	4914260	251014	262022	opposite	10717	11012	11008	97.3211	60
FoCotton	JH657973.1	186891	15296	16528	NC_030990.1	4914260	282592	283823	opposite	1101	1269	1231	86.7612	60
FoCotton	JH657973.1	186891	11058	15063	NC_030990.1	4914260	284052	288039	opposite	3861	4008	3987	96.3323	60
FoCotton	JH657973.1	186891	219	9964	NC_030990.1	4914260	288054	297982	opposite	9574	9943	9928	96.2888	60
FoCotton	JH658059.1	38846	48	17426	NC_030990.1	4914260	297983	316094	same	16822	18168	18111	92.5914	60
FoCotton	JH658059.1	38846	17558	22062	NC_030990.1	4914260	316217	320711	same	4158	4508	4494	92.2360	60
FoCotton	JH658059.1	38846	27924	29249	NC_030990.1	4914260	323845	325149	same	1239	1325	1304	93.5094	60
FoCotton	JH658059.1	38846	29565	38719	NC_030990.1	4914260	325257	333856	same	8457	8656	8599	97.7010	60
FoCotton	KK035220.1	100055	180	10148	NC_030990.1	4914260	333848	343804	same	9664	9989	9956	96.7464	60
FoCotton	KK035220.1	100055	10320	15133	NC_030990.1	4914260	343976	348789	same	4545	4813	4813	94.4317	60
FoCotton	KK035220.1	100055	18000	21847	NC_030990.1	4914260	351654	355498	same	3423	3856	3844	88.7707	60
FoCotton	KK035220.1	100055	26602	27891	NC_030990.1	4914260	360212	361501	same	1207	1291	1289	93.4934	60
FoCotton	KK035220.1	100055	29678	34325	NC_030990.1	4914260	363330	368139	same	4358	4657	4809	93.5796	60
FoCotton	KK035220.1	100055	48397	49447	NC_030990.1	4914260	380027	381077	same	1000	1050	1050	95.2381	60
FoCotton	KK035220.1	100055	49972	99995	NC_030990.1	4914260	381633	433927	same	48111	52897	52294	90.9522	60
FoCotton	KK035215.1	148022	54	30170	NC_030990.1	4914260	434738	471637	same	29237	36920	36899	79.1901	60
FoCotton	JH657978.1	171404	15908	17710	NC_030990.1	4914260	476253	478055	same	1697	1802	1802	94.1731	0
FoCotton	KK035215.1	148022	30285	31029	NC_030990.1	4914260	481858	482602	same	721	744	744	96.9086	60
FoCotton	KK035215.1	148022	31927	36470	NC_030990.1	4914260	483369	487909	same	4441	4547	4540	97.6688	60
FoCotton	KK035215.1	148022	36638	96477	NC_030990.1	4914260	488101	547924	same	58344	59926	59823	97.3601	60
FoCotton	KK035215.1	148022	96661	101799	NC_030990.1	4914260	548111	553251	same	4872	5143	5140	94.7307	60
FoCotton	KK035215.1	148022	103895	147795	NC_030990.1	4914260	555501	599305	same	42543	43986	43804	96.7194	60
FoCotton	JH657984.1	130990	295	9182	NC_030990.1	4914260	599555	608443	same	8701	8888	8888	97.8960	60
FoCotton	JH657984.1	130990	9441	13209	NC_030990.1	4914260	608706	612487	same	3542	3786	3781	93.5552	60
FoCotton	JH657984.1	130990	13694	15263	NC_030990.1	4914260	613010	614579	same	1483	1569	1569	94.5188	60
FoCotton	JH657984.1	130990	15628	57357	NC_030990.1	4914260	614934	656282	same	40120	41640	41348	96.3497	60
FoCotton	JH657984.1	130990	61438	130337	NC_030990.1	4914260	660473	726629	same	65068	69050	66156	94.2332	60
FoCotton	KK035452.1	4891	762	4276	NC_030990.1	4914260	728031	731545	opposite	3472	3515	3514	98.7767	60
FoCotton	JH658192.1	10557	8868	10428	NC_030990.1	4914260	731631	733196	same	1439	1566	1565	91.8902	60
FoCotton	JH658148.1	18046	3175	5063	NC_030990.1	4914260	731631	733781	opposite	1647	2050	2150	80.3415	60
FoCotton	JH657918.1	3361134	69	28872	NC_030990.1	4914260	734170	762966	same	28293	28861	28796	98.0319	60
FoCotton	JH657918.1	3361134	29317	85360	NC_030990.1	4914260	763528	819839	same	55028	56579	56311	97.2587	60
FoCotton	JH657918.1	3361134	85610	181896	NC_030990.1	4914260	820481	832173	same	11536	95063	11692	12.1351	44
FoCotton	JH657918.1	3361134	182518	202111	NC_030990.1	4914260	832813	852366	same	19391	19600	19553	98.9337	60
FoCotton	JH657918.1	3361134	202385	228662	NC_030990.1	4914260	852781	879105	same	25846	26248	26324	98.4685	60
FoCotton	JH657918.1	3361134	278564	334401	NC_030990.1	4914260	880251	936138	same	55360	55923	55887	98.9933	60
FoCotton	JH657918.1	3361134	334537	476885	NC_030990.1	4914260	936290	1077391	same	139496	142631	141101	97.8020	60
FoCotton	JH657918.1	3361134	477113	505168	NC_030990.1	4914260	1077627	1105673	same	27770	28070	28046	98.9312	60
FoCotton	JH657918.1	3361134	505276	512456	NC_030990.1	4914260	1105786	1112962	same	7121	7180	7176	99.1783	60
FoCotton	JH657918.1	3361134	512925	516170	NC_030990.1	4914260	1113542	1116787	same	3212	3246	3245	98.9526	60
FoCotton	JH657918.1	3361134	516497	559845	NC_030990.1	4914260	1117162	1158737	same	40728	43482	41575	93.6663	60
FoCotton	JH657918.1	3361134	559994	581405	NC_030990.1	4914260	1158895	1180385	same	21136	21517	21490	98.2293	60
FoCotton	JH657918.1	3361134	591157	621289	NC_030990.1	4914260	1183334	1213458	same	29823	30181	30124	98.8138	60
FoCotton	JH657918.1	3361134	621362	696198	NC_030990.1	4914260	1213551	1288391	same	74001	74907	74840	98.7905	60
FoCotton	JH657918.1	3361134	696493	720929	NC_030990.1	4914260	1288882	1312953	same	23641	24271	24071	97.4043	60
FoCotton	JH657918.1	3361134	721141	736634	NC_030990.1	4914260	1313164	1328597	same	15291	15498	15433	98.6643	60
FoCotton	JH657918.1	3361134	736728	807029	NC_030990.1	4914260	1328706	1399823	same	69623	71137	71117	97.8717	60
FoCotton	JH657918.1	3361134	807559	849076	NC_030990.1	4914260	1400426	1441561	same	40690	41323	41135	98.4682	60
FoCotton	JH657918.1	3361134	851151	852830	NC_030990.1	4914260	1443348	1445031	same	1628	1686	1683	96.5599	60
FoCotton	JH657918.1	3361134	854812	921072	NC_030990.1	4914260	1446791	1513020	same	65571	66355	66229	98.8185	60
FoCotton	JH657918.1	3361134	922276	1007227	NC_030990.1	4914260	1514157	1599213	same	83737	85370	85056	98.0872	60
FoCotton	JH657918.1	3361134	1007448	1009354	NC_030990.1	4914260	1599551	1601459	same	1888	1908	1908	98.9518	60
FoCotton	JH657918.1	3361134	1010301	1011082	NC_030990.1	4914260	1601975	1602755	same	767	781	780	98.2074	60
FoCotton	JH657918.1	3361134	1011393	1047791	NC_030990.1	4914260	1603102	1639540	same	36031	36467	36438	98.8044	60
FoCotton	JH657918.1	3361134	1048224	1061054	NC_030990.1	4914260	1639983	1652789	same	12696	12835	12806	98.9170	60
FoCotton	JH657918.1	3361134	1065127	1066019	NC_030990.1	4914260	1652786	1653678	same	878	892	892	98.4305	60
FoCotton	JH657918.1	3361134	1068883	1123890	NC_030990.1	4914260	1656506	1711680	same	54407	55126	55174	98.6957	60
FoCotton	JH657918.1	3361134	1123980	1155402	NC_030990.1	4914260	1711775	1743260	same	31145	31490	31485	98.9044	60
FoCotton	JH657918.1	3361134	1155818	1190526	NC_030990.1	4914260	1743982	1778713	same	34341	34785	34731	98.7236	60
FoCotton	JH657918.1	3361134	1190910	1262918	NC_030990.1	4914260	1779181	1851191	same	71390	72102	72010	99.0125	60
FoCotton	JH657918.1	3361134	1263016	1344922	NC_030990.1	4914260	1856204	1937867	same	80894	81985	81663	98.6693	60
FoCotton	JH657918.1	3361134	1345036	1352046	NC_030990.1	4914260	1937987	1945020	same	6819	6884	7033	99.0558	60
FoCotton	JH657918.1	3361134	1352169	1357457	NC_030990.1	4914260	1945150	1950447	same	5241	5297	5297	98.9428	60
FoCotton	JH657918.1	3361134	1357607	1442058	NC_030990.1	4914260	1950610	2035318	same	83695	84811	84708	98.6841	60
FoCotton	JH657918.1	3361134	1442860	1681744	NC_030990.1	4914260	2036214	2276443	same	236367	240546	240229	98.2627	60
FoCotton	JH657918.1	3361134	1681821	1703346	NC_030990.1	4914260	2276520	2298058	same	21318	21553	21538	98.9097	60
FoCotton	JH657918.1	3361134	1703611	1753377	NC_030990.1	4914260	2298533	2348600	same	49350	50105	50067	98.4932	60
FoCotton	JH657918.1	3361134	1753535	1779587	NC_030990.1	4914260	2348760	2374917	same	25772	26216	26157	98.3064	60
FoCotton	JH657918.1	3361134	1780867	1855913	NC_030990.1	4914260	2376626	2452137	same	73617	75372	75511	97.6715	60
FoCotton	JH657918.1	3361134	1855995	1859238	NC_030990.1	4914260	2452321	2455542	same	3166	3254	3221	97.2956	60
FoCotton	JH657918.1	3361134	1859734	1870583	NC_030990.1	4914260	2456197	2467034	same	10719	10878	10837	98.5383	60
FoCotton	JH657918.1	3361134	1870716	1929464	NC_030990.1	4914260	2467283	2526161	same	58302	58948	58878	98.9041	60
FoCotton	JH657918.1	3361134	1929740	1960901	NC_030990.1	4914260	2526573	2559066	same	30724	32508	32493	94.5121	60
FoCotton	JH657918.1	3361134	1961194	2005602	NC_030990.1	4914260	2559211	2603801	same	43549	45017	44590	96.7390	60
FoCotton	JH658009.1	89445	70823	73816	NC_030990.1	4914260	2566503	2569615	same	2820	3112	3112	90.6170	60
FoCotton	JH657918.1	3361134	2005980	2015597	NC_030990.1	4914260	2604354	2613958	same	9468	9647	9604	98.1445	60
FoCotton	JH657918.1	3361134	2016277	2068944	NC_030990.1	4914260	2614614	2666681	same	51384	52689	52067	97.5232	60
FoCotton	JH657918.1	3361134	2069062	2138489	NC_030990.1	4914260	2666819	2733485	same	66023	69465	66666	95.0450	60
FoCotton	JH657918.1	3361134	2138560	2189322	NC_030990.1	4914260	2733564	2783909	same	49961	50824	50345	98.3020	60
FoCotton	JH657918.1	3361134	2190096	2242491	NC_030990.1	4914260	2784340	2836751	same	51980	52465	52411	99.0756	60
FoCotton	JH657918.1	3361134	2242595	2297802	NC_030990.1	4914260	2836866	2892199	same	54681	55280	55333	98.9164	60
FoCotton	JH657918.1	3361134	2298152	2322857	NC_030990.1	4914260	2892708	2917474	same	24458	24794	24766	98.6448	60
FoCotton	JH657918.1	3361134	2323208	2458877	NC_030990.1	4914260	2918054	3053862	same	134384	135841	135808	98.9274	60
FoCotton	JH657918.1	3361134	2459292	2610637	NC_030990.1	4914260	3054346	3201469	same	145408	151480	147123	95.9916	60
FoCotton	JH657918.1	3361134	2610781	2621267	NC_030990.1	4914260	3201617	3212138	same	10411	10525	10521	98.9169	60
FoCotton	JH657918.1	3361134	2621963	2805750	NC_030990.1	4914260	3212913	3398310	same	182221	185253	185397	98.3633	60
FoCotton	JH658018.1	77205	11160	12541	NC_030990.1	4914260	3272412	3273793	same	1348	1381	1381	97.6104	0
FoCotton	JH658016.1	79893	33104	34465	NC_030990.1	4914260	3272441	3273803	opposite	1341	1362	1362	98.4581	0
FoCotton	JH657918.1	3361134	2806936	2838635	NC_030990.1	4914260	3399483	3431185	same	31489	31730	31702	99.2405	60
FoCotton	JH657918.1	3361134	2839032	2898894	NC_030990.1	4914260	3431464	3491487	same	59231	59858	60023	98.9525	60
FoCotton	JH657918.1	3361134	2899403	2949749	NC_030990.1	4914260	3491997	3538560	same	45519	51064	46563	89.1411	60
FoCotton	JH657918.1	3361134	2949982	3007439	NC_030990.1	4914260	3538803	3593882	same	53917	58115	55079	92.7764	60
FoCotton	JH657918.1	3361134	3007699	3049311	NC_030990.1	4914260	3594216	3635814	same	41247	41692	41598	98.9326	60
FoCotton	JH657918.1	3361134	3049644	3138331	NC_030990.1	4914260	3636543	3724782	same	87196	89022	88239	97.9488	60
FoCotton	JH657918.1	3361134	3139379	3228086	NC_030990.1	4914260	3725545	3813655	same	86039	89478	88110	96.1566	60
FoCotton	JH657918.1	3361134	3228229	3228621	NC_030990.1	4914260	3813810	3814202	same	389	392	392	99.2347	60
FoCotton	JH657918.1	3361134	3229201	3260544	NC_030990.1	4914260	3814838	3844926	same	29431	30650	30088	96.0228	60
FoCotton	JH657918.1	3361134	3260636	3354368	NC_030990.1	4914260	3845010	3938716	same	92504	93863	93706	98.5521	60
FoCotton	JH657918.1	3361134	3355057	3361043	NC_030990.1	4914260	3939047	3945040	same	5918	6001	5993	98.6169	60
FoCotton	JH657936.1	556614	545918	556441	NC_030990.1	4914260	3945039	3955555	opposite	10395	10529	10516	98.7273	60
FoCotton	JH657936.1	556614	541362	545441	NC_030990.1	4914260	3956205	3960297	opposite	3951	4095	4092	96.4835	60
FoCotton	JH657936.1	556614	490115	541267	NC_030990.1	4914260	3960402	4014731	opposite	50102	54425	54329	92.0570	60
FoCotton	JH657936.1	556614	481423	487017	NC_030990.1	4914260	4017865	4023430	opposite	5455	5595	5565	97.4978	60
FoCotton	JH657936.1	556614	449028	481285	NC_030990.1	4914260	4023569	4054245	opposite	30106	32333	30676	93.1123	60
FoCotton	JH657936.1	556614	419236	448753	NC_030990.1	4914260	4054637	4084154	opposite	29198	29564	29517	98.7620	60
FoCotton	JH657936.1	556614	399819	418687	NC_030990.1	4914260	4084836	4103698	opposite	18558	18902	18862	98.1801	60
FoCotton	JH657936.1	556614	370098	399606	NC_030990.1	4914260	4103889	4133392	opposite	29113	29542	29503	98.5478	60
FoCotton	JH657936.1	556614	308258	369799	NC_030990.1	4914260	4133763	4195908	opposite	60454	62271	62145	97.0821	60
FoCotton	JH657936.1	556614	222378	307935	NC_030990.1	4914260	4196331	4281910	opposite	84177	85707	85579	98.2148	60
FoCotton	JH657936.1	556614	111945	222286	NC_030990.1	4914260	4282012	4391817	opposite	107676	110568	109805	97.3844	60
FoCotton	JH657936.1	556614	92223	104674	NC_030990.1	4914260	4410798	4423044	opposite	11791	12496	12246	94.3582	60
FoCotton	JH657936.1	556614	87910	91579	NC_030990.1	4914260	4428073	4431741	opposite	3545	3669	3668	96.6203	60
FoCotton	JH657936.1	556614	83796	84828	NC_030990.1	4914260	4433146	4434189	opposite	970	1051	1043	92.2931	60
FoCotton	JH657936.1	556614	44641	83331	NC_030990.1	4914260	4434671	4475935	opposite	36488	40772	41264	89.4928	60
FoCotton	JH658078.1	33081	2370	3940	NC_030990.1	4914260	4489287	4490857	same	1447	1570	1570	92.1656	30
FoCotton	JH657990.1	113886	13390	14869	NC_030990.1	4914260	4489378	4490857	opposite	1378	1479	1479	93.1711	60
FoCotton	JH657936.1	556614	21418	27349	NC_030990.1	4914260	4514101	4520012	opposite	5759	5935	5911	97.0345	60
FoCotton	JH657936.1	556614	8477	20918	NC_030990.1	4914260	4520018	4532810	opposite	11656	13196	12792	88.3298	60
FoCotton	JH657936.1	556614	2691	6670	NC_030990.1	4914260	4532826	4538578	opposite	3894	5753	5752	67.6864	60
FoCotton	JH658015.1	79380	17684	41222	NC_030990.1	4914260	4538638	4561822	same	22559	23181	23184	97.3168	60
FoCotton	JH658015.1	79380	41699	67148	NC_030990.1	4914260	4562332	4587091	same	23298	25615	24759	90.9545	60
FoCotton	JH658015.1	79380	67667	76942	NC_030990.1	4914260	4587680	4595044	same	6790	9464	7364	71.7456	60
FoCotton	JH658015.1	79380	77374	79198	NC_030990.1	4914260	4595477	4597290	same	1713	1828	1813	93.7090	60
FoCotton	JH658143.1	17739	350	7473	NC_030990.1	4914260	4598024	4605143	same	6854	7126	7119	96.1830	60
FoCotton	JH658143.1	17739	7661	8995	NC_030990.1	4914260	4605174	4607485	same	1217	2325	2311	52.3441	60
FoCotton	JH658143.1	17739	9058	12023	NC_030990.1	4914260	4607550	4610587	same	2787	2937	3037	94.8927	60
FoCotton	JH657979.1	166502	20468	21325	NC_030990.1	4914260	4614807	4615664	same	805	857	857	93.9323	60
FoCotton	JH657979.1	166502	22349	51762	NC_030990.1	4914260	4626527	4655643	same	27997	29329	29116	95.4584	60
FoCotton	JH657979.1	166502	58809	60397	NC_030990.1	4914260	4660913	4662501	same	1506	1588	1588	94.8363	60
FoCotton	JH657979.1	166502	60871	72546	NC_030990.1	4914260	4663043	4674729	same	11345	11718	11686	96.8169	60
FoCotton	JH657979.1	166502	82038	84283	NC_030990.1	4914260	4679404	4681463	same	1904	2246	2059	84.7729	60
FoCotton	JH657979.1	166502	84574	92705	NC_030990.1	4914260	4681749	4695076	same	7942	13332	13327	59.5710	60
FoCotton	JH657979.1	166502	98844	100497	NC_030990.1	4914260	4702202	4703859	same	1596	1660	1657	96.1446	60
FoCotton	JH657979.1	166502	105196	105614	NC_030990.1	4914260	4708014	4708432	same	414	418	418	99.0431	60
FoCotton	JH657979.1	166502	106043	146396	NC_030990.1	4914260	4708942	4748480	same	37688	40589	39538	92.8527	60
FoCotton	JH657979.1	166502	154646	162663	NC_030990.1	4914260	4748914	4756935	same	7720	8037	8021	96.0557	60
FoCotton	JH657979.1	166502	164038	166453	NC_030990.1	4914260	4773760	4776843	same	2358	3085	3083	76.4344	60
FoCotton	JH657986.1	120035	88347	119971	NC_030990.1	4914260	4776844	4811077	opposite	30351	34654	34233	87.5830	60
FoCotton	JH657986.1	120035	75465	87976	NC_030990.1	4914260	4811668	4824108	opposite	12100	12520	12440	96.6454	60
FoCotton	JH657986.1	120035	72784	73285	NC_030990.1	4914260	4831743	4832244	opposite	474	501	501	94.6108	60
FoCotton	JH657986.1	120035	62929	72298	NC_030990.1	4914260	4832793	4842157	opposite	9094	9416	9364	96.5803	60
FoCotton	JH658053.1	44137	28353	43221	NC_030990.1	4914260	4859102	4872517	opposite	12816	14922	13415	85.8866	60
FoCotton	JH658146.1	17371	10183	12838	NC_030990.1	4914260	4905978	4908645	same	2407	2682	2667	89.7465	60
FoCotton	JH658207.1	9628	1905	2620	NC_030990.1	4914260	4911269	4911958	opposite	633	715	689	88.5315	60
FoCotton	JH658085.1	36572	23048	23278	NC_030991.1	4589937	7400	7630	same	228	230	230	99.1304	1
FoCotton	JH658089.1	31401	12954	14950	NC_030991.1	4589937	8736	10732	opposite	1993	1996	1996	99.8497	1
FoCotton	JH658134.1	22707	17936	19243	NC_030991.1	4589937	54471	55778	opposite	1266	1307	1307	96.8630	60
FoCotton	JH658089.1	31401	20785	24121	NC_030991.1	4589937	58896	62231	same	3247	3341	3335	97.1865	60
FoCotton	KK035428.1	5787	913	5787	NC_030991.1	4589937	59311	64134	opposite	4713	4894	4823	96.3016	60
FoCotton	JH658095.1	27527	938	1340	NC_030991.1	4589937	75047	75449	same	393	402	402	97.7612	1
FoCotton	JH658041.1	58569	0	1428	NC_030991.1	4589937	90499	91921	opposite	1403	1428	1422	98.2493	60
FoCotton	JH658054.1	40292	7	910	NC_030991.1	4589937	90575	91464	opposite	880	903	889	97.4529	60
FoCotton	JH658065.1	36326	13701	14538	NC_030991.1	4589937	92471	93308	opposite	822	837	837	98.2079	60
FoCotton	KK035305.1	14330	11501	14274	NC_030991.1	4589937	167514	170305	opposite	2712	2791	2791	97.1695	1
FoCotton	KK035786.1	1234	941	1234	NC_030991.1	4589937	173737	174030	same	285	293	293	97.2696	8
FoCotton	KK035738.1	1522	0	1522	NC_030991.1	4589937	174661	176183	opposite	1474	1522	1522	96.8463	60
FoCotton	JH657976.1	181406	78560	79164	NC_030991.1	4589937	209238	209842	opposite	568	604	604	94.0397	28
FoCotton	KK035716.1	1646	192	1545	NC_030991.1	4589937	218105	219458	opposite	1295	1353	1353	95.7132	60
FoCotton	JH658091.1	28983	523	1308	NC_030991.1	4589937	235844	236629	same	746	785	785	95.0318	1
FoCotton	JH658086.1	31686	411	1562	NC_030991.1	4589937	269861	271018	same	1074	1168	1157	91.9521	60
FoCotton	JH658021.1	74742	60898	62921	NC_030991.1	4589937	269861	271679	same	1752	2032	1818	86.2205	56
FoCotton	KK035650.1	2138	0	549	NC_030991.1	4589937	279425	279974	opposite	520	550	549	94.5455	60
FoCotton	JH658254.1	7022	3252	4833	NC_030991.1	4589937	279739	281320	opposite	1544	1581	1581	97.6597	60
FoCotton	KK035753.1	1468	693	1468	NC_030991.1	4589937	280051	280826	opposite	734	775	775	94.7097	60
FoCotton	KK035753.1	1468	0	680	NC_030991.1	4589937	288548	289229	opposite	664	681	681	97.5037	60
FoCotton	KK035570.1	2953	2	2916	NC_030991.1	4589937	289142	292253	same	2818	3112	3111	90.5527	60
FoCotton	KK035337.1	10633	8	4152	NC_030991.1	4589937	292307	296291	same	3755	4149	3984	90.5037	55
FoCotton	KK035314.1	12897	0	862	NC_030991.1	4589937	331759	332626	opposite	842	867	867	97.1165	15
FoCotton	JH658034.1	67929	6427	7634	NC_030991.1	4589937	335187	336402	same	1168	1215	1215	96.1317	1
FoCotton	JH657972.1	191548	162548	164123	NC_030991.1	4589937	371253	372825	same	1465	1580	1572	92.7215	60
FoCotton	JH658198.1	10210	9254	9783	NC_030991.1	4589937	412837	413365	same	500	529	528	94.5180	60
FoCotton	JH658139.1	19146	0	1684	NC_030991.1	4589937	427876	429573	opposite	1670	1697	1697	98.4090	60
FoCotton	KK035369.1	7907	1839	2271	NC_030991.1	4589937	438278	438709	same	413	432	431	95.6019	60
FoCotton	JH658106.1	25158	17675	18761	NC_030991.1	4589937	442197	443283	same	1059	1086	1086	97.5138	60
FoCotton	KK035433.1	5715	1749	2421	NC_030991.1	4589937	442657	443329	same	624	672	672	92.8571	13
FoCotton	JH658225.1	8828	78	1099	NC_030991.1	4589937	476245	477269	same	1012	1024	1024	98.8281	55
FoCotton	JH658074.1	35225	19652	21705	NC_030991.1	4589937	476569	478870	same	1871	2201	2301	85.0068	42
FoCotton	KK035417.1	6178	0	2224	NC_030991.1	4589937	476744	478972	same	2170	2228	2228	97.3968	60
FoCotton	JH658081.1	32516	25554	27009	NC_030991.1	4589937	477102	478931	opposite	1431	1829	1829	78.2395	52
FoCotton	KK035433.1	5715	4609	5715	NC_030991.1	4589937	477873	478979	opposite	1063	1106	1106	96.1121	60
FoCotton	JH658225.1	8828	2258	3301	NC_030991.1	4589937	477936	478979	same	993	1043	1043	95.2061	50
FoCotton	JH658053.1	44137	0	251	NC_030991.1	4589937	478728	478979	same	248	251	251	98.8048	60
FoCotton	JH658131.1	21696	15021	15268	NC_030991.1	4589937	489666	489913	same	246	247	247	99.5951	1
FoCotton	JH658011.1	86016	76477	78061	NC_030991.1	4589937	489912	491489	opposite	1536	1589	1577	96.6646	60
FoCotton	KK035421.1	6031	0	287	NC_030991.1	4589937	495520	495807	opposite	286	287	287	99.6516	0
FoCotton	JH658203.1	9860	6303	6816	NC_030991.1	4589937	538777	539290	opposite	496	513	513	96.6862	60
FoCotton	KK035380.1	7550	7290	7550	NC_030991.1	4589937	544837	545097	same	255	260	260	98.0769	36
FoCotton	JH658122.1	21967	0	770	NC_030991.1	4589937	544837	545607	opposite	742	770	770	96.3636	11
FoCotton	JH658000.1	99639	33956	35821	NC_030991.1	4589937	544837	546702	same	1813	1865	1865	97.2118	1
FoCotton	KK035266.1	21374	5723	7588	NC_030991.1	4589937	544837	546702	opposite	1806	1865	1865	96.8365	26
FoCotton	JH658118.1	24356	11826	13642	NC_030991.1	4589937	544842	546658	opposite	1683	1816	1816	92.6762	30
FoCotton	KK035634.1	2301	18	950	NC_030991.1	4589937	545730	546662	same	895	932	932	96.0300	1
FoCotton	JH657955.1	254596	187	1155	NC_030991.1	4589937	545733	546701	same	918	968	968	94.8347	60
FoCotton	JH658051.1	44743	14267	14885	NC_030991.1	4589937	546084	546702	same	602	618	618	97.4110	56
FoCotton	JH658017.1	87296	43748	49876	NC_030991.1	4589937	552453	558714	same	5771	6222	6261	92.7515	56
FoCotton	JH658163.1	14682	0	827	NC_030991.1	4589937	556988	557816	same	798	830	828	96.1446	48
FoCotton	JH658132.1	22019	10391	11429	NC_030991.1	4589937	559505	560545	same	957	1052	1040	90.9696	60
FoCotton	JH658028.1	66907	49954	50722	NC_030991.1	4589937	569339	570108	same	708	769	769	92.0676	55
FoCotton	JH658028.1	66907	51101	51900	NC_030991.1	4589937	570482	571260	same	738	800	778	92.2500	57
FoCotton	JH658070.1	34555	16344	16662	NC_030991.1	4589937	578965	579283	same	312	318	318	98.1132	24
FoCotton	JH658104.1	25535	12134	12579	NC_030991.1	4589937	584630	585075	opposite	436	445	445	97.9775	3
FoCotton	KK035779.1	1329	0	943	NC_030991.1	4589937	589945	590888	opposite	900	943	943	95.4401	60
FoCotton	JH657990.1	113886	93407	95600	NC_030991.1	4589937	618955	621149	opposite	2070	2200	2194	94.0909	60
FoCotton	JH658260.1	4591	4116	4578	NC_030991.1	4589937	637331	637763	same	415	466	432	89.0558	60
FoCotton	JH658085.1	36572	3939	5384	NC_030991.1	4589937	669347	670795	opposite	1338	1491	1448	89.7384	60
FoCotton	KK035677.1	1937	1177	1937	NC_030991.1	4589937	670418	671181	opposite	696	813	763	85.6089	60
FoCotton	JH658022.1	73370	57861	58252	NC_030991.1	4589937	670801	671192	same	375	391	391	95.9079	60
FoCotton	KK035334.1	10972	614	2479	NC_030991.1	4589937	671288	673153	opposite	1712	1871	1865	91.5019	60
FoCotton	JH658017.1	87296	64211	69556	NC_030991.1	4589937	680554	685898	opposite	5176	5345	5344	96.8382	60
FoCotton	JH658065.1	36326	192	3115	NC_030991.1	4589937	680557	683479	same	2675	2923	2922	91.5156	43
FoCotton	JH658155.1	20552	9039	9738	NC_030991.1	4589937	680735	681434	same	672	699	699	96.1373	16
FoCotton	JH658107.1	24886	12226	17017	NC_030991.1	4589937	680753	685548	same	4547	4796	4795	94.8082	60
FoCotton	JH658065.1	36326	3872	4395	NC_030991.1	4589937	684236	684759	same	494	523	523	94.4551	40
FoCotton	JH658132.1	22019	14304	14766	NC_030991.1	4589937	688664	689129	opposite	443	465	465	95.2688	1
FoCotton	JH658083.1	31903	0	201	NC_030991.1	4589937	692534	692735	opposite	201	201	201	100.0000	0
FoCotton	KK035563.1	3077	2672	3077	NC_030991.1	4589937	702654	703059	same	393	405	405	97.0370	60
FoCotton	KK035230.1	75149	205	1508	NC_030991.1	4589937	710052	711356	same	1224	1304	1304	93.8650	60
FoCotton	KK035656.1	2044	98	552	NC_030991.1	4589937	720415	720857	same	422	454	442	92.9515	60
FoCotton	JH658056.1	44044	20836	21803	NC_030991.1	4589937	727847	728814	same	902	967	967	93.2782	60
FoCotton	JH658132.1	22019	0	355	NC_030991.1	4589937	751416	751771	same	350	355	355	98.5915	6
FoCotton	KK035734.1	1568	613	1026	NC_030991.1	4589937	754355	754768	opposite	392	413	413	94.9153	14
FoCotton	JH658151.1	16271	6057	8932	NC_030991.1	4589937	759179	762036	same	2709	2878	2857	94.1279	16
FoCotton	JH658056.1	44044	34817	38407	NC_030991.1	4589937	778824	782430	opposite	3402	3611	3606	94.2121	60
FoCotton	JH658134.1	22707	12576	18008	NC_030991.1	4589937	778824	782651	same	3758	5333	3827	70.4669	53
FoCotton	JH658103.1	32432	1189	6419	NC_030991.1	4589937	779098	782653	same	3437	5137	3555	66.9068	60
FoCotton	JH658021.1	74742	55500	56193	NC_030991.1	4589937	784225	784918	same	687	693	693	99.1342	1
FoCotton	KK035408.1	6348	331	6348	NC_030991.1	4589937	814773	821268	same	5833	6512	6495	89.5731	60
FoCotton	KK035310.1	13972	5031	7160	NC_030991.1	4589937	831020	833292	opposite	2016	2274	2272	88.6544	48
FoCotton	KK035775.1	1339	99	1231	NC_030991.1	4589937	836551	837685	same	1057	1135	1134	93.1278	60
FoCotton	JH658112.1	23896	893	2047	NC_030991.1	4589937	836551	837706	opposite	1067	1155	1155	92.3810	60
FoCotton	JH658011.1	86016	78821	80660	NC_030991.1	4589937	845116	846960	opposite	1767	1844	1844	95.8243	22
FoCotton	JH657976.1	181406	31591	32626	NC_030991.1	4589937	851855	852890	same	964	1035	1035	93.1401	60
FoCotton	KK035311.1	13703	351	2966	NC_030991.1	4589937	851855	854442	opposite	2366	2635	2587	89.7913	60
FoCotton	JH658034.1	67929	3443	6321	NC_030991.1	4589937	851855	854694	same	2591	2889	2839	89.6850	60
FoCotton	JH658011.1	86016	37318	42332	NC_030991.1	4589937	851855	856842	same	4694	5024	4987	93.4315	60
FoCotton	KK035428.1	5787	183	831	NC_030991.1	4589937	854596	855236	same	611	648	640	94.2901	60
FoCotton	JH658021.1	74742	33251	55149	NC_030991.1	4589937	873055	893806	same	19323	22785	20751	84.8058	60
FoCotton	JH658016.1	79893	2929	6583	NC_030991.1	4589937	899971	903615	same	3443	3656	3644	94.1740	60
FoCotton	JH658157.1	15005	7518	8560	NC_030991.1	4589937	907177	908246	opposite	966	1080	1069	89.4444	60
FoCotton	KK035531.1	3479	0	1034	NC_030991.1	4589937	907778	908720	opposite	900	1034	942	87.0406	1
FoCotton	JH658197.1	10237	7369	7878	NC_030991.1	4589937	910318	910827	opposite	496	509	509	97.4460	60
FoCotton	JH658022.1	73370	66708	67652	NC_030991.1	4589937	910782	911726	same	906	944	944	95.9746	60
FoCotton	JH658087.1	30642	0	2981	NC_030991.1	4589937	930258	933248	opposite	2894	2991	2990	96.7569	60
FoCotton	KK035680.1	1927	0	1744	NC_030991.1	4589937	930511	932255	opposite	1713	1744	1744	98.2225	60
FoCotton	KK035329.1	11109	8610	11107	NC_030991.1	4589937	940844	943330	opposite	2392	2518	2486	94.9960	60
FoCotton	JH658017.1	87296	84009	87294	NC_030991.1	4589937	940844	944099	opposite	3158	3287	3255	96.0754	60
FoCotton	JH658088.1	30123	5918	7623	NC_030991.1	4589937	942092	943798	same	1593	1706	1706	93.3763	60
FoCotton	KK035810.1	1190	566	1190	NC_030991.1	4589937	943771	944403	same	595	638	632	93.2602	60
FoCotton	KK035583.1	2844	1002	2844	NC_030991.1	4589937	944819	946678	opposite	1756	1868	1859	94.0043	60
FoCotton	JH658132.1	22019	17617	20197	NC_030991.1	4589937	947231	949811	opposite	2415	2580	2580	93.6047	60
FoCotton	KK035329.1	11109	7993	8607	NC_030991.1	4589937	949196	949810	opposite	594	614	614	96.7427	60
FoCotton	JH658012.1	85819	76895	78175	NC_030991.1	4589937	950988	952268	opposite	1203	1280	1280	93.9844	60
FoCotton	KK035243.1	40336	35275	36548	NC_030991.1	4589937	972858	974131	same	1241	1273	1273	97.4863	60
FoCotton	KK035287.1	16440	15439	16394	NC_030991.1	4589937	982947	983902	same	910	959	955	94.8905	60
FoCotton	JH657978.1	171404	71570	72293	NC_030991.1	4589937	985915	986639	same	690	724	724	95.3039	60
FoCotton	JH658131.1	21696	2916	4234	NC_030991.1	4589937	1041892	1043026	same	1081	1324	1134	81.6465	60
FoCotton	JH658123.1	23641	5120	6088	NC_030991.1	4589937	1054145	1055112	opposite	936	968	967	96.6942	60
FoCotton	JH658270.1	3532	226	1730	NC_030991.1	4589937	1076292	1077796	same	1479	1504	1504	98.3378	1
FoCotton	JH658197.1	10237	3596	4633	NC_030991.1	4589937	1078211	1079257	opposite	972	1046	1046	92.9254	1
FoCotton	JH658011.1	86016	21387	23583	NC_030991.1	4589937	1079262	1081457	same	2111	2196	2195	96.1293	18
FoCotton	JH658054.1	40292	28888	30750	NC_030991.1	4589937	1093768	1095630	same	1803	1863	1862	96.7794	36
FoCotton	KK035445.1	5175	4791	5039	NC_030991.1	4589937	1107876	1108124	opposite	246	248	248	99.1935	60
FoCotton	JH657978.1	171404	120977	121798	NC_030991.1	4589937	1108824	1109634	same	759	823	810	92.2236	21
FoCotton	JH658194.1	11323	2564	3544	NC_030991.1	4589937	1127260	1128241	opposite	943	981	981	96.1264	60
FoCotton	JH658145.1	18732	13005	18732	NC_030991.1	4589937	1145248	1150929	same	5551	5730	5681	96.8761	60
FoCotton	JH658103.1	32432	12426	16048	NC_030991.1	4589937	1145903	1149520	opposite	3390	3624	3617	93.5430	26
FoCotton	JH658069.1	34732	10654	12406	NC_030991.1	4589937	1151360	1153124	opposite	1628	1764	1764	92.2902	60
FoCotton	JH657951.1	293070	261193	265635	NC_030991.1	4589937	1154136	1158392	same	3943	4478	4256	88.0527	60
FoCotton	JH658033.1	59173	6017	6279	NC_030991.1	4589937	1159388	1159650	opposite	257	262	262	98.0916	32
FoCotton	JH658121.1	21774	17009	19100	NC_030991.1	4589937	1180821	1182892	opposite	2043	2092	2071	97.6577	60
FoCotton	JH658199.1	9938	7921	9235	NC_030991.1	4589937	1210506	1211800	opposite	1246	1318	1294	94.5372	60
FoCotton	KK035685.1	1889	438	1391	NC_030991.1	4589937	1219897	1220850	same	892	953	953	93.5992	49
FoCotton	JH658084.1	33835	8061	8596	NC_030991.1	4589937	1261641	1262173	same	505	535	532	94.3925	60
FoCotton	JH658137.1	19633	1003	6077	NC_030991.1	4589937	1265936	1271681	opposite	4788	5772	5745	82.9522	49
FoCotton	KK035664.1	1963	101	530	NC_030991.1	4589937	1289535	1289964	same	412	429	429	96.0373	1
FoCotton	JH658039.1	55499	54642	55335	NC_030991.1	4589937	1294964	1295656	opposite	686	693	692	98.9899	60
FoCotton	JH658017.1	87296	62155	62890	NC_030991.1	4589937	1303582	1304317	same	720	735	735	97.9592	60
FoCotton	KK035572.1	2920	2274	2920	NC_030991.1	4589937	1303671	1304317	opposite	630	646	646	97.5232	60
FoCotton	KK035718.1	1696	1272	1696	NC_030991.1	4589937	1311872	1312290	opposite	400	424	418	94.3396	13
FoCotton	JH658084.1	33835	3078	4944	NC_030991.1	4589937	1317127	1318992	opposite	1781	1870	1865	95.2406	50
FoCotton	JH658012.1	85819	33425	34854	NC_030991.1	4589937	1320073	1321506	same	1326	1433	1433	92.5331	60
FoCotton	KK035439.1	5561	16	836	NC_030991.1	4589937	1335090	1335910	opposite	803	820	820	97.9268	60
FoCotton	JH657946.1	357253	232061	233330	NC_030991.1	4589937	1362357	1363694	opposite	1104	1237	1337	89.2482	60
FoCotton	JH657946.1	357253	342558	343805	NC_030991.1	4589937	1362452	1363700	same	1154	1248	1248	92.4679	53
FoCotton	JH657946.1	357253	22314	23676	NC_030991.1	4589937	1431379	1432810	opposite	1179	1336	1431	88.2485	0
FoCotton	JH658089.1	31401	29204	29782	NC_030991.1	4589937	1455021	1455602	opposite	559	581	581	96.2134	0
FoCotton	JH658041.1	58569	2371	10724	NC_030991.1	4589937	1525165	1534699	opposite	8133	9540	9534	85.2516	0
FoCotton	KK035389.1	7318	4365	6297	NC_030991.1	4589937	1542700	1544633	same	1917	1933	1933	99.1723	0
FoCotton	KK035403.1	6684	5090	6684	NC_030991.1	4589937	1543039	1544633	opposite	1580	1595	1594	99.0596	0
FoCotton	JH658091.1	28983	18643	21312	NC_030991.1	4589937	1553116	1555786	opposite	2594	2670	2670	97.1536	0
FoCotton	JH658011.1	86016	73900	76275	NC_030991.1	4589937	1556652	1559036	same	2322	2385	2384	97.3585	0
FoCotton	JH658091.1	28983	15077	17510	NC_030991.1	4589937	1556701	1559036	opposite	2211	2311	2335	95.6729	0
FoCotton	JH658103.1	32432	31517	31869	NC_030991.1	4589937	1558683	1559036	opposite	345	353	353	97.7337	0
FoCotton	JH658129.1	21255	2558	5458	NC_030991.1	4589937	1568656	1571548	opposite	2766	2905	2892	95.2151	1
FoCotton	JH658041.1	58569	13916	17619	NC_030991.1	4589937	1568688	1571607	opposite	2848	3603	2919	79.0452	7
FoCotton	JH658057.1	40519	18841	21726	NC_030991.1	4589937	1568761	1571636	opposite	2805	2885	2875	97.2270	2
FoCotton	JH658145.1	18732	54	836	NC_030991.1	4589937	1583807	1584589	same	752	782	782	96.1637	0
FoCotton	JH657946.1	357253	243553	247858	NC_030991.1	4589937	1584818	1589855	same	4104	5039	5037	81.4447	56
FoCotton	JH658079.1	32220	31782	32220	NC_030991.1	4589937	1594453	1594891	opposite	433	438	438	98.8584	0
FoCotton	JH658106.1	25158	15264	16351	NC_030991.1	4589937	1615371	1616458	same	1055	1087	1087	97.0561	0
FoCotton	JH658011.1	86016	32549	33518	NC_030991.1	4589937	1621939	1622917	opposite	926	978	978	94.6830	0
FoCotton	JH658011.1	86016	30933	32064	NC_030991.1	4589937	1623422	1624554	opposite	1100	1132	1132	97.1731	0
FoCotton	JH658055.1	40079	39591	40079	NC_030991.1	4589937	1638485	1638973	opposite	480	488	488	98.3607	0
FoCotton	JH658017.1	87296	70365	70908	NC_030991.1	4589937	1648918	1649461	opposite	521	544	543	95.7721	0
FoCotton	KK035544.1	3315	2883	3304	NC_030991.1	4589937	1734093	1734515	same	409	422	422	96.9194	0
FoCotton	JH658016.1	79893	22026	24222	NC_030991.1	4589937	1749097	1751295	opposite	2088	2200	2198	94.9091	0
FoCotton	KK035643.1	3642	551	2598	NC_030991.1	4589937	1749158	1751205	same	1915	2047	2047	93.5515	0
FoCotton	JH657976.1	181406	45634	46891	NC_030991.1	4589937	1755954	1757211	same	1163	1260	1257	92.3016	0
FoCotton	JH657976.1	181406	47435	49476	NC_030991.1	4589937	1757993	1760034	same	1877	2042	2041	91.9197	0
FoCotton	JH658100.1	30125	29522	30125	NC_030991.1	4589937	1796811	1797418	same	588	607	607	96.8699	0
FoCotton	KK035373.1	7741	2755	3167	NC_030991.1	4589937	1804721	1805134	opposite	395	413	413	95.6416	0
FoCotton	JH658006.1	90069	24645	25058	NC_030991.1	4589937	1804721	1805135	opposite	397	414	414	95.8937	0
FoCotton	KK035239.1	45350	8505	8836	NC_030991.1	4589937	1810079	1810411	opposite	327	332	332	98.4940	0
FoCotton	KK035606.1	2563	0	2228	NC_030991.1	4589937	1837652	1839904	opposite	2165	2252	2252	96.1368	0
FoCotton	JH658000.1	99639	17907	19257	NC_030991.1	4589937	1849908	1851255	opposite	1263	1350	1347	93.5556	0
FoCotton	JH658216.1	8975	2120	3655	NC_030991.1	4589937	1875202	1876699	opposite	1366	1535	1497	88.9902	0
FoCotton	JH658028.1	66907	28263	30115	NC_030991.1	4589937	1903330	1905318	opposite	1722	1988	1988	86.6197	0
FoCotton	KK035390.1	7294	3474	5857	NC_030991.1	4589937	1936267	1938438	same	2006	2384	2171	84.1443	0
FoCotton	KK035543.1	3321	1348	2436	NC_030991.1	4589937	1940652	1941737	same	1017	1088	1085	93.4743	0
FoCotton	JH658184.1	11433	8645	9660	NC_030991.1	4589937	1946817	1947806	opposite	975	1015	989	96.0591	0
FoCotton	JH658103.1	32432	703	991	NC_030991.1	4589937	1951933	1952221	opposite	283	288	288	98.2639	0
FoCotton	JH658136.1	19609	14908	15196	NC_030991.1	4589937	1951933	1952221	same	281	288	288	97.5694	0
FoCotton	JH658016.1	79893	62054	62548	NC_030991.1	4589937	1966636	1967130	same	477	494	494	96.5587	0
FoCotton	JH658230.1	8274	4029	6931	NC_030991.1	4589937	1972311	1975213	opposite	2864	2902	2902	98.6906	5
FoCotton	JH658034.1	67929	53999	56841	NC_030991.1	4589937	2020269	2023394	opposite	2546	3223	3125	78.9947	60
FoCotton	KK035283.1	17083	10917	16679	NC_030991.1	4589937	2046242	2052004	opposite	5713	5762	5762	99.1496	0
FoCotton	KK035380.1	7550	2613	4305	NC_030991.1	4589937	2097855	2099547	opposite	1557	1695	1692	91.8584	1
FoCotton	KK035268.1	20918	12780	14093	NC_030991.1	4589937	2111912	2113225	same	1281	1313	1313	97.5628	0
FoCotton	KK035756.1	1453	1110	1453	NC_030991.1	4589937	2113423	2113766	opposite	342	343	343	99.7085	0
FoCotton	KK035452.1	4891	4273	4891	NC_030991.1	4589937	2177498	2178116	same	603	618	618	97.5728	0
FoCotton	JH658241.1	6138	4353	5010	NC_030991.1	4589937	2180788	2181439	opposite	623	660	651	94.3939	0
FoCotton	JH658037.1	58229	12174	14069	NC_030991.1	4589937	2205217	2206913	same	1630	1895	1696	86.0158	0
FoCotton	JH658058.1	38863	15998	16610	NC_030991.1	4589937	2264828	2265440	same	593	612	612	96.8954	0
FoCotton	JH658087.1	30642	30311	30642	NC_030991.1	4589937	2265236	2265567	same	330	331	331	99.6979	0
FoCotton	JH658028.1	66907	47936	48360	NC_030991.1	4589937	2283592	2284004	opposite	398	424	412	93.8679	0
FoCotton	JH658041.1	58569	19722	21281	NC_030991.1	4589937	2295351	2296933	opposite	1511	1582	1582	95.5120	60
FoCotton	KK035513.1	3728	0	1330	NC_030991.1	4589937	2297554	2298884	same	1299	1330	1330	97.6692	4
FoCotton	KK035389.1	7318	0	525	NC_030991.1	4589937	2331510	2332035	opposite	521	525	525	99.2381	0
FoCotton	JH658008.1	87225	65070	75680	NC_030991.1	4589937	2359802	2370227	opposite	10321	10637	10425	97.0292	17
FoCotton	JH658162.1	13325	9151	10043	NC_030991.1	4589937	2371164	2372061	opposite	879	899	897	97.7753	0
FoCotton	KK035303.1	14572	8216	14323	NC_030991.1	4589937	2403674	2409779	same	5664	6188	6105	91.5320	22
FoCotton	JH658106.1	25158	19614	21085	NC_030991.1	4589937	2490978	2492466	opposite	1422	1488	1488	95.5645	0
FoCotton	KK035248.1	35043	34103	35035	NC_030991.1	4589937	2501497	2502428	opposite	881	932	931	94.5279	0
FoCotton	KK035305.1	14330	9012	10895	NC_030991.1	4589937	2519338	2521009	opposite	1554	1902	1671	81.7035	60
FoCotton	JH658138.1	21495	7743	9493	NC_030991.1	4589937	2580484	2582231	same	1681	1750	1747	96.0571	0
FoCotton	KK035736.1	1592	0	1496	NC_030991.1	4589937	2595237	2596739	same	1430	1502	1502	95.2064	0
FoCotton	KK035349.1	9530	8226	9237	NC_030991.1	4589937	2598422	2599431	opposite	962	1011	1009	95.1533	13
FoCotton	JH658052.1	45501	38230	38663	NC_030991.1	4589937	2622554	2622988	same	427	434	434	98.3871	0
FoCotton	KK035441.1	5474	3621	5474	NC_030991.1	4589937	2651084	2652937	opposite	1818	1853	1853	98.1112	0
FoCotton	KK035663.1	2007	0	617	NC_030991.1	4589937	2653765	2654378	opposite	608	617	613	98.5413	0
FoCotton	JH657997.1	100508	79047	79454	NC_030991.1	4589937	2659788	2660196	opposite	398	408	408	97.5490	0
FoCotton	KK035282.1	17112	16046	16938	NC_030991.1	4589937	2679233	2680125	same	870	892	892	97.5336	0
FoCotton	JH658017.1	87296	16325	19499	NC_030991.1	4589937	2679233	2682408	opposite	3077	3175	3175	96.9134	12
FoCotton	JH658010.1	85358	39913	43089	NC_030991.1	4589937	2679233	2682410	opposite	3006	3177	3177	94.6176	15
FoCotton	JH658037.1	58229	17292	20393	NC_030991.1	4589937	2679283	2682408	opposite	2944	3125	3125	94.2080	3
FoCotton	KK035486.1	4310	0	2249	NC_030991.1	4589937	2680160	2682410	same	2189	2250	2250	97.2889	0
FoCotton	JH658077.1	32478	9764	10885	NC_030991.1	4589937	2681296	2682408	same	1085	1123	1112	96.6162	0
FoCotton	KK035711.1	1727	0	1727	NC_030991.1	4589937	2721396	2723138	opposite	1673	1742	1742	96.0390	0
FoCotton	JH658264.1	3782	5	2496	NC_030991.1	4589937	2751483	2754610	opposite	2450	3129	3127	78.2998	0
FoCotton	JH658097.1	27353	19329	25263	NC_030991.1	4589937	2752375	2758122	opposite	5370	5880	5747	91.3265	60
FoCotton	JH658068.1	36695	0	473	NC_030991.1	4589937	2756546	2757019	same	468	473	473	98.9429	0
FoCotton	KK035510.1	3751	2348	3751	NC_030991.1	4589937	2756905	2758312	opposite	1323	1409	1407	93.8964	0
FoCotton	KK035510.1	3751	0	2041	NC_030991.1	4589937	2758619	2760524	opposite	1831	2043	1905	89.6231	0
FoCotton	JH658097.1	27353	16355	18307	NC_030991.1	4589937	2759014	2761808	opposite	1754	2596	2794	67.5655	60
FoCotton	JH658127.1	21339	20037	20877	NC_030991.1	4589937	2794374	2795224	opposite	769	850	850	90.4706	0
FoCotton	KK035352.1	9147	0	1032	NC_030991.1	4589937	2805192	2806231	same	980	1039	1039	94.3215	27
FoCotton	JH658076.1	33158	18005	18608	NC_030991.1	4589937	2805912	2806522	same	561	610	610	91.9672	0
FoCotton	KK035352.1	9147	1495	2048	NC_030991.1	4589937	2806968	2807521	same	526	553	553	95.1175	0
FoCotton	JH658107.1	24886	11392	12009	NC_030991.1	4589937	2839795	2840412	same	576	617	617	93.3549	0
FoCotton	JH658071.1	36287	34211	36221	NC_030991.1	4589937	2879129	2881142	same	1908	2013	2013	94.7839	0
FoCotton	JH658023.1	73102	66821	73102	NC_030991.1	4589937	2879783	2886050	opposite	5930	6289	6267	94.2916	0
FoCotton	JH657995.1	102212	56320	62030	NC_030991.1	4589937	2880357	2886050	opposite	5375	5715	5693	94.0507	0
FoCotton	JH658023.1	73102	62587	64416	NC_030991.1	4589937	2889063	2890895	opposite	1753	1832	1832	95.6878	0
FoCotton	JH658023.1	73102	60587	61805	NC_030991.1	4589937	2891234	2892452	opposite	1136	1218	1218	93.2677	0
FoCotton	JH658023.1	73102	57074	57948	NC_030991.1	4589937	2894979	2895854	opposite	834	875	875	95.3143	0
FoCotton	JH658023.1	73102	55178	56123	NC_030991.1	4589937	2896446	2897393	opposite	893	947	947	94.2978	0
FoCotton	JH658023.1	73102	53710	54858	NC_030991.1	4589937	2897709	2898859	opposite	1053	1152	1150	91.4063	0
FoCotton	JH658023.1	73102	51154	53132	NC_030991.1	4589937	2899461	2901442	opposite	1884	1981	1981	95.1035	0
FoCotton	JH658023.1	73102	39357	42041	NC_030991.1	4589937	2910024	2912288	opposite	2162	2725	2264	79.3394	0
FoCotton	JH658023.1	73102	33704	39167	NC_030991.1	4589937	2912476	2919820	opposite	5155	7398	7344	69.6810	0
FoCotton	JH658023.1	73102	30796	33434	NC_030991.1	4589937	2924743	2927386	opposite	2431	2652	2643	91.6667	0
FoCotton	JH657995.1	102212	11943	16957	NC_030991.1	4589937	2924743	2932818	opposite	4623	7508	8075	61.5743	41
FoCotton	JH658023.1	73102	28218	30670	NC_030991.1	4589937	2930569	2932792	opposite	2016	2234	2223	90.2417	0
FoCotton	KK035344.1	10039	0	6195	NC_030991.1	4589937	2940431	2946236	same	5743	6199	5805	92.6440	3
FoCotton	JH658039.1	55499	16914	23809	NC_030991.1	4589937	2995560	3002788	opposite	6545	7277	7228	89.9409	0
FoCotton	JH658036.1	60600	43544	44414	NC_030991.1	4589937	3014567	3015437	opposite	812	870	870	93.3333	0
FoCotton	JH658039.1	55499	0	2259	NC_030991.1	4589937	3021134	3023388	opposite	2153	2260	2254	95.2655	0
FoCotton	JH658149.1	16942	5312	6970	NC_030991.1	4589937	3023921	3025579	same	1644	1658	1658	99.1556	17
FoCotton	KK035554.1	3118	1497	3118	NC_030991.1	4589937	3023966	3025634	opposite	1522	1683	1668	90.4337	60
FoCotton	JH658036.1	60600	29265	35291	NC_030991.1	4589937	3023979	3030006	opposite	5869	6061	6027	96.8322	9
FoCotton	JH657991.1	111555	0	1502	NC_030991.1	4589937	3024085	3025634	same	1405	1564	1549	89.8338	60
FoCotton	JH658009.1	89445	86129	89445	NC_030991.1	4589937	3113561	3116864	same	3255	3316	3303	98.1604	0
FoCotton	KK035253.1	27786	26485	27786	NC_030991.1	4589937	3114110	3115407	same	1279	1301	1297	98.3090	0
FoCotton	KK035361.1	8537	0	8376	NC_030991.1	4589937	3119436	3127811	opposite	8307	8376	8375	99.1762	0
FoCotton	KK035751.1	1476	0	1082	NC_030991.1	4589937	3148754	3149837	opposite	1071	1083	1083	98.8920	0
FoCotton	JH658110.1	24603	4816	5391	NC_030991.1	4589937	3159084	3159634	opposite	527	582	550	90.5498	0
FoCotton	JH658169.1	16349	12028	13399	NC_030991.1	4589937	3161395	3162767	same	1360	1372	1372	99.1254	0
FoCotton	KK035464.1	4650	1587	3171	NC_030991.1	4589937	3190014	3191600	opposite	1486	1597	1586	93.0495	0
FoCotton	JH658039.1	55499	41434	43796	NC_030991.1	4589937	3238482	3243637	opposite	2234	5186	5155	43.0775	0
FoCotton	KK035698.1	1821	179	1821	NC_030991.1	4589937	3276209	3277851	same	1610	1642	1642	98.0512	0
FoCotton	JH658234.1	7080	2476	4344	NC_030991.1	4589937	3376062	3377950	same	1837	1888	1888	97.2987	1
FoCotton	JH658169.1	16349	14114	16177	NC_030991.1	4589937	3418157	3420221	same	2044	2064	2064	99.0310	0
FoCotton	KK035498.1	4029	864	1807	NC_030991.1	4589937	3421587	3422532	opposite	887	946	945	93.7632	0
FoCotton	JH658232.1	7464	6892	7464	NC_030991.1	4589937	3459598	3460170	same	563	572	572	98.4266	0
FoCotton	JH658203.1	9860	0	442	NC_030991.1	4589937	3459824	3460266	opposite	439	442	442	99.3213	0
FoCotton	KK035588.1	2805	10	2802	NC_030991.1	4589937	3466160	3468952	same	2784	2792	2792	99.7135	0
FoCotton	JH658008.1	87225	2332	2970	NC_030991.1	4589937	3470210	3470849	same	619	639	639	96.8701	0
FoCotton	JH658009.1	89445	3615	16145	NC_030991.1	4589937	3478218	3491585	opposite	12162	13388	13367	90.8425	60
FoCotton	JH658121.1	21774	20304	21175	NC_030991.1	4589937	3506932	3507785	opposite	835	871	853	95.8668	60
FoCotton	JH658131.1	21696	12811	13342	NC_030991.1	4589937	3530281	3530812	same	526	532	531	98.8722	0
FoCotton	KK035605.1	2578	1627	2578	NC_030991.1	4589937	3577909	3578857	same	905	951	948	95.1630	0
FoCotton	JH658121.1	21774	386	8154	NC_030991.1	4589937	3598947	3605804	opposite	6549	7137	6857	91.7612	0
FoCotton	JH658009.1	89445	0	319	NC_030991.1	4589937	3692044	3692366	same	316	322	322	98.1366	0
FoCotton	KK035251.1	31739	3404	3640	NC_030991.1	4589937	3831218	3831454	same	233	236	236	98.7288	0
FoCotton	KK035251.1	31739	3638	7063	NC_030991.1	4589937	3834110	3837598	same	3231	3630	3488	89.0083	0
FoCotton	KK035251.1	31739	7152	9158	NC_030991.1	4589937	3837604	3839429	same	1766	2017	1825	87.5558	0
FoCotton	KK035255.1	27702	8485	10685	NC_030991.1	4589937	3850090	3852290	opposite	2122	2200	2200	96.4545	3
FoCotton	JH658009.1	89445	30225	33896	NC_030991.1	4589937	3853152	3856758	same	3333	3747	3606	88.9512	0
FoCotton	JH658009.1	89445	34698	36188	NC_030991.1	4589937	3858120	3859535	same	1352	1490	1415	90.7383	40
FoCotton	JH658229.1	6912	0	1028	NC_030991.1	4589937	3859533	3860561	opposite	1019	1028	1028	99.1245	0
FoCotton	JH658148.1	18046	8569	11744	NC_030991.1	4589937	3869897	3873063	same	3054	3175	3166	96.1890	0
FoCotton	JH658136.1	19609	9697	11418	NC_030991.1	4589937	3902407	3904128	opposite	1714	1721	1721	99.5933	0
FoCotton	JH658213.1	8985	660	893	NC_030991.1	4589937	3908055	3908288	same	230	233	233	98.7124	0
FoCotton	JH658136.1	19609	1087	2035	NC_030991.1	4589937	3908055	3908959	same	881	948	904	92.9325	0
FoCotton	KK035320.1	12266	4	1070	NC_030991.1	4589937	3911952	3913001	same	1035	1066	1049	97.0919	0
FoCotton	JH658016.1	79893	4983	7726	NC_030991.1	4589937	3914518	3917238	same	2528	2753	2720	91.8271	60
FoCotton	KK035731.1	1640	689	1471	NC_030991.1	4589937	3933650	3934432	opposite	750	782	782	95.9079	0
FoCotton	JH658218.1	8482	0	779	NC_030991.1	4589937	3935555	3936335	opposite	754	780	780	96.6667	0
FoCotton	JH658060.1	38410	34651	35758	NC_030991.1	4589937	3961274	3962493	same	1067	1219	1219	87.5308	0
FoCotton	JH657943.1	355385	0	351	NC_030991.1	4589937	3984941	3985292	opposite	338	351	351	96.2963	0
FoCotton	KK035275.1	18606	8437	12262	NC_030991.1	4589937	3991814	3995640	opposite	3634	3832	3826	94.8330	17
FoCotton	KK035495.1	4062	603	3877	NC_030991.1	4589937	4010787	4014122	opposite	3150	3336	3335	94.4245	0
FoCotton	JH657932.1	836366	785460	787682	NC_030991.1	4589937	4022662	4024884	opposite	2088	2222	2222	93.9694	0
FoCotton	JH658081.1	32516	15950	17783	NC_030991.1	4589937	4022973	4024808	opposite	1718	1835	1835	93.6240	0
FoCotton	JH658050.1	42973	36467	42969	NC_030991.1	4589937	4033951	4043490	same	4523	11405	9539	39.6580	60
FoCotton	JH658180.1	11559	9938	10531	NC_030991.1	4589937	4034151	4034745	opposite	564	594	594	94.9495	0
FoCotton	JH658180.1	11559	7475	8325	NC_030991.1	4589937	4041273	4042124	opposite	792	851	851	93.0670	0
FoCotton	JH658180.1	11559	3488	4499	NC_030991.1	4589937	4044791	4045787	opposite	927	1016	996	91.2402	8
FoCotton	KK035800.1	1225	0	1225	NC_030991.1	4589937	4044825	4046050	same	1206	1225	1225	98.4490	0
FoCotton	JH658180.1	11559	1861	3085	NC_030991.1	4589937	4046299	4047523	opposite	1131	1224	1224	92.4020	0
FoCotton	KK035603.1	2628	0	2628	NC_030991.1	4589937	4046952	4049580	same	2617	2628	2628	99.5814	60
FoCotton	JH658179.1	11586	1695	11586	NC_030991.1	4589937	4049282	4055184	opposite	5532	6686	5902	82.7401	60
FoCotton	KK035739.1	1576	100	1576	NC_030991.1	4589937	4057978	4059367	same	1353	1478	1389	91.5426	0
FoCotton	KK035599.1	2690	0	2214	NC_030991.1	4589937	4064034	4066249	opposite	2180	2215	2215	98.4199	0
FoCotton	KK035613.1	2498	0	2498	NC_030991.1	4589937	4068950	4071397	same	2339	2516	2447	92.9650	0
FoCotton	KK035766.1	1341	0	1110	NC_030991.1	4589937	4087174	4088287	same	1054	1113	1113	94.6990	0
FoCotton	KK035440.1	5488	2407	5488	NC_030991.1	4589937	4093446	4096461	opposite	2786	3115	3015	89.4382	0
FoCotton	KK035356.1	9035	2462	6942	NC_030991.1	4589937	4119747	4124238	opposite	4292	4496	4491	95.4626	0
FoCotton	KK035567.1	2964	75	2552	NC_030991.1	4589937	4139921	4142398	same	2424	2477	2477	97.8603	0
FoCotton	KK035600.1	2647	0	2617	NC_030991.1	4589937	4145642	4148208	opposite	2500	2620	2566	95.4198	0
FoCotton	KK035333.1	11014	128	10290	NC_030991.1	4589937	4148850	4159042	opposite	10003	10196	10192	98.1071	6
FoCotton	JH658238.1	6232	0	1515	NC_030991.1	4589937	4169438	4170953	same	1484	1516	1515	97.8892	0
FoCotton	KK035589.1	2725	0	1337	NC_030991.1	4589937	4180917	4182310	same	1294	1393	1393	92.8930	0
FoCotton	JH658262.1	4991	0	4991	NC_030991.1	4589937	4185392	4190032	opposite	4423	4920	4640	89.8984	19
FoCotton	JH658191.1	11733	0	11733	NC_030991.1	4589937	4191449	4204481	opposite	11419	12932	13032	88.3003	20
FoCotton	KK035379.1	7542	1749	7542	NC_030991.1	4589937	4206435	4212238	same	5688	5816	5803	97.7992	8
FoCotton	KK035365.1	8155	10	8022	NC_030991.1	4589937	4214913	4223328	opposite	7772	8430	8415	92.1945	29
FoCotton	KK035683.1	1891	946	1891	NC_030991.1	4589937	4224410	4225355	opposite	889	945	945	94.0741	0
FoCotton	KK035331.1	11031	4470	11031	NC_030991.1	4589937	4227689	4232696	same	4872	6574	5007	74.1101	60
FoCotton	KK035696.1	2234	1124	2073	NC_030991.1	4589937	4262132	4263083	same	909	951	951	95.5836	0
FoCotton	JH658220.1	8603	0	1330	NC_030991.1	4589937	4270028	4271359	same	1319	1331	1331	99.0984	60
FoCotton	JH658220.1	8603	2279	3118	NC_030991.1	4589937	4272321	4273159	same	823	839	838	98.0930	60
FoCotton	JH658220.1	8603	3965	8603	NC_030991.1	4589937	4273774	4278450	same	4375	4707	4676	92.9467	60
FoCotton	KK035771.1	1385	0	1385	NC_030991.1	4589937	4275885	4277272	same	1354	1387	1387	97.6208	60
FoCotton	JH658255.1	7162	3758	7162	NC_030991.1	4589937	4280215	4283928	opposite	3363	3725	3713	90.2819	60
FoCotton	KK035678.1	1937	305	1937	NC_030991.1	4589937	4280540	4282135	opposite	1470	1634	1595	89.9633	60
FoCotton	JH658255.1	7162	2240	3518	NC_030991.1	4589937	4284200	4285437	opposite	1042	1333	1237	78.1695	60
FoCotton	KK035697.1	1762	0	585	NC_030991.1	4589937	4287180	4287765	opposite	575	585	585	98.2906	60
FoCotton	KK035553.1	3131	4	2319	NC_030991.1	4589937	4292664	4294979	same	2275	2315	2315	98.2721	60
FoCotton	JH658168.1	15159	14469	15159	NC_030991.1	4589937	4294289	4294979	opposite	675	690	690	97.8261	60
FoCotton	JH658168.1	15159	4810	11675	NC_030991.1	4589937	4301440	4308231	opposite	6635	6874	6791	96.5231	60
FoCotton	KK035396.1	7035	207	6492	NC_030991.1	4589937	4311850	4318135	opposite	5909	6331	6285	93.3344	60
FoCotton	KK035774.1	1339	39	1167	NC_030991.1	4589937	4318408	4319527	opposite	1075	1130	1119	95.1327	60
FoCotton	JH658258.1	4745	1240	3489	NC_030991.1	4589937	4319349	4321599	same	2158	2250	2250	95.9111	60
FoCotton	JH658235.1	6273	6041	6273	NC_030991.1	4589937	4323269	4323501	opposite	231	232	232	99.5690	60
FoCotton	JH658235.1	6273	0	4982	NC_030991.1	4589937	4324521	4328535	opposite	3769	4072	4014	92.5589	60
FoCotton	JH658092.1	32956	32307	32956	NC_030991.1	4589937	4333101	4333750	opposite	647	649	649	99.6918	60
FoCotton	JH658092.1	32956	24475	28933	NC_030991.1	4589937	4336468	4340796	opposite	4243	4380	4328	96.8721	60
FoCotton	JH658092.1	32956	10798	21385	NC_030991.1	4589937	4340990	4348811	opposite	7035	8205	7821	85.7404	60
FoCotton	JH658092.1	32956	8951	10583	NC_030991.1	4589937	4349004	4350650	opposite	1481	1546	1646	95.7956	60
FoCotton	JH658092.1	32956	0	7986	NC_030991.1	4589937	4350845	4359115	opposite	7420	8473	8270	87.5723	60
FoCotton	JH658101.1	27360	25906	27241	NC_030991.1	4589937	4367845	4369180	same	1315	1335	1335	98.5019	0
FoCotton	JH658101.1	27360	3111	11029	NC_030991.1	4589937	4382275	4390013	opposite	7531	7925	7738	95.0284	60
FoCotton	JH658132.1	22019	16917	18077	NC_030991.1	4589937	4390011	4391169	same	1132	1160	1158	97.5862	0
FoCotton	KK035254.1	27821	27463	27821	NC_030991.1	4589937	4398763	4399121	same	355	358	358	99.1620	0
FoCotton	KK035437.1	5498	8	646	NC_030991.1	4589937	4406994	4407646	same	611	653	652	93.5681	0
FoCotton	KK035469.1	4548	2124	3011	NC_030991.1	4589937	4406994	4407664	same	647	889	670	72.7784	60
FoCotton	KK035467.1	4616	0	609	NC_030991.1	4589937	4407061	4407673	opposite	588	615	612	95.6098	0
FoCotton	KK035596.1	2698	2059	2698	NC_030991.1	4589937	4407329	4407970	opposite	608	643	641	94.5568	0
FoCotton	KK035469.1	4548	1905	2549	NC_030991.1	4589937	4413660	4414305	same	611	653	645	93.5681	60
FoCotton	KK035581.1	2810	404	2810	NC_030991.1	4589937	4414362	4416768	opposite	2398	2406	2406	99.6675	0
FoCotton	JH658132.1	22019	5963	6476	NC_030991.1	4589937	4416766	4417279	opposite	498	513	513	97.0760	0
FoCotton	JH658108.1	24796	850	3031	NC_030991.1	4589937	4416799	4418974	same	2052	2181	2175	94.0853	0
FoCotton	JH658168.1	15159	1221	2814	NC_030991.1	4589937	4417381	4418974	same	1468	1593	1593	92.1532	0
FoCotton	JH657978.1	171404	41928	42910	NC_030991.1	4589937	4424853	4425831	same	921	982	978	93.7882	0
FoCotton	JH658022.1	73370	1748	2359	NC_030991.1	4589937	4425220	4425831	same	568	611	611	92.9624	0
FoCotton	JH657978.1	171404	42911	43783	NC_030991.1	4589937	4431857	4432724	same	801	872	867	91.8578	0
FoCotton	JH657970.1	202139	186356	186800	NC_030991.1	4589937	4441999	4442443	opposite	444	444	444	100.0000	0
FoCotton	JH657945.1	346831	284444	284887	NC_030991.1	4589937	4442000	4442443	same	443	443	443	100.0000	0
FoCotton	JH658009.1	89445	43201	43644	NC_030991.1	4589937	4442000	4442443	opposite	443	443	443	100.0000	0
FoCotton	JH658142.1	22586	0	233	NC_030991.1	4589937	4442001	4442234	opposite	230	233	233	98.7124	0
FoCotton	JH657931.1	857877	56443	56884	NC_030991.1	4589937	4442001	4442443	same	441	442	442	99.7738	0
FoCotton	JH657938.1	512028	6952	7394	NC_030991.1	4589937	4442001	4442443	opposite	442	442	442	100.0000	0
FoCotton	JH657972.1	191548	81045	81487	NC_030991.1	4589937	4442001	4442443	opposite	442	442	442	100.0000	0
FoCotton	JH658044.1	55790	16334	16776	NC_030991.1	4589937	4442001	4442443	opposite	442	442	442	100.0000	0
FoCotton	JH658082.1	31385	28294	28736	NC_030991.1	4589937	4442001	4442443	opposite	442	442	442	100.0000	0
FoCotton	JH658152.1	16208	4499	4941	NC_030991.1	4589937	4442001	4442443	opposite	442	442	442	100.0000	0
FoCotton	KK035253.1	27786	2887	3329	NC_030991.1	4589937	4442001	4442443	same	440	442	442	99.5475	0
FoCotton	KK035434.1	5462	1902	2344	NC_030991.1	4589937	4442001	4442443	opposite	442	442	442	100.0000	0
FoCotton	KK035514.1	3710	2294	2736	NC_030991.1	4589937	4442001	4442443	same	442	442	442	100.0000	0
FoCotton	KK035509.1	3731	0	400	NC_030991.1	4589937	4471652	4472052	opposite	396	400	400	99.0000	43
FoCotton	KK035318.1	12633	8741	9171	NC_030991.1	4589937	4471653	4472083	same	426	430	430	99.0698	37
FoCotton	JH658065.1	36326	5831	6197	NC_030991.1	4589937	4471707	4472072	opposite	357	366	365	97.5410	31
FoCotton	JH658065.1	36326	4779	5675	NC_030991.1	4589937	4472202	4473113	opposite	847	911	911	92.9748	60
FoCotton	KK035326.1	11716	441	1529	NC_030991.1	4589937	4472219	4473319	opposite	1022	1100	1100	92.9091	1
FoCotton	JH658157.1	15005	11493	13066	NC_030991.1	4589937	4475271	4476844	opposite	1492	1573	1573	94.8506	1
FoCotton	KK035421.1	6031	1375	6031	NC_030991.1	4589937	4515931	4520567	opposite	4535	4656	4636	97.4012	60
FoCotton	KK035544.1	3315	705	1719	NC_030991.1	4589937	4517864	4518879	same	981	1015	1015	96.6502	60
FoCotton	JH658231.1	7172	2941	3690	NC_030991.1	4589937	4523572	4524320	opposite	737	749	748	98.3979	60
FoCotton	JH658188.1	11767	7562	9076	NC_030991.1	4589937	4529966	4531480	same	1482	1514	1514	97.8864	60
FoCotton	KK035518.1	3607	2852	3607	NC_030991.1	4589937	4531482	4532239	same	733	757	757	96.8296	60
FoCotton	JH658161.1	15983	7367	10514	NC_030991.1	4589937	4535611	4538737	opposite	2940	3162	3126	92.9791	60
FoCotton	JH658129.1	21255	16756	18662	NC_030991.1	4589937	4536440	4538354	opposite	1825	1915	1914	95.3003	55
FoCotton	JH658133.1	20702	9023	11861	NC_030991.1	4589937	4540096	4542937	opposite	2685	2841	2841	94.5090	1
FoCotton	JH658157.1	15005	1774	3138	NC_030991.1	4589937	4541665	4543029	same	1274	1364	1364	93.4018	60
FoCotton	JH658056.1	44044	29669	31975	NC_030991.1	4589937	4573039	4575266	opposite	2113	2306	2227	91.6305	60
FoCotton	JH657945.1	346831	277144	279293	NC_030991.1	4589937	4582717	4584918	same	1946	2208	2201	88.1341	59
FoCotton	JH658133.1	20702	15086	16192	NC_030991.1	4589937	4588395	4589501	opposite	1072	1106	1106	96.9259	0
FoCotton	KK035424.1	5910	149	474	NC_030992.1	4347182	3989	4312	opposite	314	325	323	96.6154	0
FoCotton	JH657935.1	579230	32597	33795	NC_030992.1	4347182	10573	11771	same	1156	1198	1198	96.4942	60
FoCotton	JH657935.1	579230	50343	60118	NC_030992.1	4347182	12290	20239	same	7759	9781	7949	79.3273	60
FoCotton	JH657935.1	579230	68204	132708	NC_030992.1	4347182	20641	79458	same	51721	70171	58817	73.7071	60
FoCotton	JH657935.1	579230	133675	135841	NC_030992.1	4347182	81545	83709	same	2052	2168	2164	94.6494	60
FoCotton	JH657935.1	579230	136155	141165	NC_030992.1	4347182	84019	89040	same	4819	5022	5021	95.9578	60
FoCotton	JH657935.1	579230	141301	148187	NC_030992.1	4347182	89176	95881	same	6497	6891	6705	94.2824	60
FoCotton	JH657935.1	579230	150018	155186	NC_030992.1	4347182	95879	101719	same	5019	5843	5840	85.8977	60
FoCotton	JH657935.1	579230	155326	167878	NC_030992.1	4347182	101918	114470	same	12274	12553	12552	97.7774	60
FoCotton	JH657935.1	579230	168032	175193	NC_030992.1	4347182	114641	121758	same	6887	7168	7117	96.0798	60
FoCotton	JH657935.1	579230	175590	186596	NC_030992.1	4347182	122151	133181	same	10587	10959	11030	96.6055	60
FoCotton	JH657935.1	579230	186920	199316	NC_030992.1	4347182	133467	145766	same	11832	12411	12299	95.3348	60
FoCotton	JH657935.1	579230	199623	218047	NC_030992.1	4347182	146196	167521	same	17972	21340	21325	84.2174	60
FoCotton	JH657935.1	579230	225893	226155	NC_030992.1	4347182	183851	184113	same	258	262	262	98.4733	60
FoCotton	JH657935.1	579230	226295	247535	NC_030992.1	4347182	184253	205499	same	20740	21260	21246	97.5541	60
FoCotton	JH657935.1	579230	248034	251647	NC_030992.1	4347182	206062	209220	same	3063	3619	3158	84.6366	60
FoCotton	JH657935.1	579230	256116	268077	NC_030992.1	4347182	213671	225797	same	11535	11945	12126	96.5676	60
FoCotton	JH657935.1	579230	268321	269815	NC_030992.1	4347182	232522	234020	same	1455	1501	1498	96.9354	60
FoCotton	JH657935.1	579230	272813	273260	NC_030992.1	4347182	237443	237890	same	430	447	447	96.1969	60
FoCotton	JH657935.1	579230	278301	301968	NC_030992.1	4347182	247402	271045	same	23184	23678	23643	97.9137	60
FoCotton	JH657935.1	579230	302061	302506	NC_030992.1	4347182	271296	271741	same	425	445	445	95.5056	60
FoCotton	JH657935.1	579230	303368	339799	NC_030992.1	4347182	272176	312671	same	32686	43154	40495	75.7427	60
FoCotton	JH657935.1	579230	340061	375460	NC_030992.1	4347182	312943	353449	same	33874	40985	40506	82.6497	60
FoCotton	JH657935.1	579230	381371	383722	NC_030992.1	4347182	359868	362228	same	2283	2362	2360	96.6554	60
FoCotton	JH657935.1	579230	384035	389709	NC_030992.1	4347182	373993	379654	same	5432	5692	5661	95.4322	60
FoCotton	JH657935.1	579230	389810	522461	NC_030992.1	4347182	379755	476740	same	94284	132541	96985	71.1357	60
FoCotton	JH657935.1	579230	529746	532677	NC_030992.1	4347182	484073	487007	same	2702	2940	2934	91.9048	60
FoCotton	JH657935.1	579230	538010	539052	NC_030992.1	4347182	494642	495684	same	1009	1042	1042	96.8330	60
FoCotton	JH657935.1	579230	541527	578210	NC_030992.1	4347182	498717	536085	same	35589	37451	37368	95.0282	60
FoCotton	JH657960.1	246006	4858	37636	NC_030992.1	4347182	542800	574583	same	30859	32618	31783	94.6073	60
FoCotton	JH657960.1	246006	39445	47779	NC_030992.1	4347182	576505	584847	same	8294	8342	8342	99.4246	60
FoCotton	JH657960.1	246006	48201	136716	NC_030992.1	4347182	585291	673851	same	87370	88677	88560	98.5261	60
FoCotton	JH657960.1	246006	136867	142433	NC_030992.1	4347182	674051	679617	same	5438	5567	5566	97.6828	60
FoCotton	JH657960.1	246006	144856	146710	NC_030992.1	4347182	682035	683891	same	1727	1860	1856	92.8495	60
FoCotton	JH657960.1	246006	146935	155248	NC_030992.1	4347182	684116	692450	same	8095	8337	8334	97.0973	60
FoCotton	JH657960.1	246006	155563	158817	NC_030992.1	4347182	692853	696106	same	3181	3260	3253	97.5767	60
FoCotton	JH657960.1	246006	162148	190012	NC_030992.1	4347182	696842	724931	same	27311	27953	28089	97.7033	60
FoCotton	JH657960.1	246006	190185	195762	NC_030992.1	4347182	725104	730697	same	5459	5604	5593	97.4126	60
FoCotton	JH657960.1	246006	196043	198976	NC_030992.1	4347182	730985	733922	same	2901	2939	2937	98.7070	60
FoCotton	JH657960.1	246006	199598	208069	NC_030992.1	4347182	735005	743521	same	8326	8521	8516	97.7115	60
FoCotton	JH657960.1	246006	218142	245929	NC_030992.1	4347182	752711	780508	same	27109	27768	27797	97.6268	60
FoCotton	KK035217.1	122128	115483	122040	NC_030992.1	4347182	780503	787068	opposite	6435	6565	6565	98.0198	60
FoCotton	KK035217.1	122128	106928	115025	NC_030992.1	4347182	787642	795741	opposite	7911	8107	8099	97.5823	60
FoCotton	KK035217.1	122128	100095	104395	NC_030992.1	4347182	796354	800655	opposite	4184	4308	4301	97.1216	60
FoCotton	KK035217.1	122128	88395	90236	NC_030992.1	4347182	804345	806186	opposite	1788	1843	1841	97.0157	60
FoCotton	KK035217.1	122128	82639	86116	NC_030992.1	4347182	815694	819170	opposite	3244	3478	3476	93.2720	60
FoCotton	KK035217.1	122128	75795	81315	NC_030992.1	4347182	820500	826028	opposite	5393	5529	5528	97.5402	60
FoCotton	KK035217.1	122128	66394	70489	NC_030992.1	4347182	831855	835951	opposite	3982	4097	4096	97.1931	60
FoCotton	KK035217.1	122128	64410	65399	NC_030992.1	4347182	837073	838063	opposite	975	990	990	98.4848	60
FoCotton	KK035217.1	122128	51302	63037	NC_030992.1	4347182	839319	851123	opposite	11393	11703	11804	97.3511	60
FoCotton	KK035217.1	122128	66	50986	NC_030992.1	4347182	851454	901102	opposite	48508	51071	49648	94.9815	60
FoCotton	KK035222.1	96460	11398	96271	NC_030992.1	4347182	901100	986715	opposite	83770	85734	85615	97.7092	60
FoCotton	KK035222.1	96460	2214	11139	NC_030992.1	4347182	987151	998749	opposite	8783	11688	11598	75.1454	60
FoCotton	JH657921.1	1703197	1673799	1700982	NC_030992.1	4347182	998747	1025996	opposite	26901	27266	27249	98.6613	60
FoCotton	JH657921.1	1703197	1579639	1673284	NC_030992.1	4347182	1026595	1121840	opposite	92638	95412	95245	97.0926	60
FoCotton	JH657921.1	1703197	1522900	1578633	NC_030992.1	4347182	1122193	1180289	opposite	54794	58158	58096	94.2158	60
FoCotton	JH657921.1	1703197	1451149	1522825	NC_030992.1	4347182	1180372	1250965	opposite	69962	71733	70593	97.5311	60
FoCotton	JH657921.1	1703197	1382144	1450844	NC_030992.1	4347182	1251318	1320165	opposite	67986	68959	68847	98.5890	60
FoCotton	JH657921.1	1703197	1367047	1381828	NC_030992.1	4347182	1320543	1335332	opposite	14601	14820	14789	98.5223	60
FoCotton	JH657921.1	1703197	1341427	1366918	NC_030992.1	4347182	1335479	1361131	opposite	25279	25658	25652	98.5229	60
FoCotton	JH657921.1	1703197	1273606	1340819	NC_030992.1	4347182	1361564	1428755	opposite	66351	67358	67191	98.5050	60
FoCotton	KK035274.1	19116	17038	17717	NC_030992.1	4347182	1383038	1383717	same	625	679	679	92.0471	60
FoCotton	JH657921.1	1703197	1200842	1273548	NC_030992.1	4347182	1428821	1501828	opposite	71859	73120	73007	98.2754	60
FoCotton	JH657921.1	1703197	1140667	1200638	NC_030992.1	4347182	1502040	1561978	opposite	59392	60001	59938	98.9850	60
FoCotton	JH657921.1	1703197	1050018	1140012	NC_030992.1	4347182	1562910	1653733	opposite	88485	91485	90823	96.7208	60
FoCotton	JH657921.1	1703197	1015331	1049801	NC_030992.1	4347182	1653972	1688427	opposite	34068	34548	34455	98.6106	60
FoCotton	JH657921.1	1703197	1000415	1015240	NC_030992.1	4347182	1688518	1703427	opposite	14668	14935	14909	98.2123	60
FoCotton	JH658010.1	85358	50584	50866	NC_030992.1	4347182	1703426	1703708	same	280	282	282	99.2908	60
FoCotton	JH657921.1	1703197	964543	1000225	NC_030992.1	4347182	1703826	1740308	opposite	35304	36381	36482	97.0397	60
FoCotton	JH657921.1	1703197	932686	963440	NC_030992.1	4347182	1741465	1772263	opposite	30387	30884	30798	98.3908	60
FoCotton	JH657921.1	1703197	919402	932387	NC_030992.1	4347182	1772639	1785639	opposite	12881	13020	13000	98.9324	60
FoCotton	JH657921.1	1703197	906221	919140	NC_030992.1	4347182	1786049	1799001	opposite	12733	12983	12952	98.0744	60
FoCotton	JH657921.1	1703197	848695	906121	NC_030992.1	4347182	1799107	1857094	opposite	56643	57377	57987	98.7207	60
FoCotton	JH657921.1	1703197	846101	848380	NC_030992.1	4347182	1858297	1860576	opposite	2259	2279	2279	99.1224	60
FoCotton	JH657921.1	1703197	741652	845338	NC_030992.1	4347182	1860880	1964832	opposite	101805	104521	103952	97.4015	60
FoCotton	JH657921.1	1703197	738327	741352	NC_030992.1	4347182	1965324	1968351	opposite	3002	3027	3027	99.1741	60
FoCotton	JH657921.1	1703197	709420	736926	NC_030992.1	4347182	1969625	1997070	opposite	27118	27592	27445	98.2821	60
FoCotton	JH657921.1	1703197	706314	708132	NC_030992.1	4347182	1998987	2000805	opposite	1793	1818	1818	98.6249	60
FoCotton	JH657921.1	1703197	702788	705672	NC_030992.1	4347182	2000906	2003794	opposite	2846	2891	2888	98.4434	60
FoCotton	JH657921.1	1703197	650526	701696	NC_030992.1	4347182	2004977	2056063	opposite	50539	51280	51086	98.5550	60
FoCotton	JH657921.1	1703197	519398	650208	NC_030992.1	4347182	2056358	2189286	opposite	129535	133172	132928	97.2689	60
FoCotton	JH657921.1	1703197	469992	519318	NC_030992.1	4347182	2189377	2239090	opposite	48822	49793	49713	98.0499	60
FoCotton	JH657991.1	111555	1983	4970	NC_030992.1	4347182	2212541	2215529	same	2876	2988	2988	96.2517	60
FoCotton	JH657921.1	1703197	460345	463645	NC_030992.1	4347182	2239090	2242367	same	3188	3313	3277	96.2270	60
FoCotton	JH657921.1	1703197	427155	460345	NC_030992.1	4347182	2248760	2281972	opposite	32944	33235	33212	99.1244	60
FoCotton	JH657921.1	1703197	323997	424348	NC_030992.1	4347182	2283602	2384339	opposite	99145	100427	100737	98.7235	60
FoCotton	JH657921.1	1703197	299156	323887	NC_030992.1	4347182	2384456	2409226	opposite	24411	24809	24770	98.3957	60
FoCotton	JH657921.1	1703197	187691	299038	NC_030992.1	4347182	2409355	2514831	opposite	103597	110960	105476	93.3643	60
FoCotton	JH657921.1	1703197	140822	186968	NC_030992.1	4347182	2515424	2561537	opposite	45712	46188	46113	98.9694	60
FoCotton	JH657921.1	1703197	13835	140600	NC_030992.1	4347182	2561796	2688630	opposite	125691	127030	126834	98.9459	60
FoCotton	JH657941.1	423970	357854	422924	NC_030992.1	4347182	2689680	2754734	opposite	64405	65166	65054	98.8322	60
FoCotton	JH657941.1	423970	353763	357612	NC_030992.1	4347182	2754968	2758815	opposite	3811	3849	3847	99.0127	60
FoCotton	JH657941.1	423970	328476	353649	NC_030992.1	4347182	2758930	2784092	opposite	24905	25216	25162	98.7667	60
FoCotton	JH657941.1	423970	325754	328420	NC_030992.1	4347182	2784161	2786826	opposite	2651	2667	2665	99.4001	60
FoCotton	JH657941.1	423970	165266	325641	NC_030992.1	4347182	2786944	2945320	opposite	156691	160587	158376	97.5739	60
FoCotton	JH657991.1	111555	15723	18968	NC_030992.1	4347182	2905143	2908403	opposite	3054	3278	3260	93.1666	60
FoCotton	JH658206.1	9717	3839	6250	NC_030992.1	4347182	2906019	2908431	opposite	2276	2412	2412	94.3615	60
FoCotton	KK035772.1	1374	31	1374	NC_030992.1	4347182	2906382	2907725	opposite	1231	1343	1343	91.6605	60
FoCotton	KK035251.1	31739	1088	2737	NC_030992.1	4347182	2906847	2908496	opposite	1563	1649	1649	94.7847	60
FoCotton	JH657941.1	423970	145004	164930	NC_030992.1	4347182	2945716	2965609	opposite	19682	19955	19893	98.6319	60
FoCotton	JH657941.1	423970	119645	144908	NC_030992.1	4347182	2965713	2991054	opposite	25029	25354	25341	98.7182	60
FoCotton	JH657941.1	423970	79640	118283	NC_030992.1	4347182	2992863	3031487	opposite	38104	38695	38624	98.4727	60
FoCotton	JH657941.1	423970	17672	79448	NC_030992.1	4347182	3031683	3092132	opposite	59405	61091	60449	97.2402	60
FoCotton	JH657941.1	423970	12800	16348	NC_030992.1	4347182	3093512	3097062	opposite	3345	3563	3550	93.8816	60
FoCotton	JH657941.1	423970	8776	12564	NC_030992.1	4347182	3097302	3101087	opposite	3684	3788	3785	97.2545	60
FoCotton	JH657941.1	423970	7189	8485	NC_030992.1	4347182	3101362	3102669	opposite	1207	1311	1307	92.0671	60
FoCotton	JH657941.1	423970	2689	4885	NC_030992.1	4347182	3103697	3105894	opposite	2032	2200	2197	92.3636	60
FoCotton	JH657941.1	423970	174	1670	NC_030992.1	4347182	3106461	3107961	opposite	1428	1500	1500	95.2000	60
FoCotton	JH657939.1	507870	57	14289	NC_030992.1	4347182	3107962	3122195	same	14041	14252	14233	98.5195	60
FoCotton	JH657939.1	507870	14508	206725	NC_030992.1	4347182	3122428	3316152	same	189432	193586	193724	97.8542	60
FoCotton	JH657939.1	507870	207073	330101	NC_030992.1	4347182	3316572	3439544	same	121773	123204	122972	98.8385	60
FoCotton	JH657939.1	507870	332310	384315	NC_030992.1	4347182	3440504	3492416	same	51355	51984	51912	98.7900	60
FoCotton	JH657939.1	507870	384584	391693	NC_030992.1	4347182	3492794	3499916	same	7022	7150	7122	98.2098	60
FoCotton	JH657939.1	507870	392471	394312	NC_030992.1	4347182	3500762	3502594	same	1821	1841	1832	98.9136	60
FoCotton	JH657939.1	507870	394429	395923	NC_030992.1	4347182	3502721	3504205	same	1472	1494	1484	98.5274	60
FoCotton	JH657939.1	507870	396165	460846	NC_030992.1	4347182	3504548	3569253	same	64231	64755	64705	99.1908	60
FoCotton	JH657939.1	507870	461520	507775	NC_030992.1	4347182	3570121	3616639	same	45642	46287	46518	98.6065	60
FoCotton	JH657942.1	365605	255896	365407	NC_030992.1	4347182	3617400	3726767	opposite	107856	109783	109367	98.2447	60
FoCotton	JH657942.1	365605	230583	254923	NC_030992.1	4347182	3727812	3752065	opposite	23931	24369	24253	98.2026	60
FoCotton	JH658009.1	89445	53169	53619	NC_030992.1	4347182	3729061	3729511	same	436	450	450	96.8889	60
FoCotton	JH657942.1	365605	91685	226165	NC_030992.1	4347182	3757250	3890819	opposite	130963	133937	133569	97.7796	60
FoCotton	JH657942.1	365605	86748	91421	NC_030992.1	4347182	3891010	3895704	opposite	4604	4696	4694	98.0409	60
FoCotton	JH657942.1	365605	61630	81767	NC_030992.1	4347182	3900118	3920148	opposite	19389	20171	20030	96.1231	60
FoCotton	JH657942.1	365605	16018	59572	NC_030992.1	4347182	3932230	3975805	opposite	42347	43626	43575	97.0683	60
FoCotton	JH657942.1	365605	186	15787	NC_030992.1	4347182	3976037	3992278	opposite	15310	16283	16241	94.0244	60
FoCotton	KK035254.1	27821	93	3996	NC_030992.1	4347182	3992268	3996160	same	3814	3907	3892	97.6197	60
FoCotton	KK035254.1	27821	4402	9407	NC_030992.1	4347182	3996569	4001578	same	4900	5020	5009	97.6096	60
FoCotton	KK035254.1	27821	9426	12616	NC_030992.1	4347182	4001597	4004777	opposite	3078	3190	3180	96.4890	60
FoCotton	KK035254.1	27821	12616	22524	NC_030992.1	4347182	4004777	4014813	same	9636	10112	10036	95.2927	60
FoCotton	KK035254.1	27821	23467	27465	NC_030992.1	4347182	4015763	4019810	same	3846	4064	4047	94.6358	60
FoCotton	KK035652.1	2086	44	1831	NC_030992.1	4347182	4019809	4021542	opposite	1697	1788	1733	94.9105	60
FoCotton	JH657954.1	262474	251345	262234	NC_030992.1	4347182	4021545	4032413	opposite	10645	10898	10868	97.6785	60
FoCotton	JH657954.1	262474	241201	250147	NC_030992.1	4347182	4033613	4042593	opposite	8765	8982	8980	97.5841	60
FoCotton	JH657954.1	262474	227008	240330	NC_030992.1	4347182	4043500	4056892	opposite	12809	13367	13392	95.8255	60
FoCotton	JH657954.1	262474	215929	226908	NC_030992.1	4347182	4057009	4067978	opposite	10736	10994	10969	97.6533	60
FoCotton	JH657954.1	262474	209865	215546	NC_030992.1	4347182	4068363	4074071	opposite	5506	5717	5708	96.3093	60
FoCotton	JH657954.1	262474	167405	196880	NC_030992.1	4347182	4079109	4120478	opposite	28670	41429	41369	69.2027	60
FoCotton	JH657954.1	262474	164784	166982	NC_030992.1	4347182	4120914	4123113	opposite	2120	2199	2199	96.4075	60
FoCotton	JH657954.1	262474	160669	164611	NC_030992.1	4347182	4123286	4127294	opposite	3722	4027	4008	92.4261	60
FoCotton	JH657954.1	262474	76282	142637	NC_030992.1	4347182	4129655	4180871	opposite	48540	66642	51216	72.8369	60
FoCotton	KK035272.1	19497	3379	8936	NC_030992.1	4347182	4180920	4186648	same	5415	5728	5728	94.5356	60
FoCotton	JH657954.1	262474	40084	41485	NC_030992.1	4347182	4188807	4190208	opposite	1359	1401	1401	97.0021	60
FoCotton	JH657954.1	262474	32560	39792	NC_030992.1	4347182	4190636	4198522	opposite	6943	7972	7886	87.0923	60
FoCotton	JH657954.1	262474	16110	20773	NC_030992.1	4347182	4207878	4212542	opposite	4498	4664	4664	96.4408	60
FoCotton	KK035244.1	36771	16433	36708	NC_030992.1	4347182	4213868	4234999	opposite	19634	20970	21131	93.6290	60
FoCotton	KK035244.1	36771	14922	15702	NC_030992.1	4347182	4235718	4236502	opposite	721	784	784	91.9643	60
FoCotton	KK035394.1	7127	0	5736	NC_030992.1	4347182	4242113	4249523	opposite	5414	7424	7410	72.9256	60
FoCotton	KK035341.1	10319	7293	10319	NC_030992.1	4347182	4249826	4252848	opposite	2950	3026	3022	97.4884	60
FoCotton	KK035301.1	14616	0	1377	NC_030992.1	4347182	4254024	4255396	same	1321	1380	1372	95.7246	60
FoCotton	KK035301.1	14616	2815	5616	NC_030992.1	4347182	4258458	4261259	same	2703	2801	2801	96.5012	60
FoCotton	KK035301.1	14616	5905	14616	NC_030992.1	4347182	4261549	4270313	same	8538	8765	8764	97.4102	60
FoCotton	KK035256.1	27590	0	6894	NC_030992.1	4347182	4270314	4277307	same	6723	6873	6993	97.8175	60
FoCotton	KK035256.1	27590	11771	20995	NC_030992.1	4347182	4282492	4291720	same	9014	9232	9228	97.6386	60
FoCotton	KK035256.1	27590	23141	27511	NC_030992.1	4347182	4294005	4298408	same	4253	4407	4403	96.5056	60
FoCotton	KK035321.1	12214	5093	12210	NC_030992.1	4347182	4298415	4305574	opposite	6861	7167	7159	95.7304	60
FoCotton	KK035455.1	4876	420	1642	NC_030992.1	4347182	4306249	4307470	opposite	1141	1222	1221	93.3715	60
FoCotton	KK035274.1	19116	2612	4402	NC_030992.1	4347182	4309292	4311078	same	1640	1791	1786	91.5690	60
FoCotton	JH657999.1	99110	74415	87272	NC_030992.1	4347182	4325173	4338131	opposite	12446	12896	12958	96.5105	60
FoCotton	JH658116.1	23159	12776	15023	NC_030993.1	3984410	3492	5707	opposite	2090	2253	2215	92.7652	37
FoCotton	KK035364.1	8168	0	856	NC_030993.1	3984410	4865	5717	same	797	873	852	91.2944	1
FoCotton	KK035426.1	5877	5505	5877	NC_030993.1	3984410	5062	5434	opposite	364	372	372	97.8495	60
FoCotton	JH658075.1	33105	0	680	NC_030993.1	3984410	5087	5716	same	576	681	629	84.5815	34
FoCotton	JH658046.1	49821	49579	49821	NC_030993.1	3984410	5110	5352	opposite	238	242	242	98.3471	60
FoCotton	JH658253.1	6120	5143	5617	NC_030993.1	3984410	5244	5718	opposite	466	474	474	98.3122	60
FoCotton	KK035302.1	14711	12785	14192	NC_030993.1	3984410	14832	16244	same	1351	1412	1412	95.6799	60
FoCotton	KK035279.1	18069	150	16864	NC_030993.1	3984410	71019	87728	same	16333	16720	16709	97.6854	60
FoCotton	JH657965.1	217771	206056	212975	NC_030993.1	3984410	87776	94684	opposite	6709	6928	6908	96.8389	60
FoCotton	JH657965.1	217771	197097	204163	NC_030993.1	3984410	106345	113281	opposite	6584	7245	6936	90.8765	60
FoCotton	JH657965.1	217771	184336	196531	NC_030993.1	3984410	113809	125866	opposite	11756	12216	12057	96.2344	60
FoCotton	JH657965.1	217771	182132	182700	NC_030993.1	3984410	127872	128440	opposite	549	568	568	96.6549	60
FoCotton	JH657965.1	217771	161843	181550	NC_030993.1	3984410	128452	148386	opposite	19249	19947	19934	96.5007	60
FoCotton	JH657965.1	217771	155524	161838	NC_030993.1	3984410	152500	156966	opposite	4360	6330	4466	68.8784	60
FoCotton	JH657965.1	217771	150497	155324	NC_030993.1	3984410	157172	161998	opposite	4741	4827	4826	98.2184	60
FoCotton	JH657965.1	217771	134011	150215	NC_030993.1	3984410	162340	178526	opposite	15803	16223	16186	97.4111	60
FoCotton	JH657965.1	217771	113529	126452	NC_030993.1	3984410	196159	209455	opposite	12505	13338	13296	93.7547	60
FoCotton	JH657965.1	217771	106539	113259	NC_030993.1	3984410	209911	216764	opposite	6542	6731	6853	97.1921	60
FoCotton	JH657965.1	217771	99978	106301	NC_030993.1	3984410	217011	222204	opposite	5075	6331	5193	80.1611	60
FoCotton	JH657965.1	217771	98791	99475	NC_030993.1	3984410	222779	223451	opposite	650	686	672	94.7522	60
FoCotton	JH657965.1	217771	82139	95656	NC_030993.1	3984410	243835	257352	opposite	13127	13564	13517	96.7782	60
FoCotton	JH657965.1	217771	49423	56482	NC_030993.1	3984410	262449	269506	opposite	6862	7061	7057	97.1817	60
FoCotton	JH657965.1	217771	27057	49354	NC_030993.1	3984410	269590	291621	opposite	21425	22325	22031	95.9686	60
FoCotton	JH657965.1	217771	7014	26982	NC_030993.1	3984410	291706	311358	opposite	19243	19976	19652	96.3306	60
FoCotton	JH657965.1	217771	90	2415	NC_030993.1	3984410	311348	313673	same	2266	2325	2325	97.4624	60
FoCotton	JH658048.1	46263	33851	46162	NC_030993.1	3984410	313662	326627	opposite	12037	12987	12965	92.6850	60
FoCotton	JH658048.1	46263	10830	33204	NC_030993.1	3984410	327309	348759	opposite	20898	22305	21450	93.6920	60
FoCotton	JH658048.1	46263	184	9993	NC_030993.1	3984410	349139	358956	opposite	9534	9821	9817	97.0777	60
FoCotton	KK035359.1	8547	65	8449	NC_030993.1	3984410	359082	367465	opposite	8209	8394	8383	97.7960	60
FoCotton	JH658003.1	93027	528	38663	NC_030993.1	3984410	368565	405464	same	35880	38177	36899	93.9833	60
FoCotton	JH658003.1	93027	40481	46494	NC_030993.1	3984410	407291	413291	same	5868	6032	6000	97.2812	60
FoCotton	JH658003.1	93027	46861	48540	NC_030993.1	3984410	413658	415340	same	1535	1683	1682	91.2062	60
FoCotton	JH658003.1	93027	49206	52389	NC_030993.1	3984410	416548	419742	same	2972	3205	3194	92.7301	60
FoCotton	JH658003.1	93027	52523	71757	NC_030993.1	3984410	419874	434495	same	13995	14842	14621	94.2932	60
FoCotton	JH658003.1	93027	74629	77321	NC_030993.1	3984410	437392	440081	same	2460	2692	2689	91.3819	60
FoCotton	JH658003.1	93027	83906	92974	NC_030993.1	3984410	440501	449883	same	8361	9839	9382	84.9781	60
FoCotton	KK035231.1	68986	92	3129	NC_030993.1	3984410	449872	452920	same	2870	3049	3048	94.1292	60
FoCotton	KK035231.1	68986	4536	7106	NC_030993.1	3984410	459218	461798	same	2437	2580	2580	94.4574	60
FoCotton	KK035231.1	68986	11003	68828	NC_030993.1	3984410	465738	524328	same	56802	58586	58590	96.9549	60
FoCotton	KK035676.1	1957	62	1865	NC_030993.1	3984410	524320	526123	same	1778	1803	1803	98.6134	60
FoCotton	KK035269.1	20434	46	8270	NC_030993.1	3984410	526127	533467	same	7035	8318	7340	84.5756	60
FoCotton	KK035269.1	20434	9619	11294	NC_030993.1	3984410	538699	540372	same	1619	1675	1673	96.6567	60
FoCotton	KK035269.1	20434	11504	13413	NC_030993.1	3984410	540585	542491	same	1816	1909	1906	95.1283	60
FoCotton	KK035269.1	20434	17226	20342	NC_030993.1	3984410	545817	548935	same	3028	3118	3118	97.1135	60
FoCotton	KK035422.1	6010	91	1693	NC_030993.1	3984410	548931	550532	same	1564	1602	1601	97.6280	60
FoCotton	KK035422.1	6010	2652	5862	NC_030993.1	3984410	551391	554594	same	3100	3210	3203	96.5732	60
FoCotton	KK035577.1	2884	59	2863	NC_030993.1	3984410	554713	557519	same	2701	2806	2806	96.2580	60
FoCotton	KK035273.1	19367	25	19274	NC_030993.1	3984410	557556	576802	same	18783	19270	19246	97.4728	60
FoCotton	KK035335.1	10856	4690	5359	NC_030993.1	3984410	581738	582394	opposite	626	671	656	93.2936	60
FoCotton	KK035335.1	10856	1519	4594	NC_030993.1	3984410	582493	585753	opposite	2924	3271	3260	89.3916	60
FoCotton	KK035519.1	3633	851	3633	NC_030993.1	3984410	586439	589221	opposite	2671	2782	2782	96.0101	60
FoCotton	KK035357.1	9024	0	3299	NC_030993.1	3984410	591747	595048	same	3247	3301	3301	98.3641	60
FoCotton	KK035357.1	9024	4299	9024	NC_030993.1	3984410	596079	600798	same	4617	4727	4719	97.6729	60
FoCotton	KK035330.1	11032	0	5779	NC_030993.1	3984410	600799	606578	same	5671	5779	5779	98.1312	60
FoCotton	KK035330.1	11032	6346	11026	NC_030993.1	3984410	606683	611454	same	4533	4778	4771	94.8723	60
FoCotton	KK035343.1	10239	100	10184	NC_030993.1	3984410	612093	622145	same	9866	10090	10052	97.7800	60
FoCotton	JH657919.1	2166963	1939	20247	NC_030993.1	3984410	622835	641414	same	17901	18598	18579	96.2523	60
FoCotton	JH657919.1	2166963	20368	82908	NC_030993.1	3984410	641850	699097	same	55713	62546	57247	89.0752	60
FoCotton	JH657919.1	2166963	95461	105521	NC_030993.1	3984410	701320	710754	same	9077	10094	9434	89.9247	60
FoCotton	JH657919.1	2166963	106176	122431	NC_030993.1	3984410	714512	731946	same	15738	17460	17434	90.1375	60
FoCotton	JH657999.1	99110	60510	60889	NC_030993.1	3984410	731098	731530	same	362	440	432	82.2727	60
FoCotton	JH658176.1	12946	2525	2935	NC_030993.1	3984410	731098	731548	same	386	468	450	82.4786	55
FoCotton	JH657919.1	2166963	122683	138795	NC_030993.1	3984410	732178	746162	same	13488	16001	13984	84.2947	60
FoCotton	JH657919.1	2166963	142870	144234	NC_030993.1	3984410	746467	747831	opposite	1339	1364	1364	98.1672	60
FoCotton	JH657919.1	2166963	146269	200332	NC_030993.1	3984410	752015	806055	same	52696	54191	54040	97.2412	60
FoCotton	JH657919.1	2166963	200626	213184	NC_030993.1	3984410	806351	818907	same	12171	12576	12556	96.7796	60
FoCotton	JH657919.1	2166963	213553	225339	NC_030993.1	3984410	819279	830941	same	11325	11867	11662	95.4327	60
FoCotton	JH657919.1	2166963	225441	235241	NC_030993.1	3984410	831044	840831	same	9580	9809	9787	97.6654	60
FoCotton	JH657919.1	2166963	235338	245907	NC_030993.1	3984410	840928	851484	same	10289	10572	10556	97.3231	60
FoCotton	JH657919.1	2166963	246240	273404	NC_030993.1	3984410	851953	879125	same	26572	27189	27172	97.7307	60
FoCotton	JH657919.1	2166963	273869	319843	NC_030993.1	3984410	879662	925810	same	45310	45928	46148	98.6544	60
FoCotton	JH657919.1	2166963	320038	328261	NC_030993.1	3984410	926129	934369	same	8126	8253	8240	98.4612	60
FoCotton	JH657919.1	2166963	328660	580931	NC_030993.1	3984410	934815	1186355	same	248091	252651	251540	98.1951	60
FoCotton	JH657919.1	2166963	581103	611057	NC_030993.1	3984410	1186529	1216381	same	29238	30086	29852	97.1814	60
FoCotton	JH657919.1	2166963	611161	633418	NC_030993.1	3984410	1216488	1238775	same	22085	22292	22287	99.0714	60
FoCotton	JH657919.1	2166963	634333	664232	NC_030993.1	3984410	1239892	1269626	same	29406	29991	29734	98.0494	60
FoCotton	JH657919.1	2166963	664301	665664	NC_030993.1	3984410	1269713	1271096	same	1351	1383	1383	97.6862	60
FoCotton	JH657919.1	2166963	665780	700757	NC_030993.1	3984410	1271215	1305691	same	34167	34897	34476	97.9081	60
FoCotton	JH657919.1	2166963	700876	728816	NC_030993.1	3984410	1305867	1333406	same	27217	27992	27539	97.2314	60
FoCotton	JH657919.1	2166963	730086	770594	NC_030993.1	3984410	1335047	1375474	same	39903	40507	40427	98.5089	60
FoCotton	JH657919.1	2166963	771267	803666	NC_030993.1	3984410	1376136	1408508	same	32031	32437	32372	98.7483	60
FoCotton	JH657919.1	2166963	803872	822848	NC_030993.1	3984410	1408706	1427216	same	18366	18981	18510	96.7599	60
FoCotton	JH657919.1	2166963	822965	903457	NC_030993.1	3984410	1427343	1508497	same	79673	81278	81154	98.0253	60
FoCotton	JH657919.1	2166963	903744	934919	NC_030993.1	3984410	1508942	1539974	same	30612	31100	31032	98.4309	60
FoCotton	JH657919.1	2166963	935047	982956	NC_030993.1	3984410	1540191	1588185	same	47501	48014	47994	98.9316	60
FoCotton	JH657919.1	2166963	983173	991639	NC_030993.1	3984410	1588488	1596956	same	8396	8470	8468	99.1263	60
FoCotton	JH657919.1	2166963	992665	1119427	NC_030993.1	3984410	1597711	1725783	same	125371	128121	128072	97.8536	60
FoCotton	JH657919.1	2166963	1119541	1183036	NC_030993.1	3984410	1725913	1789253	same	62778	63562	63340	98.7666	60
FoCotton	JH657919.1	2166963	1185053	1215845	NC_030993.1	3984410	1791281	1822832	same	30317	31612	31551	95.9035	60
FoCotton	JH657919.1	2166963	1216051	1243535	NC_030993.1	3984410	1823038	1850514	same	27256	27520	27476	99.0407	60
FoCotton	JH657919.1	2166963	1245608	1262034	NC_030993.1	3984410	1852080	1869274	same	16260	17207	17194	94.4964	60
FoCotton	JH657919.1	2166963	1262264	1284659	NC_030993.1	3984410	1869456	1891762	same	21999	22531	22306	97.6388	60
FoCotton	JH657919.1	2166963	1284960	1326969	NC_030993.1	3984410	1892159	1934908	same	41386	42562	42749	97.2370	60
FoCotton	KK035293.1	15746	9970	11344	NC_030993.1	3984410	1908696	1910061	opposite	1283	1378	1365	93.1060	60
FoCotton	JH657919.1	2166963	1327766	1341096	NC_030993.1	3984410	1934921	1948601	same	13130	13736	13680	95.5882	60
FoCotton	JH657919.1	2166963	1342742	1635420	NC_030993.1	3984410	1950563	2242236	same	288828	292924	291673	98.6017	60
FoCotton	JH657919.1	2166963	1637632	1638755	NC_030993.1	3984410	2244634	2245774	same	1109	1140	1140	97.2807	60
FoCotton	JH657919.1	2166963	1639078	1640015	NC_030993.1	3984410	2246492	2247371	same	869	937	879	92.7428	60
FoCotton	JH657919.1	2166963	1645206	1747600	NC_030993.1	3984410	2251543	2351601	same	99074	102409	100058	96.7435	60
FoCotton	JH657919.1	2166963	1747708	1814689	NC_030993.1	3984410	2351717	2418803	same	66402	67133	67086	98.9111	60
FoCotton	JH657919.1	2166963	1816208	1856043	NC_030993.1	3984410	2419873	2457778	same	37578	39767	37905	94.4954	60
FoCotton	JH657919.1	2166963	1856182	1953823	NC_030993.1	3984410	2457939	2556414	same	95816	99198	98475	96.5907	60
FoCotton	JH657919.1	2166963	1954079	1970262	NC_030993.1	3984410	2556849	2573004	same	15979	16196	16155	98.6602	60
FoCotton	JH657919.1	2166963	1970659	2025985	NC_030993.1	3984410	2573511	2628074	same	54006	55360	54563	97.5542	60
FoCotton	JH657919.1	2166963	2026105	2054587	NC_030993.1	3984410	2628202	2656679	same	28224	28521	28477	98.9587	60
FoCotton	JH657919.1	2166963	2057302	2082380	NC_030993.1	3984410	2658742	2683972	same	24773	25270	25230	98.0332	60
FoCotton	JH657919.1	2166963	2082496	2093598	NC_030993.1	3984410	2684089	2695181	same	10947	11110	11092	98.5329	60
FoCotton	JH657919.1	2166963	2093750	2115691	NC_030993.1	3984410	2695344	2717272	same	21715	21970	21928	98.8393	60
FoCotton	JH657919.1	2166963	2115774	2135267	NC_030993.1	3984410	2717364	2736843	same	19312	19522	19479	98.9243	60
FoCotton	JH657919.1	2166963	2135672	2140610	NC_030993.1	3984410	2737464	2742400	same	4876	4960	4936	98.3065	60
FoCotton	JH657919.1	2166963	2140685	2166898	NC_030993.1	3984410	2742479	2768663	same	25902	26231	26184	98.7458	60
FoCotton	KK035236.1	53438	38467	53344	NC_030993.1	3984410	2768652	2783534	opposite	14701	14894	14882	98.7042	60
FoCotton	KK035236.1	53438	20645	37965	NC_030993.1	3984410	2784118	2801563	opposite	16797	17390	17445	96.5900	60
FoCotton	KK035236.1	53438	95	20524	NC_030993.1	3984410	2801698	2822212	opposite	20051	20410	20514	98.2411	60
FoCotton	KK035209.1	488579	444838	488503	NC_030993.1	3984410	2822202	2865599	opposite	42616	43770	43397	97.3635	60
FoCotton	KK035209.1	488579	438051	444752	NC_030993.1	3984410	2865688	2872346	opposite	6553	6704	6658	97.7476	60
FoCotton	KK035209.1	488579	410511	437854	NC_030993.1	3984410	2872543	2899893	opposite	27012	27370	27350	98.6920	60
FoCotton	KK035209.1	488579	280525	410237	NC_030993.1	3984410	2900254	3029183	opposite	127382	129697	128929	98.2151	60
FoCotton	KK035209.1	488579	170370	278882	NC_030993.1	3984410	3030742	3139391	opposite	107407	108753	108649	98.7623	60
FoCotton	KK035209.1	488579	132057	169632	NC_030993.1	3984410	3140110	3177278	opposite	36582	37755	37168	96.8931	60
FoCotton	KK035209.1	488579	126280	131874	NC_030993.1	3984410	3177474	3183033	opposite	5489	5614	5559	97.7734	60
FoCotton	KK035209.1	488579	110342	125654	NC_030993.1	3984410	3183617	3198490	opposite	14708	15354	14873	95.7926	60
FoCotton	KK035209.1	488579	67199	110245	NC_030993.1	3984410	3198596	3241636	opposite	42716	43093	43040	99.1251	60
FoCotton	KK035209.1	488579	7431	67111	NC_030993.1	3984410	3241741	3301413	opposite	58966	59770	59672	98.6548	60
FoCotton	KK035209.1	488579	6280	6753	NC_030993.1	3984410	3305731	3306204	opposite	452	473	473	95.5603	60
FoCotton	KK035209.1	488579	5151	5889	NC_030993.1	3984410	3306595	3307332	opposite	694	738	737	94.0379	60
FoCotton	JH657949.1	327723	27544	68597	NC_030993.1	3984410	3308340	3349341	same	40524	41164	41001	98.4452	60
FoCotton	JH657949.1	327723	69087	111717	NC_030993.1	3984410	3349793	3392730	same	42091	42910	42937	98.0914	60
FoCotton	JH657949.1	327723	112130	177488	NC_030993.1	3984410	3393168	3459814	same	63954	66801	66646	95.7381	60
FoCotton	JH657949.1	327723	179275	181316	NC_030993.1	3984410	3460424	3462319	same	1823	2045	1895	89.1443	60
FoCotton	JH657949.1	327723	181339	182308	NC_030993.1	3984410	3463110	3464091	same	935	981	981	95.3109	60
FoCotton	JH657949.1	327723	184919	187153	NC_030993.1	3984410	3465143	3467333	same	2081	2237	2190	93.0264	60
FoCotton	JH657949.1	327723	192793	194254	NC_030993.1	3984410	3470349	3471809	same	1371	1465	1460	93.5836	60
FoCotton	JH657949.1	327723	194671	196027	NC_030993.1	3984410	3472239	3473593	same	1313	1356	1354	96.8289	60
FoCotton	JH657949.1	327723	196197	199835	NC_030993.1	3984410	3473790	3477446	same	3451	3657	3656	94.3670	60
FoCotton	JH657949.1	327723	200228	203832	NC_030993.1	3984410	3477695	3481315	same	3460	3623	3620	95.5010	60
FoCotton	JH657949.1	327723	208968	210511	NC_030993.1	3984410	3488485	3490147	same	1426	1668	1662	85.4916	60
FoCotton	JH657949.1	327723	211737	234174	NC_030993.1	3984410	3491516	3513914	same	21782	22460	22398	96.9813	60
FoCotton	JH657949.1	327723	236268	245558	NC_030993.1	3984410	3515615	3524408	same	8502	9308	8793	91.3408	60
FoCotton	JH657949.1	327723	250008	270209	NC_030993.1	3984410	3527824	3550339	same	17959	24091	22515	74.5465	60
FoCotton	JH657949.1	327723	271733	317196	NC_030993.1	3984410	3557143	3607499	same	42829	51518	50356	83.1341	60
FoCotton	JH657949.1	327723	317583	319313	NC_030993.1	3984410	3607859	3609586	same	1699	1730	1727	98.2081	60
FoCotton	JH657949.1	327723	319878	322972	NC_030993.1	3984410	3610169	3613268	same	2958	3102	3099	95.3578	60
FoCotton	JH657949.1	327723	323741	324454	NC_030993.1	3984410	3614034	3614725	same	660	713	691	92.5666	60
FoCotton	KK035232.1	59994	5352	16083	NC_030993.1	3984410	3621107	3631844	same	10334	10763	10737	96.0141	60
FoCotton	KK035232.1	59994	17520	28178	NC_030993.1	3984410	3633262	3644004	same	10210	10768	10742	94.8180	60
FoCotton	KK035232.1	59994	28514	31101	NC_030993.1	3984410	3644338	3646985	same	2496	2647	2647	94.2954	60
FoCotton	KK035232.1	59994	35812	56627	NC_030993.1	3984410	3651750	3672643	same	20097	20934	20893	96.0017	60
FoCotton	KK035232.1	59994	56803	59183	NC_030993.1	3984410	3672832	3675210	same	2299	2381	2378	96.5561	60
FoCotton	KK035347.1	9788	5655	9174	NC_030993.1	3984410	3687652	3691173	opposite	3410	3523	3521	96.7925	60
FoCotton	KK035347.1	9788	670	5244	NC_030993.1	3984410	3691776	3696324	opposite	4358	4584	4548	95.0698	60
FoCotton	JH657952.1	281107	270975	272940	NC_030993.1	3984410	3697306	3699280	opposite	1794	1974	1974	90.8815	60
FoCotton	JH657952.1	281107	259230	270294	NC_030993.1	3984410	3699704	3710779	opposite	10730	11134	11075	96.3715	60
FoCotton	JH657952.1	281107	250514	256786	NC_030993.1	3984410	3713240	3719515	opposite	6121	6283	6275	97.4216	60
FoCotton	JH657952.1	281107	238702	249856	NC_030993.1	3984410	3720346	3731508	opposite	10887	11167	11162	97.4926	60
FoCotton	JH657952.1	281107	224694	238443	NC_030993.1	3984410	3731767	3745512	opposite	13385	13757	13745	97.2959	60
FoCotton	JH657952.1	281107	217783	224509	NC_030993.1	3984410	3745704	3753003	opposite	6308	7501	7299	84.0955	60
FoCotton	JH657952.1	281107	216959	217519	NC_030993.1	3984410	3753262	3753823	opposite	527	562	561	93.7722	60
FoCotton	JH657952.1	281107	212953	216547	NC_030993.1	3984410	3754251	3757844	opposite	3468	3594	3593	96.4942	60
FoCotton	JH657952.1	281107	210010	212144	NC_030993.1	3984410	3758661	3760770	opposite	1997	2136	2109	93.4925	60
FoCotton	JH657952.1	281107	179648	188332	NC_030993.1	3984410	3764138	3771904	opposite	7388	8397	7766	87.9838	60
FoCotton	JH657952.1	281107	147080	177635	NC_030993.1	3984410	3806675	3834213	opposite	26549	28386	27538	93.5285	60
FoCotton	JH657952.1	281107	132631	146899	NC_030993.1	3984410	3834395	3841360	opposite	6479	14301	6965	45.3045	60
FoCotton	JH657952.1	281107	108263	124523	NC_030993.1	3984410	3842585	3858863	opposite	15680	16328	16278	96.0314	60
FoCotton	JH657952.1	281107	104569	107875	NC_030993.1	3984410	3859256	3862563	opposite	3073	3317	3307	92.6440	60
FoCotton	JH657952.1	281107	102413	103368	NC_030993.1	3984410	3863786	3864738	opposite	863	955	952	90.3665	60
FoCotton	JH657952.1	281107	98089	101973	NC_030993.1	3984410	3865184	3869056	opposite	3729	3888	3872	95.9105	60
FoCotton	JH657952.1	281107	91869	97405	NC_030993.1	3984410	3869429	3874964	opposite	5309	5537	5535	95.8822	60
FoCotton	JH657952.1	281107	68996	91712	NC_030993.1	3984410	3881820	3904722	opposite	21537	23401	22902	92.0345	60
FoCotton	JH657952.1	281107	44748	68501	NC_030993.1	3984410	3905558	3928417	opposite	21899	24008	22859	91.2154	60
FoCotton	JH657952.1	281107	21287	42943	NC_030993.1	3984410	3929750	3952145	opposite	20935	22501	22395	93.0403	60
FoCotton	JH658057.1	40519	24068	25504	NC_030993.1	3984410	3935034	3936464	opposite	1325	1436	1430	92.2702	60
FoCotton	JH658057.1	40519	16312	18036	NC_030993.1	3984410	3940330	3942074	opposite	1572	1767	1744	88.9643	60
FoCotton	KK035376.1	7415	5318	7140	NC_030993.1	3984410	3953486	3955307	opposite	1779	1822	1821	97.6400	60
FoCotton	JH658098.1	27399	934	2536	NC_030993.1	3984410	3953705	3955307	same	1566	1602	1602	97.7528	60
FoCotton	KK035376.1	7415	3309	4962	NC_030993.1	3984410	3955468	3957123	opposite	1623	1655	1655	98.0665	60
FoCotton	JH658055.1	40079	3240	15223	NC_030993.1	3984410	3957133	3969143	same	11715	12015	12010	97.5031	60
FoCotton	JH658055.1	40079	21805	36490	NC_030993.1	3984410	3971771	3984388	same	12232	14703	12617	83.1939	60
FoCotton	JH657931.1	857877	145873	148394	NC_030994.1	3304701	6	2522	opposite	2394	2522	2516	94.9247	60
FoCotton	JH657931.1	857877	127188	145426	NC_030994.1	3304701	3346	21673	opposite	16796	19188	18327	87.5339	60
FoCotton	JH657931.1	857877	123507	126497	NC_030994.1	3304701	22475	25503	opposite	2850	3081	3028	92.5024	60
FoCotton	JH657931.1	857877	101277	120883	NC_030994.1	3304701	26963	47099	opposite	19059	19991	20136	95.3379	60
FoCotton	JH657931.1	857877	84968	101035	NC_030994.1	3304701	47374	68800	opposite	9002	27214	21426	33.0786	60
FoCotton	JH657931.1	857877	72727	81889	NC_030994.1	3304701	72874	82101	opposite	8842	9238	9227	95.7134	60
FoCotton	JH657931.1	857877	181697	197861	NC_030994.1	3304701	86938	103350	same	15630	16497	16412	94.7445	60
FoCotton	JH657931.1	857877	201051	209673	NC_030994.1	3304701	110455	120067	same	8458	9621	9612	87.9119	60
FoCotton	JH657931.1	857877	225217	227125	NC_030994.1	3304701	120417	122215	same	1723	1913	1798	90.0680	60
FoCotton	JH657931.1	857877	227588	262066	NC_030994.1	3304701	122641	153051	same	26836	37045	30410	72.4416	60
FoCotton	JH657931.1	857877	262503	266308	NC_030994.1	3304701	153507	157312	same	3689	3805	3805	96.9514	60
FoCotton	JH657931.1	857877	266309	272676	NC_030994.1	3304701	157823	161962	same	4046	6367	4139	63.5464	60
FoCotton	JH657931.1	857877	278013	278574	NC_030994.1	3304701	166402	166963	same	529	561	561	94.2959	60
FoCotton	JH657931.1	857877	279485	307199	NC_030994.1	3304701	170797	198529	same	26990	27780	27732	97.1562	60
FoCotton	JH657931.1	857877	307944	312818	NC_030994.1	3304701	199005	203882	same	4607	4887	4877	94.2705	60
FoCotton	JH657931.1	857877	313345	319111	NC_030994.1	3304701	204421	210196	same	5558	5783	5775	96.1093	60
FoCotton	JH657931.1	857877	331086	342739	NC_030994.1	3304701	211383	222517	same	10722	11569	11134	92.6787	60
FoCotton	JH657970.1	202139	11412	19639	NC_030994.1	3304701	222676	229530	same	6745	8228	6854	81.9762	60
FoCotton	JH657931.1	857877	354017	366661	NC_030994.1	3304701	240685	253255	same	12107	12690	12570	95.4058	60
FoCotton	JH657931.1	857877	367139	376659	NC_030994.1	3304701	253902	263440	same	9259	9543	9538	97.0240	60
FoCotton	JH657931.1	857877	385890	391400	NC_030994.1	3304701	266827	272337	same	5363	5513	5510	97.2792	60
FoCotton	JH657931.1	857877	392410	404958	NC_030994.1	3304701	276444	290632	same	11941	14436	14188	82.7168	60
FoCotton	JH657931.1	857877	405278	410051	NC_030994.1	3304701	290918	294278	same	3269	4673	3360	69.9551	60
FoCotton	JH657931.1	857877	418235	422119	NC_030994.1	3304701	294604	298469	same	3665	3911	3865	93.7100	60
FoCotton	JH657931.1	857877	425088	448148	NC_030994.1	3304701	301123	323607	same	21898	22816	22484	95.9765	60
FoCotton	JH657931.1	857877	450307	458789	NC_030994.1	3304701	323914	332403	same	8279	8501	8489	97.3885	60
FoCotton	JH657931.1	857877	459835	481533	NC_030994.1	3304701	333960	354156	same	19869	21631	20196	91.8543	60
FoCotton	JH657931.1	857877	485514	504930	NC_030994.1	3304701	354748	373789	same	18405	19466	19041	94.5495	60
FoCotton	JH657931.1	857877	505397	512209	NC_030994.1	3304701	374270	380794	same	6208	6670	6524	93.0735	60
FoCotton	JH657931.1	857877	512368	514315	NC_030994.1	3304701	380951	382894	same	1898	1948	1943	97.4333	60
FoCotton	JH657931.1	857877	536331	537157	NC_030994.1	3304701	445436	446180	same	710	826	744	85.9564	60
FoCotton	JH657931.1	857877	537291	538671	NC_030994.1	3304701	446314	447689	same	1312	1383	1375	94.8662	60
FoCotton	JH657931.1	857877	544716	548300	NC_030994.1	3304701	450630	453669	same	2837	3615	3039	78.4786	60
FoCotton	JH657931.1	857877	550657	558325	NC_030994.1	3304701	458469	466104	same	7440	7677	7635	96.9129	60
FoCotton	JH657931.1	857877	558566	571630	NC_030994.1	3304701	466379	479519	same	12723	13185	13140	96.4960	60
FoCotton	JH657931.1	857877	571853	613692	NC_030994.1	3304701	479740	521844	same	41239	42182	42104	97.7644	60
FoCotton	JH657931.1	857877	614143	703546	NC_030994.1	3304701	522273	610139	same	86298	89640	87866	96.2718	60
FoCotton	JH657931.1	857877	703813	736657	NC_030994.1	3304701	610508	643582	same	32489	33091	33074	98.1808	60
FoCotton	JH657931.1	857877	736876	761736	NC_030994.1	3304701	643774	668647	same	24462	24886	24873	98.2962	60
FoCotton	JH657931.1	857877	762434	785665	NC_030994.1	3304701	669337	694566	same	22183	25689	25229	86.3521	60
FoCotton	JH657931.1	857877	785797	788854	NC_030994.1	3304701	694708	697760	same	2977	3059	3052	97.3194	60
FoCotton	JH657931.1	857877	788991	789805	NC_030994.1	3304701	697884	698691	opposite	780	815	807	95.7055	60
FoCotton	JH657931.1	857877	789805	828453	NC_030994.1	3304701	698725	737865	same	37769	38946	39140	96.9779	60
FoCotton	JH657931.1	857877	829386	838855	NC_030994.1	3304701	738743	747549	same	8575	9502	8806	90.2442	60
FoCotton	JH657931.1	857877	839119	841938	NC_030994.1	3304701	747818	751059	same	2729	3260	3241	83.7117	60
FoCotton	JH658025.1	69800	68151	68585	NC_030994.1	3304701	748994	749428	same	415	434	434	95.6221	7
FoCotton	JH658012.1	85819	43779	44216	NC_030994.1	3304701	748999	749428	opposite	412	437	429	94.2792	60
FoCotton	JH658019.1	79820	9763	10072	NC_030994.1	3304701	749118	749427	same	300	309	309	97.0874	60
FoCotton	JH657931.1	857877	842090	857868	NC_030994.1	3304701	751212	767345	same	15384	16148	16133	95.2688	60
FoCotton	JH657923.1	1250108	1223308	1249917	NC_030994.1	3304701	767364	793970	opposite	25925	26649	26606	97.2832	60
FoCotton	JH657923.1	1250108	1221408	1221997	NC_030994.1	3304701	795233	795822	opposite	564	589	589	95.7555	60
FoCotton	JH657923.1	1250108	1057188	1218425	NC_030994.1	3304701	798820	958962	opposite	156894	161340	160142	97.2443	60
FoCotton	JH657923.1	1250108	986645	1055433	NC_030994.1	3304701	961094	1029887	opposite	68105	68869	68793	98.8906	60
FoCotton	JH657923.1	1250108	841842	984810	NC_030994.1	3304701	1032150	1175224	opposite	141539	143047	143074	98.9458	60
FoCotton	JH657923.1	1250108	743256	841550	NC_030994.1	3304701	1175466	1273290	opposite	97036	98273	97824	98.7413	60
FoCotton	JH657923.1	1250108	731790	742827	NC_030994.1	3304701	1273524	1282695	opposite	9067	11052	9171	82.0394	60
FoCotton	JH657923.1	1250108	727542	731563	NC_030994.1	3304701	1282939	1286963	opposite	3974	4024	4024	98.7575	60
FoCotton	JH657923.1	1250108	714456	719027	NC_030994.1	3304701	1287770	1292351	opposite	4530	4587	4581	98.7574	60
FoCotton	JH657923.1	1250108	646935	714274	NC_030994.1	3304701	1292544	1359911	opposite	66748	67405	67367	99.0253	60
FoCotton	JH657923.1	1250108	572656	646576	NC_030994.1	3304701	1360232	1434329	opposite	73252	73947	74097	99.0601	60
FoCotton	JH657923.1	1250108	528745	572438	NC_030994.1	3304701	1434619	1478996	opposite	43336	44436	44377	97.5245	60
FoCotton	JH657923.1	1250108	509416	528478	NC_030994.1	3304701	1479165	1498241	opposite	18932	19081	19076	99.2191	60
FoCotton	JH657923.1	1250108	481054	509247	NC_030994.1	3304701	1498420	1526533	opposite	27918	28204	28113	98.9860	60
FoCotton	JH657923.1	1250108	439041	480761	NC_030994.1	3304701	1526878	1568619	opposite	41429	41785	41741	99.1480	60
FoCotton	JH657923.1	1250108	432754	437970	NC_030994.1	3304701	1569775	1574990	opposite	5190	5216	5215	99.5015	60
FoCotton	JH657923.1	1250108	424862	431912	NC_030994.1	3304701	1575883	1582924	opposite	7011	7050	7041	99.4468	60
FoCotton	JH657923.1	1250108	407300	424582	NC_030994.1	3304701	1583221	1600544	opposite	17133	17338	17323	98.8176	60
FoCotton	JH657923.1	1250108	374105	406765	NC_030994.1	3304701	1601073	1633716	opposite	32404	32687	32643	99.1342	60
FoCotton	JH657923.1	1250108	246783	373951	NC_030994.1	3304701	1633885	1763153	opposite	125850	129472	129268	97.2025	60
FoCotton	JH657923.1	1250108	229212	246421	NC_030994.1	3304701	1763618	1780789	opposite	17053	17216	17171	99.0532	60
FoCotton	JH657923.1	1250108	211276	229056	NC_030994.1	3304701	1780948	1798736	opposite	17684	17800	17788	99.3483	60
FoCotton	JH657923.1	1250108	158449	211112	NC_030994.1	3304701	1798918	1849814	opposite	50257	52589	50896	95.5656	60
FoCotton	JH657923.1	1250108	135337	157269	NC_030994.1	3304701	1851070	1873290	opposite	21691	21959	22220	98.7795	60
FoCotton	JH657923.1	1250108	39765	134678	NC_030994.1	3304701	1874252	1969342	opposite	93809	95049	95090	98.6954	60
FoCotton	JH657945.1	346831	342008	342235	NC_030994.1	3304701	1914670	1914897	opposite	225	227	227	99.1189	60
FoCotton	JH657923.1	1250108	32025	38171	NC_030994.1	3304701	1969658	1975808	opposite	6109	6150	6150	99.3333	60
FoCotton	JH657930.1	906049	6819	206999	NC_030994.1	3304701	1977106	2179907	same	198128	203163	202801	97.5217	60
FoCotton	JH657930.1	906049	207542	240794	NC_030994.1	3304701	2180634	2213974	same	32883	33419	33340	98.3961	60
FoCotton	JH657930.1	906049	240857	245888	NC_030994.1	3304701	2214040	2219049	same	4937	5047	5009	97.8205	60
FoCotton	JH657930.1	906049	249452	414682	NC_030994.1	3304701	2222762	2386149	same	161497	165395	163387	97.6432	60
FoCotton	JH657930.1	906049	414849	450072	NC_030994.1	3304701	2386331	2421523	same	34818	35267	35192	98.7269	60
FoCotton	KK035703.1	1768	852	1768	NC_030994.1	3304701	2412334	2413250	same	864	916	916	94.3231	60
FoCotton	JH657930.1	906049	450973	499101	NC_030994.1	3304701	2422431	2470513	same	47586	48172	48082	98.7835	60
FoCotton	JH657930.1	906049	501808	538779	NC_030994.1	3304701	2473875	2510853	same	36716	36992	36978	99.2539	60
FoCotton	JH657930.1	906049	539185	592900	NC_030994.1	3304701	2511325	2565214	same	52970	53682	53889	98.6737	60
FoCotton	JH657930.1	906049	593007	604185	NC_030994.1	3304701	2565318	2576517	same	11089	11205	11199	98.9647	60
FoCotton	JH657930.1	906049	605311	609406	NC_030994.1	3304701	2577393	2581990	same	4025	4081	4597	98.6278	60
FoCotton	JH657930.1	906049	609681	654000	NC_030994.1	3304701	2582450	2627055	same	43804	44474	44605	98.4935	60
FoCotton	JH657930.1	906049	654098	656469	NC_030994.1	3304701	2627162	2629532	same	2362	2371	2370	99.6204	60
FoCotton	JH657930.1	906049	656568	780841	NC_030994.1	3304701	2629643	2753746	same	121954	124588	124103	97.8858	60
FoCotton	JH657930.1	906049	784934	823691	NC_030994.1	3304701	2769708	2808460	same	38090	38822	38752	98.1145	60
FoCotton	JH657930.1	906049	833628	848336	NC_030994.1	3304701	2821223	2835924	same	14215	14715	14701	96.6021	60
FoCotton	JH657930.1	906049	848656	849578	NC_030994.1	3304701	2836232	2837155	same	842	923	923	91.2243	60
FoCotton	JH657930.1	906049	850741	864341	NC_030994.1	3304701	2838200	2851772	same	13265	13636	13572	97.2793	60
FoCotton	JH657930.1	906049	864526	886031	NC_030994.1	3304701	2851978	2873560	same	21135	21483	21582	98.3801	60
FoCotton	JH657930.1	906049	886273	898747	NC_030994.1	3304701	2873770	2886252	same	12152	12499	12482	97.2238	60
FoCotton	JH657930.1	906049	899021	901800	NC_030994.1	3304701	2886530	2889431	same	2626	2901	2901	90.5205	60
FoCotton	JH657930.1	906049	901891	904895	NC_030994.1	3304701	2889522	2892507	same	2885	3009	2985	95.8790	60
FoCotton	KK035729.1	1659	194	1627	NC_030994.1	3304701	2892609	2894046	same	1382	1437	1437	96.1726	60
FoCotton	KK035551.1	3173	0	3173	NC_030994.1	3304701	2894746	2897919	same	3091	3173	3173	97.4157	60
FoCotton	KK035728.1	1664	0	1654	NC_030994.1	3304701	2898102	2899751	opposite	1601	1663	1649	96.2718	60
FoCotton	KK035336.1	10751	0	10751	NC_030994.1	3304701	2899752	2910528	opposite	10531	10779	10776	97.6992	60
FoCotton	KK035661.1	2036	1788	2036	NC_030994.1	3304701	2911206	2911454	opposite	245	248	248	98.7903	60
FoCotton	KK035580.1	2864	1036	2859	NC_030994.1	3304701	2916329	2918128	same	1755	1823	1799	96.2699	60
FoCotton	KK035692.1	1843	4	1843	NC_030994.1	3304701	2918064	2919942	opposite	1643	1997	1878	82.2734	60
FoCotton	KK035710.1	1734	214	1734	NC_030994.1	3304701	2921274	2922795	same	1448	1522	1521	95.1380	60
FoCotton	KK035474.1	4491	770	4263	NC_030994.1	3304701	2923195	2926701	opposite	3418	3507	3506	97.4622	60
FoCotton	KK035488.1	4297	315	4297	NC_030994.1	3304701	2928830	2932815	same	3905	3985	3985	97.9925	60
FoCotton	KK035479.1	4412	152	4412	NC_030994.1	3304701	2932720	2938838	opposite	4123	6124	6118	67.3253	60
FoCotton	JH658083.1	31903	11139	13098	NC_030994.1	3304701	2935065	2936929	same	1821	1859	1864	97.9559	2
FoCotton	KK035537.1	3405	77	3405	NC_030994.1	3304701	2941780	2945097	same	3189	3328	3317	95.8233	60
FoCotton	KK035654.1	2118	0	2118	NC_030994.1	3304701	2945002	2947120	opposite	2086	2118	2118	98.4891	60
FoCotton	KK035497.1	4052	0	4052	NC_030994.1	3304701	2947522	2951574	opposite	3841	4052	4052	94.7927	60
FoCotton	KK035614.1	2497	0	1007	NC_030994.1	3304701	2952802	2953810	same	961	1008	1008	95.3373	60
FoCotton	KK035614.1	2497	999	2497	NC_030994.1	3304701	2958709	2960207	same	1465	1498	1498	97.7971	60
FoCotton	KK035632.1	2307	147	1787	NC_030994.1	3304701	2961122	2962762	same	1592	1640	1640	97.0732	60
FoCotton	JH657932.1	836366	790386	807383	NC_030994.1	3304701	2964016	2981046	same	16441	17049	17030	96.4338	60
FoCotton	JH657932.1	836366	807532	821751	NC_030994.1	3304701	2981205	2995410	same	13752	14255	14205	96.4714	60
FoCotton	JH657932.1	836366	821954	825782	NC_030994.1	3304701	2995719	2999549	same	3728	3832	3830	97.2860	60
FoCotton	JH658051.1	44743	20322	21526	NC_030994.1	3304701	3040945	3042149	same	1174	1204	1204	97.5083	60
FoCotton	JH658261.1	4230	852	1070	NC_030994.1	3304701	3043947	3044165	same	217	218	218	99.5413	1
FoCotton	JH657957.1	246957	79077	80533	NC_030994.1	3304701	3058779	3060207	opposite	1352	1456	1428	92.8571	60
FoCotton	JH657957.1	246957	37194	76325	NC_030994.1	3304701	3067072	3106013	opposite	37666	39195	38941	96.0990	60
FoCotton	JH657957.1	246957	35424	37111	NC_030994.1	3304701	3106144	3107798	opposite	1630	1687	1654	96.6212	60
FoCotton	JH657957.1	246957	33825	35211	NC_030994.1	3304701	3108018	3109409	opposite	1332	1393	1391	95.6210	60
FoCotton	JH657957.1	246957	27893	33209	NC_030994.1	3304701	3109845	3115127	opposite	5118	5329	5282	96.0405	60
FoCotton	JH657957.1	246957	20329	23046	NC_030994.1	3304701	3117382	3120104	opposite	2633	2724	2722	96.6593	60
FoCotton	JH657957.1	246957	7686	14186	NC_030994.1	3304701	3124281	3130781	opposite	6203	6516	6500	95.1964	60
FoCotton	KK035411.1	6298	2407	5180	NC_030994.1	3304701	3137439	3140219	same	2683	2781	2780	96.4761	60
FoCotton	KK035498.1	4029	3008	4020	NC_030994.1	3304701	3142332	3143344	opposite	1001	1012	1012	98.9130	1
FoCotton	JH657957.1	246957	101885	144989	NC_030994.1	3304701	3165348	3208447	same	41764	43132	43099	96.8283	60
FoCotton	JH657957.1	246957	146984	150096	NC_030994.1	3304701	3217128	3220270	same	2965	3151	3142	94.0971	60
FoCotton	JH657957.1	246957	157586	179937	NC_030994.1	3304701	3222337	3244675	same	21695	22378	22338	96.9479	60
FoCotton	JH657957.1	246957	186124	194091	NC_030994.1	3304701	3245000	3252379	same	7156	7992	7379	89.5395	60
FoCotton	KK035311.1	13703	12276	13682	NC_030994.1	3304701	3249161	3250569	same	1337	1408	1408	94.9574	60
FoCotton	JH658163.1	14682	11927	13666	NC_030994.1	3304701	3249181	3250917	same	1645	1740	1736	94.5402	60
FoCotton	JH657978.1	171404	161954	162880	NC_030994.1	3304701	3249631	3250558	same	876	927	927	94.4984	60
FoCotton	JH657957.1	246957	202181	226530	NC_030994.1	3304701	3260449	3284815	same	23847	24380	24366	97.8138	60
FoCotton	JH657957.1	246957	227822	246915	NC_030994.1	3304701	3285709	3301158	same	14926	19131	15449	78.0200	60
FoCotton	JH657970.1	202139	20511	32330	NC_030995.1	2896840	7858	23454	opposite	11399	15607	15596	73.0377	60
FoCotton	JH657959.1	246017	194879	241050	NC_030995.1	2896840	29787	75023	opposite	42962	47035	45236	91.3405	60
FoCotton	JH657959.1	246017	178154	178917	NC_030995.1	2896840	86786	87549	opposite	705	763	763	92.3984	60
FoCotton	JH657959.1	246017	174028	177997	NC_030995.1	2896840	87706	91675	opposite	3808	3970	3969	95.9194	60
FoCotton	JH657959.1	246017	165945	173798	NC_030995.1	2896840	91974	99776	opposite	7483	7857	7802	95.2399	60
FoCotton	JH657959.1	246017	137373	158728	NC_030995.1	2896840	100022	121753	opposite	20620	21903	21731	94.1424	60
FoCotton	JH657959.1	246017	132263	134033	NC_030995.1	2896840	125281	127051	opposite	1699	1770	1770	95.9887	60
FoCotton	JH657959.1	246017	113410	121502	NC_030995.1	2896840	135658	143753	opposite	7865	8115	8095	96.9193	60
FoCotton	JH657959.1	246017	101636	113309	NC_030995.1	2896840	144256	155903	opposite	11301	11703	11647	96.5650	60
FoCotton	JH657959.1	246017	88821	101171	NC_030995.1	2896840	156364	168548	opposite	11844	12383	12184	95.6473	60
FoCotton	JH657959.1	246017	68796	88709	NC_030995.1	2896840	168669	188495	opposite	19319	19988	19826	96.6530	60
FoCotton	JH657959.1	246017	64094	68607	NC_030995.1	2896840	188740	193220	opposite	4313	4523	4480	95.3571	60
FoCotton	JH657959.1	246017	97	63424	NC_030995.1	2896840	193885	258110	opposite	61301	65046	64225	94.2425	60
FoCotton	JH657944.1	348603	315361	347464	NC_030995.1	2896840	258101	290236	opposite	31131	32052	32135	97.1265	60
FoCotton	JH657944.1	348603	313298	314925	NC_030995.1	2896840	290696	292324	opposite	1536	1628	1628	94.3489	60
FoCotton	JH657944.1	348603	284865	285543	NC_030995.1	2896840	320039	320717	opposite	667	678	678	98.3776	60
FoCotton	JH657944.1	348603	279134	284677	NC_030995.1	2896840	320942	326487	opposite	5375	5558	5545	96.7074	60
FoCotton	JH657944.1	348603	275953	277196	NC_030995.1	2896840	327495	328738	opposite	1216	1243	1243	97.8278	60
FoCotton	JH657944.1	348603	265131	275909	NC_030995.1	2896840	328784	339531	opposite	10375	10820	10747	95.8872	60
FoCotton	JH657944.1	348603	247475	264935	NC_030995.1	2896840	339727	357140	opposite	16952	17489	17413	96.9295	60
FoCotton	JH657944.1	348603	236615	246311	NC_030995.1	2896840	358640	368224	opposite	9349	9716	9584	96.2227	60
FoCotton	JH657944.1	348603	217618	236431	NC_030995.1	2896840	368427	387269	opposite	17983	18898	18842	95.1582	60
FoCotton	JH657944.1	348603	37981	216557	NC_030995.1	2896840	388375	567262	opposite	175419	179467	178887	97.7444	60
FoCotton	JH657944.1	348603	31968	32582	NC_030995.1	2896840	577474	578084	opposite	577	614	610	93.9739	60
FoCotton	JH657944.1	348603	24466	28011	NC_030995.1	2896840	581129	584647	opposite	3306	3549	3518	93.1530	60
FoCotton	JH657944.1	348603	1350	14026	NC_030995.1	2896840	585159	596997	opposite	11122	12084	11838	92.0391	60
FoCotton	JH657934.1	593533	570298	593341	NC_030995.1	2896840	598211	621291	opposite	22519	23172	23080	97.1819	60
FoCotton	JH657934.1	593533	537676	570195	NC_030995.1	2896840	621396	653907	opposite	32071	32554	32511	98.5163	60
FoCotton	JH657934.1	593533	420869	537534	NC_030995.1	2896840	654059	770678	opposite	115278	116639	116619	98.8332	60
FoCotton	JH657934.1	593533	417587	420765	NC_030995.1	2896840	770791	773970	opposite	3154	3179	3179	99.2136	60
FoCotton	JH657934.1	593533	404452	417352	NC_030995.1	2896840	774223	787121	opposite	12754	12907	12898	98.8146	60
FoCotton	JH657934.1	593533	397495	404312	NC_030995.1	2896840	787263	794103	opposite	6698	6852	6840	97.7525	60
FoCotton	JH657934.1	593533	357515	391502	NC_030995.1	2896840	800060	834052	opposite	33600	34028	33992	98.7422	60
FoCotton	JH657934.1	593533	169183	354133	NC_030995.1	2896840	848937	1033668	opposite	182793	185156	184731	98.7238	60
FoCotton	JH657934.1	593533	159011	168946	NC_030995.1	2896840	1033907	1043405	opposite	9449	9940	9498	95.0604	60
FoCotton	JH657934.1	593533	136620	158642	NC_030995.1	2896840	1043768	1065789	opposite	21881	22047	22021	99.2471	60
FoCotton	JH657934.1	593533	47245	136441	NC_030995.1	2896840	1065997	1153734	opposite	86948	89436	87737	97.2181	60
FoCotton	JH657929.1	964207	944593	964117	NC_030995.1	2896840	1154769	1174294	opposite	19407	19525	19525	99.3956	60
FoCotton	JH657929.1	964207	941211	944371	NC_030995.1	2896840	1174558	1177717	opposite	3144	3162	3159	99.4307	60
FoCotton	JH657929.1	964207	888010	940388	NC_030995.1	2896840	1178203	1230696	opposite	51939	52578	52493	98.7847	60
FoCotton	JH657929.1	964207	859945	887826	NC_030995.1	2896840	1230903	1258622	opposite	27371	27885	27719	98.1567	60
FoCotton	JH657929.1	964207	756614	859859	NC_030995.1	2896840	1258724	1362423	opposite	102197	103650	103699	98.5982	60
FoCotton	JH657929.1	964207	737104	756366	NC_030995.1	2896840	1362669	1381932	opposite	18990	19284	19263	98.4754	60
FoCotton	JH657929.1	964207	729663	735679	NC_030995.1	2896840	1383377	1389387	opposite	5880	6032	6010	97.4801	60
FoCotton	JH657929.1	964207	727477	728654	NC_030995.1	2896840	1390349	1391529	opposite	1166	1186	1180	98.3137	60
FoCotton	JH657929.1	964207	525059	726994	NC_030995.1	2896840	1392343	1593196	opposite	198874	202004	200853	98.4505	60
FoCotton	JH657929.1	964207	384002	524969	NC_030995.1	2896840	1593302	1730369	opposite	135663	140938	137067	96.2572	60
FoCotton	JH657929.1	964207	374322	383876	NC_030995.1	2896840	1730507	1740022	opposite	9450	9556	9515	98.8907	60
FoCotton	JH657929.1	964207	365821	374164	NC_030995.1	2896840	1740188	1748531	opposite	8272	8349	8343	99.0777	60
FoCotton	JH657929.1	964207	312118	365625	NC_030995.1	2896840	1748793	1801955	opposite	52501	53421	53162	98.2778	60
FoCotton	JH657929.1	964207	267699	303240	NC_030995.1	2896840	1802481	1843218	opposite	34764	40784	40737	85.2393	60
FoCotton	JH657929.1	964207	266037	267415	NC_030995.1	2896840	1852219	1853588	opposite	1357	1378	1369	98.4761	60
FoCotton	JH657929.1	964207	253160	265913	NC_030995.1	2896840	1853713	1866473	opposite	12586	12764	12760	98.6055	60
FoCotton	JH657929.1	964207	173332	252924	NC_030995.1	2896840	1866744	1947011	opposite	78598	80416	80267	97.7393	60
FoCotton	JH657929.1	964207	151328	172996	NC_030995.1	2896840	1947390	1971527	opposite	21272	24066	24137	88.3903	60
FoCotton	JH657929.1	964207	116866	140843	NC_030995.1	2896840	1976402	2000417	opposite	23594	24064	24015	98.0469	60
FoCotton	JH657929.1	964207	113682	116009	NC_030995.1	2896840	2001452	2003785	opposite	2310	2333	2333	99.0141	60
FoCotton	JH657929.1	964207	110914	113361	NC_030995.1	2896840	2004202	2006653	opposite	2436	2451	2451	99.3880	60
FoCotton	JH657929.1	964207	36683	110142	NC_030995.1	2896840	2007173	2077266	opposite	67144	75167	70093	89.3264	60
FoCotton	KK035267.1	20744	8383	20590	NC_030995.1	2896840	2077297	2090902	same	11835	13612	13605	86.9453	60
FoCotton	JH657929.1	964207	103	13747	NC_030995.1	2896840	2090903	2104535	same	13323	13686	13632	97.3477	60
FoCotton	JH657929.1	964207	14065	23522	NC_030995.1	2896840	2104856	2114311	same	9359	9459	9455	98.9428	60
FoCotton	JH657929.1	964207	24851	36642	NC_030995.1	2896840	2115627	2127422	same	11659	11802	11795	98.7883	60
FoCotton	KK035267.1	20744	180	6189	NC_030995.1	2896840	2129517	2135529	opposite	5903	6015	6012	98.1380	60
FoCotton	JH657943.1	355385	332755	354558	NC_030995.1	2896840	2136251	2158580	opposite	20818	22805	22329	91.2870	60
FoCotton	JH657943.1	355385	307792	332503	NC_030995.1	2896840	2158930	2183619	opposite	24209	24780	24689	97.6957	60
FoCotton	JH657943.1	355385	294480	307509	NC_030995.1	2896840	2186140	2199158	opposite	12769	13041	13018	97.9143	60
FoCotton	JH657943.1	355385	237928	293212	NC_030995.1	2896840	2200455	2256498	opposite	54075	55905	56043	96.7266	60
FoCotton	JH657943.1	355385	233258	236824	NC_030995.1	2896840	2257684	2261251	opposite	3401	3567	3567	95.3462	60
FoCotton	JH657943.1	355385	229369	232778	NC_030995.1	2896840	2268086	2271497	opposite	3291	3411	3411	96.4820	60
FoCotton	JH657943.1	355385	225984	228817	NC_030995.1	2896840	2271487	2274323	opposite	2777	2836	2836	97.9196	60
FoCotton	JH657943.1	355385	215354	224997	NC_030995.1	2896840	2276089	2285731	opposite	9402	9654	9642	97.3897	60
FoCotton	JH657943.1	355385	206420	211437	NC_030995.1	2896840	2294502	2299517	opposite	4883	5017	5015	97.3291	60
FoCotton	JH657943.1	355385	185319	205323	NC_030995.1	2896840	2300616	2321282	opposite	19460	20679	20666	94.1051	60
FoCotton	JH657943.1	355385	167979	183404	NC_030995.1	2896840	2323198	2338640	opposite	14990	15468	15442	96.9097	60
FoCotton	JH657943.1	355385	157690	162186	NC_030995.1	2896840	2374006	2379891	opposite	4277	5888	5885	72.6393	60
FoCotton	JH657943.1	355385	104031	157530	NC_030995.1	2896840	2380051	2447127	opposite	51635	67742	67076	76.2230	60
FoCotton	JH657943.1	355385	64700	103947	NC_030995.1	2896840	2447220	2486495	opposite	38274	39338	39275	97.2952	60
FoCotton	JH657943.1	355385	61179	62689	NC_030995.1	2896840	2493599	2495099	opposite	1423	1510	1500	94.2384	60
FoCotton	JH657943.1	355385	43022	47155	NC_030995.1	2896840	2502137	2506268	opposite	3976	4134	4131	96.1780	60
FoCotton	JH657943.1	355385	35555	41938	NC_030995.1	2896840	2506561	2512949	opposite	6182	6389	6388	96.7601	60
FoCotton	JH657943.1	355385	17686	31303	NC_030995.1	2896840	2517134	2530750	opposite	13232	13625	13616	97.1156	60
FoCotton	JH657943.1	355385	3965	17556	NC_030995.1	2896840	2530881	2544479	opposite	13135	13711	13598	95.7990	60
FoCotton	JH658030.1	63879	41568	56559	NC_030995.1	2896840	2557087	2571377	opposite	13849	14999	14290	92.3328	60
FoCotton	JH658030.1	63879	22122	40956	NC_030995.1	2896840	2572177	2590308	opposite	17520	18360	18131	95.4248	60
FoCotton	JH658030.1	63879	95	21881	NC_030995.1	2896840	2590620	2611866	opposite	19977	21525	21246	92.8084	60
FoCotton	JH657982.1	159806	126	23595	NC_030995.1	2896840	2611857	2633937	same	21599	22408	22080	96.3897	60
FoCotton	JH657982.1	159806	28308	32973	NC_030995.1	2896840	2634756	2639407	same	4479	4665	4651	96.0129	60
FoCotton	JH657982.1	159806	35351	48905	NC_030995.1	2896840	2654020	2667556	same	13035	13461	13536	96.8353	60
FoCotton	JH657982.1	159806	63091	79494	NC_030995.1	2896840	2667923	2684238	same	15652	16528	16315	94.6999	60
FoCotton	JH657982.1	159806	81451	82754	NC_030995.1	2896840	2686229	2687532	same	1241	1303	1303	95.2417	60
FoCotton	JH657982.1	159806	83506	91572	NC_030995.1	2896840	2687920	2695981	same	7856	8085	8061	97.1676	60
FoCotton	JH657982.1	159806	91693	99098	NC_030995.1	2896840	2696102	2702805	same	6135	7733	6703	79.3353	60
FoCotton	JH657982.1	159806	99695	111710	NC_030995.1	2896840	2706510	2718610	same	11630	12112	12100	96.0205	60
FoCotton	JH657982.1	159806	112976	113920	NC_030995.1	2896840	2723829	2724774	same	925	945	945	97.8836	60
FoCotton	JH657982.1	159806	114507	118488	NC_030995.1	2896840	2725408	2730330	same	3846	4923	4922	78.1231	60
FoCotton	JH657982.1	159806	119222	119654	NC_030995.1	2896840	2730351	2730763	same	399	432	412	92.3611	60
FoCotton	JH657982.1	159806	122137	123369	NC_030995.1	2896840	2733699	2734930	same	1172	1233	1231	95.0527	60
FoCotton	JH657982.1	159806	123713	129064	NC_030995.1	2896840	2735329	2740653	same	5042	5396	5324	93.4396	60
FoCotton	JH657982.1	159806	131597	139851	NC_030995.1	2896840	2743570	2751851	same	7786	8373	8281	92.9894	60
FoCotton	JH657982.1	159806	140301	141569	NC_030995.1	2896840	2752703	2753970	same	1228	1268	1267	96.8454	60
FoCotton	JH657982.1	159806	142104	151984	NC_030995.1	2896840	2754003	2764662	same	9480	10695	10659	88.6396	60
FoCotton	JH657982.1	159806	152178	154926	NC_030995.1	2896840	2764967	2767701	same	2589	2757	2734	93.9064	60
FoCotton	KK035360.1	8566	4424	6670	NC_030995.1	2896840	2850234	2852483	same	2052	2282	2249	89.9211	58
FoCotton	KK035545.1	3249	694	3156	NC_030995.1	2896840	2857308	2859750	same	2274	2480	2442	91.6935	60
FoCotton	JH658006.1	90069	1638	3642	NC_030995.1	2896840	2894017	2896022	opposite	1954	2005	2005	97.4564	60
FoCotton	JH657946.1	357253	7041	21908	NC_030996.1	2337134	1953	17001	opposite	14316	15110	15048	94.7452	60
FoCotton	JH657946.1	357253	4064	5967	NC_030996.1	2337134	18189	20092	opposite	1775	1905	1903	93.1759	60
FoCotton	JH657946.1	357253	1829	3301	NC_030996.1	2337134	20795	22276	opposite	1373	1484	1481	92.5202	60
FoCotton	JH657946.1	357253	208	1344	NC_030996.1	2337134	22741	23877	opposite	1034	1136	1136	91.0211	60
FoCotton	JH658066.1	35801	1467	33764	NC_030996.1	2337134	25977	57967	opposite	31107	32224	31990	96.5336	60
FoCotton	JH658066.1	35801	470	1279	NC_030996.1	2337134	58151	58962	opposite	760	812	811	93.5961	60
FoCotton	KK035246.1	35858	33188	35524	NC_030996.1	2337134	58996	61325	opposite	2202	2340	2329	94.1026	60
FoCotton	KK035246.1	35858	20729	29284	NC_030996.1	2337134	63316	71915	opposite	8291	8605	8599	96.3510	60
FoCotton	KK035246.1	35858	16830	20382	NC_030996.1	2337134	76334	80565	opposite	3415	4233	4231	80.6756	60
FoCotton	KK035246.1	35858	145	4356	NC_030996.1	2337134	90203	94443	opposite	3996	4247	4240	94.0899	60
FoCotton	KK035345.1	9872	111	9772	NC_030996.1	2337134	94552	104214	opposite	9390	9667	9662	97.1346	60
FoCotton	JH657977.1	180151	71	9978	NC_030996.1	2337134	104526	114416	same	9612	9910	9890	96.9929	60
FoCotton	JH657977.1	180151	10182	36077	NC_030996.1	2337134	114630	140880	same	25088	26280	26250	95.4642	60
FoCotton	JH657977.1	180151	38200	46584	NC_030996.1	2337134	144777	153152	same	8125	8387	8375	96.8761	60
FoCotton	JH657977.1	180151	57911	65313	NC_030996.1	2337134	159130	166538	same	7182	7415	7408	96.8577	60
FoCotton	JH657977.1	180151	65379	68709	NC_030996.1	2337134	170174	173504	opposite	3243	3330	3330	97.3874	60
FoCotton	JH657977.1	180151	68801	97057	NC_030996.1	2337134	173588	201167	same	27131	28039	27579	96.7617	60
FoCotton	JH657977.1	180151	97488	99714	NC_030996.1	2337134	201635	203859	same	2191	2226	2224	98.4277	60
FoCotton	JH657977.1	180151	100393	159669	NC_030996.1	2337134	204631	257883	same	51973	59279	53252	87.6752	60
FoCotton	JH657977.1	180151	165749	179705	NC_030996.1	2337134	263954	277971	same	13600	14018	14017	97.0181	60
FoCotton	JH658014.1	80335	788	26806	NC_030996.1	2337134	277982	302578	same	24131	24933	24596	96.7834	60
FoCotton	JH658014.1	80335	27353	71136	NC_030996.1	2337134	303240	346950	same	42418	43915	43710	96.5911	60
FoCotton	JH658014.1	80335	74498	80268	NC_030996.1	2337134	354284	360042	same	5580	5770	5758	96.7071	60
FoCotton	KK035726.1	1669	66	1602	NC_030996.1	2337134	360043	361579	opposite	1510	1536	1536	98.3073	60
FoCotton	KK035271.1	19769	204	19568	NC_030996.1	2337134	361590	386215	opposite	18873	24458	24625	77.1649	60
FoCotton	JH657989.1	113067	98626	112876	NC_030996.1	2337134	386216	400207	opposite	13794	14181	13991	97.2710	60
FoCotton	JH657989.1	113067	94197	96775	NC_030996.1	2337134	402107	404689	opposite	2517	2584	2582	97.4071	60
FoCotton	JH657989.1	113067	76319	93376	NC_030996.1	2337134	405647	424915	opposite	16699	19293	19268	86.5547	60
FoCotton	JH658016.1	79893	38306	40138	NC_030996.1	2337134	407055	408883	opposite	1785	1833	1828	97.3813	60
FoCotton	JH657989.1	113067	59739	75964	NC_030996.1	2337134	425365	441627	opposite	15844	16290	16262	97.2621	60
FoCotton	JH657989.1	113067	52156	59156	NC_030996.1	2337134	442323	450356	opposite	6870	7933	8033	86.6003	60
FoCotton	JH657989.1	113067	43803	50943	NC_030996.1	2337134	451558	458787	opposite	7024	7229	7229	97.1642	60
FoCotton	JH657992.1	107600	15103	39137	NC_030996.1	2337134	460658	484680	same	23630	24059	24022	98.2169	60
FoCotton	JH657992.1	107600	39446	48785	NC_030996.1	2337134	485604	494944	same	9235	9345	9340	98.8229	60
FoCotton	JH657992.1	107600	48975	61647	NC_030996.1	2337134	495147	507796	same	12305	12683	12649	97.0196	60
FoCotton	JH657992.1	107600	62184	107540	NC_030996.1	2337134	508335	551584	same	42480	43749	43249	97.0994	60
FoCotton	JH657988.1	114244	48369	114178	NC_030996.1	2337134	551585	619322	opposite	64099	68107	67737	94.1151	60
FoCotton	JH658052.1	45501	392	1972	NC_030996.1	2337134	617389	618969	same	1502	1580	1580	95.0633	60
FoCotton	JH657988.1	114244	1139	47649	NC_030996.1	2337134	620081	669315	opposite	45012	49507	49234	90.9205	60
FoCotton	JH658005.1	92023	171	2147	NC_030996.1	2337134	669306	671282	same	1934	1976	1976	97.8745	60
FoCotton	JH658005.1	92023	5117	5783	NC_030996.1	2337134	672300	672965	same	626	666	665	93.9940	60
FoCotton	JH658005.1	92023	13715	14381	NC_030996.1	2337134	677984	678656	same	644	672	672	95.8333	60
FoCotton	JH658005.1	92023	14705	39149	NC_030996.1	2337134	679003	700336	same	20983	24366	21333	86.1159	60
FoCotton	JH658005.1	92023	39240	91827	NC_030996.1	2337134	700449	752782	same	51245	52639	52333	97.3518	60
FoCotton	JH657974.1	182610	66	48556	NC_030996.1	2337134	752774	801112	same	47271	48548	48338	97.3696	60
FoCotton	JH657974.1	182610	59517	72445	NC_030996.1	2337134	806935	819918	same	12611	12993	12983	97.0600	60
FoCotton	JH657974.1	182610	73436	119288	NC_030996.1	2337134	821179	867020	same	44612	46175	45841	96.6151	60
FoCotton	JH657974.1	182610	121344	122383	NC_030996.1	2337134	870027	871065	same	990	1039	1038	95.2839	60
FoCotton	JH657974.1	182610	122753	173461	NC_030996.1	2337134	871434	918753	same	46255	50333	47319	91.8980	60
FoCotton	JH657974.1	182610	173633	181032	NC_030996.1	2337134	918925	926391	same	7157	7476	7466	95.7330	60
FoCotton	JH657981.1	159098	194	21755	NC_030996.1	2337134	930821	950625	same	18567	21648	19804	85.7677	60
FoCotton	JH657981.1	159098	21982	48242	NC_030996.1	2337134	950985	977865	same	25536	27087	26880	94.2740	60
FoCotton	JH657981.1	159098	52502	98669	NC_030996.1	2337134	979321	1025520	same	45215	46243	46199	97.7770	60
FoCotton	JH657981.1	159098	99901	105776	NC_030996.1	2337134	1028655	1034704	same	5753	6076	6049	94.6840	60
FoCotton	JH657981.1	159098	106581	158887	NC_030996.1	2337134	1035330	1088317	same	51516	53024	52987	97.1560	60
FoCotton	JH657964.1	217469	188561	217409	NC_030996.1	2337134	1088309	1117152	opposite	28260	28803	28843	98.1148	60
FoCotton	JH657964.1	217469	111479	187046	NC_030996.1	2337134	1117686	1193651	opposite	73907	76128	75965	97.0825	60
FoCotton	JH657964.1	217469	188	111344	NC_030996.1	2337134	1193781	1302841	opposite	107069	111159	109060	96.3206	60
FoCotton	JH658001.1	93468	60	42930	NC_030996.1	2337134	1302834	1340547	same	36887	38044	37713	96.9588	60
FoCotton	JH658001.1	93468	43450	45360	NC_030996.1	2337134	1345012	1346925	same	1817	1916	1913	94.8330	60
FoCotton	JH658001.1	93468	46854	52810	NC_030996.1	2337134	1348425	1355160	same	5783	6740	6735	85.8012	60
FoCotton	JH658001.1	93468	67681	93148	NC_030996.1	2337134	1376153	1404606	same	24969	28508	28453	87.5859	60
FoCotton	JH657961.1	229004	207089	228818	NC_030996.1	2337134	1404980	1425596	opposite	20056	21776	20616	92.1014	60
FoCotton	JH657961.1	229004	182443	206334	NC_030996.1	2337134	1426356	1450242	opposite	23470	23897	23886	98.2132	60
FoCotton	JH657961.1	229004	179617	180581	NC_030996.1	2337134	1450239	1451205	opposite	936	967	966	96.7942	60
FoCotton	JH657961.1	229004	178271	179617	NC_030996.1	2337134	1451214	1452476	same	1240	1348	1262	91.9881	60
FoCotton	JH657961.1	229004	165808	178262	NC_030996.1	2337134	1452476	1464936	opposite	12205	12472	12460	97.8592	60
FoCotton	JH657961.1	229004	156211	165661	NC_030996.1	2337134	1465078	1474575	opposite	9128	9506	9497	96.0236	60
FoCotton	JH657961.1	229004	142568	155238	NC_030996.1	2337134	1477746	1490437	opposite	12345	12702	12691	97.1894	60
FoCotton	JH657961.1	229004	98859	142585	NC_030996.1	2337134	1491091	1535243	opposite	42255	44418	44152	95.1304	60
FoCotton	JH657961.1	229004	56580	98534	NC_030996.1	2337134	1535580	1577530	opposite	41146	42017	41950	97.9270	60
FoCotton	JH657961.1	229004	18473	56486	NC_030996.1	2337134	1577627	1614407	opposite	35746	37123	36780	96.2907	60
FoCotton	JH657997.1	100508	24228	26005	NC_030996.1	2337134	1609658	1611437	same	1637	1779	1779	92.0180	60
FoCotton	JH657961.1	229004	17493	18055	NC_030996.1	2337134	1614825	1615387	opposite	550	562	562	97.8648	60
FoCotton	JH657961.1	229004	15026	15475	NC_030996.1	2337134	1617218	1617666	opposite	428	449	448	95.3229	60
FoCotton	JH657961.1	229004	9740	14337	NC_030996.1	2337134	1618355	1623749	opposite	4372	5431	5394	80.5008	60
FoCotton	JH657961.1	229004	481	9554	NC_030996.1	2337134	1623944	1633007	opposite	8850	9085	9063	97.4133	60
FoCotton	JH657993.1	107607	97336	107328	NC_030996.1	2337134	1633290	1644340	opposite	9813	11063	11050	88.7011	60
FoCotton	JH657946.1	357253	254841	255122	NC_030996.1	2337134	1641210	1641490	opposite	274	281	280	97.5089	11
FoCotton	KK035238.1	49444	13638	13973	NC_030996.1	2337134	1641210	1641544	opposite	327	335	334	97.6119	30
FoCotton	JH658223.1	10866	1732	2081	NC_030996.1	2337134	1641210	1641558	opposite	336	349	348	96.2751	9
FoCotton	JH658152.1	16208	15191	16208	NC_030996.1	2337134	1641210	1642227	same	952	1018	1017	93.5167	60
FoCotton	JH657949.1	327723	16174	17206	NC_030996.1	2337134	1641210	1642242	same	986	1033	1032	95.4501	60
FoCotton	JH658045.1	50911	3692	4671	NC_030996.1	2337134	1641263	1642242	same	935	980	979	95.4082	60
FoCotton	JH657993.1	107607	66917	95048	NC_030996.1	2337134	1646592	1673575	opposite	22774	31792	26983	71.6344	60
FoCotton	JH657993.1	107607	49479	66761	NC_030996.1	2337134	1673737	1691045	opposite	16850	17340	17308	97.1742	60
FoCotton	JH657993.1	107607	39139	47254	NC_030996.1	2337134	1692059	1700166	opposite	7971	8115	8107	98.2255	60
FoCotton	JH657993.1	107607	25581	38741	NC_030996.1	2337134	1700573	1713723	opposite	12640	13198	13150	95.7721	60
FoCotton	JH657993.1	107607	19094	25568	NC_030996.1	2337134	1714333	1720553	opposite	5914	6387	6220	92.5943	60
FoCotton	JH657993.1	107607	6	4452	NC_030996.1	2337134	1734905	1739341	opposite	4304	4452	4436	96.6757	60
FoCotton	JH657953.1	280527	196	62394	NC_030996.1	2337134	1739364	1800501	same	59700	61854	61137	96.5176	60
FoCotton	JH657953.1	280527	74706	115698	NC_030996.1	2337134	1808082	1848326	same	39235	41095	40244	95.4739	60
FoCotton	JH657953.1	280527	117038	172009	NC_030996.1	2337134	1851655	1952437	same	53272	83879	100782	63.5105	60
FoCotton	JH657953.1	280527	175989	176519	NC_030996.1	2337134	1956475	1957005	same	506	530	530	95.4717	60
FoCotton	JH657953.1	280527	177190	193644	NC_030996.1	2337134	1957721	1974176	same	16024	16469	16455	97.2980	60
FoCotton	JH657953.1	280527	193973	207264	NC_030996.1	2337134	1974460	1987731	same	12827	13350	13271	96.0824	60
FoCotton	JH657953.1	280527	207778	214506	NC_030996.1	2337134	1988296	1995017	same	6508	6767	6721	96.1726	60
FoCotton	JH657953.1	280527	214797	218833	NC_030996.1	2337134	1995313	1999360	same	3892	4054	4047	96.0039	60
FoCotton	JH657953.1	280527	228778	246025	NC_030996.1	2337134	2009526	2029151	same	16335	19821	19625	82.4126	60
FoCotton	JH657953.1	280527	252548	257660	NC_030996.1	2337134	2044150	2048576	same	4265	4802	4426	88.8172	60
FoCotton	JH657953.1	280527	260256	267527	NC_030996.1	2337134	2051101	2058374	same	7017	7277	7273	96.4271	60
FoCotton	JH657953.1	280527	267943	276390	NC_030996.1	2337134	2058944	2068148	same	8097	9215	9204	87.8676	60
FoCotton	JH657953.1	280527	276594	278764	NC_030996.1	2337134	2068348	2070516	same	2090	2170	2168	96.3134	60
FoCotton	JH657968.1	201487	77	7655	NC_030996.1	2337134	2072074	2079238	same	6818	7621	7164	89.4633	60
FoCotton	JH657968.1	201487	41443	50744	NC_030996.1	2337134	2118687	2127990	same	9067	9324	9303	97.2437	60
FoCotton	JH657968.1	201487	51448	57732	NC_030996.1	2337134	2128601	2134898	same	6121	6300	6297	97.1587	60
FoCotton	JH657968.1	201487	58932	59946	NC_030996.1	2337134	2136251	2137265	same	984	1014	1014	97.0414	60
FoCotton	JH657968.1	201487	62809	69192	NC_030996.1	2337134	2140109	2146494	same	6018	6385	6385	94.2522	60
FoCotton	JH657968.1	201487	70619	90966	NC_030996.1	2337134	2147906	2159126	same	10838	20377	11220	53.1874	60
FoCotton	JH657968.1	201487	91245	93871	NC_030996.1	2337134	2159413	2162040	same	2571	2627	2627	97.8683	60
FoCotton	JH657968.1	201487	94457	95820	NC_030996.1	2337134	2162777	2164140	same	1340	1364	1363	98.2405	60
FoCotton	JH657968.1	201487	98239	125115	NC_030996.1	2337134	2166097	2193717	same	25438	28149	27620	90.3691	60
FoCotton	JH657968.1	201487	125306	130252	NC_030996.1	2337134	2200757	2205419	same	4408	4855	4662	90.7930	60
FoCotton	JH657968.1	201487	139843	145888	NC_030996.1	2337134	2212664	2218700	same	5826	6046	6036	96.3612	60
FoCotton	JH657968.1	201487	146011	156627	NC_030996.1	2337134	2218828	2229439	same	10380	10620	10611	97.7401	60
FoCotton	JH657968.1	201487	156897	192105	NC_030996.1	2337134	2229710	2272480	same	34323	42733	42770	80.3197	60
FoCotton	JH657968.1	201487	196158	201414	NC_030996.1	2337134	2278457	2282375	same	3812	5262	3918	72.4439	60
FoCotton	JH657987.1	119716	111426	119672	NC_030996.1	2337134	2282374	2291757	opposite	7916	9438	9383	83.8737	60
FoCotton	JH657987.1	119716	49099	61442	NC_030996.1	2337134	2291754	2301737	opposite	9711	12364	9983	78.5425	60
FoCotton	JH657987.1	119716	6081	33512	NC_030996.1	2337134	2305204	2331502	opposite	25470	27365	26298	93.0751	60
FoCotton	JH657951.1	293070	143062	147947	NC_030997.1	2233407	4413	9282	opposite	4698	4889	4869	96.0933	60
FoCotton	JH657951.1	293070	140657	142901	NC_030997.1	2233407	9457	11682	opposite	2167	2246	2225	96.4826	60
FoCotton	JH657951.1	293070	115522	125173	NC_030997.1	2233407	18139	27853	opposite	9288	9722	9714	95.5359	60
FoCotton	JH657951.1	293070	95335	107076	NC_030997.1	2233407	28197	36594	opposite	8052	11786	8397	68.3183	60
FoCotton	JH657951.1	293070	91461	92481	NC_030997.1	2233407	41057	42072	opposite	973	1022	1015	95.2055	60
FoCotton	JH657951.1	293070	89137	91057	NC_030997.1	2233407	42336	44273	opposite	1817	1937	1937	93.8049	60
FoCotton	JH657951.1	293070	75632	82817	NC_030997.1	2233407	53114	59572	opposite	6119	7204	6458	84.9389	60
FoCotton	JH657951.1	293070	65306	75354	NC_030997.1	2233407	59850	69749	opposite	9678	10067	9899	96.1359	60
FoCotton	JH657951.1	293070	24069	61169	NC_030997.1	2233407	72400	109458	opposite	36247	37127	37058	97.6298	60
FoCotton	JH657951.1	293070	11572	23502	NC_030997.1	2233407	110037	121618	opposite	11203	11868	11581	94.3967	60
FoCotton	JH657951.1	293070	6645	11475	NC_030997.1	2233407	121715	126759	opposite	4542	4795	5044	94.7237	60
FoCotton	JH657951.1	293070	5058	6053	NC_030997.1	2233407	127354	128349	opposite	924	995	995	92.8643	60
FoCotton	JH657951.1	293070	103	2990	NC_030997.1	2233407	130422	133312	opposite	2807	2890	2890	97.1280	60
FoCotton	JH658013.1	82093	73353	81917	NC_030997.1	2233407	133305	141898	opposite	8329	8604	8593	96.8038	60
FoCotton	JH658013.1	82093	69827	73097	NC_030997.1	2233407	142151	145446	opposite	3068	3314	3295	92.5769	60
FoCotton	JH658013.1	82093	43249	68861	NC_030997.1	2233407	146378	171806	opposite	24652	25644	25428	96.1316	60
FoCotton	JH658013.1	82093	32716	43250	NC_030997.1	2233407	174631	184952	opposite	9975	10464	10321	95.3268	60
FoCotton	JH658013.1	82093	17558	32264	NC_030997.1	2233407	185399	200340	opposite	14304	14686	14941	97.3989	60
FoCotton	JH658013.1	82093	15695	17368	NC_030997.1	2233407	200527	202194	opposite	1530	1673	1667	91.4525	60
FoCotton	JH658013.1	82093	184	12662	NC_030997.1	2233407	208980	221453	opposite	12021	12492	12473	96.2296	60
FoCotton	KK035224.1	95165	94007	95066	NC_030997.1	2233407	221445	222505	opposite	1030	1060	1060	97.1698	60
FoCotton	KK035224.1	95165	87607	93576	NC_030997.1	2233407	223024	229001	opposite	5619	5982	5977	93.9318	60
FoCotton	KK035224.1	95165	58283	87361	NC_030997.1	2233407	229247	259000	opposite	27912	29884	29753	93.4012	60
FoCotton	KK035224.1	95165	13550	57584	NC_030997.1	2233407	259706	302714	opposite	41317	44434	43008	92.9851	60
FoCotton	KK035224.1	95165	8719	13075	NC_030997.1	2233407	303336	307713	opposite	4172	4383	4377	95.1859	60
FoCotton	KK035224.1	95165	59	8475	NC_030997.1	2233407	307968	316716	opposite	8061	8654	8748	93.1477	60
FoCotton	JH657947.1	338256	305912	338149	NC_030997.1	2233407	319660	351937	opposite	31104	32257	32277	96.4256	60
FoCotton	JH657947.1	338256	303753	305481	NC_030997.1	2233407	352359	354109	opposite	1623	1753	1750	92.5841	60
FoCotton	JH657947.1	338256	285264	301418	NC_030997.1	2233407	356467	373805	opposite	15255	17806	17338	85.6734	60
FoCotton	JH657947.1	338256	274855	285192	NC_030997.1	2233407	373876	384208	opposite	10036	10344	10332	97.0224	60
FoCotton	JH657947.1	338256	272607	274599	NC_030997.1	2233407	384454	386448	opposite	1856	1994	1994	93.0792	60
FoCotton	JH657947.1	338256	271253	272578	NC_030997.1	2233407	386477	387802	opposite	1212	1326	1325	91.4027	60
FoCotton	JH657947.1	338256	262872	268490	NC_030997.1	2233407	390446	396037	opposite	5363	5623	5591	95.3761	60
FoCotton	JH657947.1	338256	251780	260086	NC_030997.1	2233407	398969	407261	opposite	8104	8309	8292	97.5328	60
FoCotton	JH657947.1	338256	239610	246498	NC_030997.1	2233407	428944	435852	opposite	6695	6910	6908	96.8886	60
FoCotton	JH657947.1	338256	215546	239191	NC_030997.1	2233407	436249	459857	opposite	22872	23695	23608	96.5267	60
FoCotton	JH657947.1	338256	193104	214337	NC_030997.1	2233407	461074	481809	opposite	20165	21179	20735	95.2122	60
FoCotton	JH657947.1	338256	170197	188302	NC_030997.1	2233407	484556	502665	opposite	17736	18116	18109	97.9024	60
FoCotton	JH657947.1	338256	144675	170056	NC_030997.1	2233407	502799	528203	opposite	24821	25429	25404	97.6090	60
FoCotton	JH657947.1	338256	136469	144557	NC_030997.1	2233407	528321	536410	opposite	7820	8123	8089	96.2699	60
FoCotton	JH657947.1	338256	108346	134575	NC_030997.1	2233407	538370	564332	opposite	25432	26242	25962	96.9133	60
FoCotton	JH657947.1	338256	80022	108223	NC_030997.1	2233407	564467	585757	opposite	20948	28242	21290	74.1732	60
FoCotton	JH657947.1	338256	23437	79757	NC_030997.1	2233407	586021	642339	opposite	55106	56397	56318	97.7109	60
FoCotton	JH657947.1	338256	14373	19037	NC_030997.1	2233407	642797	648212	opposite	4565	5434	5415	84.0081	60
FoCotton	JH657947.1	338256	500	13949	NC_030997.1	2233407	648746	662256	opposite	13027	13437	13510	96.9487	60
FoCotton	JH657940.1	440990	16626	48851	NC_030997.1	2233407	662269	694515	same	31729	32261	32246	98.3510	60
FoCotton	JH657940.1	440990	48998	54651	NC_030997.1	2233407	694672	700322	same	5499	5663	5650	97.1040	60
FoCotton	JH657940.1	440990	55116	61032	NC_030997.1	2233407	703754	709683	same	5772	5935	5929	97.2536	60
FoCotton	JH657940.1	440990	61073	76604	NC_030997.1	2233407	709990	723537	same	13232	15567	13547	85.0003	60
FoCotton	JH657940.1	440990	76890	77743	NC_030997.1	2233407	723806	724655	same	792	853	849	92.8488	60
FoCotton	JH657940.1	440990	79472	109497	NC_030997.1	2233407	726420	755084	same	27682	30304	28664	91.3477	60
FoCotton	JH657940.1	440990	110169	127401	NC_030997.1	2233407	757362	778406	same	16841	21069	21044	79.9326	60
FoCotton	JH658144.1	20737	18984	19756	NC_030997.1	2233407	778428	779200	same	724	774	772	93.5401	60
FoCotton	JH658128.1	22048	9826	10892	NC_030997.1	2233407	778429	779497	opposite	1041	1068	1068	97.4719	60
FoCotton	KK035338.1	10677	894	1762	NC_030997.1	2233407	778519	779418	opposite	815	902	899	90.3548	60
FoCotton	JH657940.1	440990	127407	185272	NC_030997.1	2233407	779708	837844	same	55745	58947	58136	94.5680	60
FoCotton	JH657940.1	440990	188590	189458	NC_030997.1	2233407	841379	842247	opposite	823	868	868	94.8157	60
FoCotton	JH657940.1	440990	191861	311498	NC_030997.1	2233407	844478	966779	same	116549	123018	122301	94.7414	60
FoCotton	JH657940.1	440990	311660	317756	NC_030997.1	2233407	966941	973029	same	5841	6097	6088	95.8012	60
FoCotton	JH657940.1	440990	317925	325169	NC_030997.1	2233407	973198	980455	same	7002	7259	7257	96.4596	60
FoCotton	JH657940.1	440990	325968	328888	NC_030997.1	2233407	981265	984185	same	2796	2920	2920	95.7534	60
FoCotton	JH657940.1	440990	329339	344491	NC_030997.1	2233407	984686	999831	same	14759	15160	15145	97.3549	60
FoCotton	JH657940.1	440990	344673	370143	NC_030997.1	2233407	1000018	1026126	same	24954	26196	26108	95.2588	60
FoCotton	JH657940.1	440990	374099	407515	NC_030997.1	2233407	1029824	1063233	same	32750	33454	33409	97.8956	60
FoCotton	JH657940.1	440990	407516	440894	NC_030997.1	2233407	1072217	1104362	same	31429	33430	32145	94.0144	60
FoCotton	KK035288.1	16382	73	16281	NC_030997.1	2233407	1104382	1120644	same	15792	16273	16262	97.0442	60
FoCotton	JH657975.1	181325	149160	180494	NC_030997.1	2233407	1122154	1156317	opposite	30748	34232	34163	89.8224	60
FoCotton	JH657975.1	181325	147187	148736	NC_030997.1	2233407	1156948	1158534	opposite	1521	1597	1586	95.2411	60
FoCotton	JH657975.1	181325	144463	147176	NC_030997.1	2233407	1158703	1161530	opposite	2576	2791	2827	92.2967	60
FoCotton	JH657975.1	181325	108311	143329	NC_030997.1	2233407	1162713	1197700	opposite	34182	35115	34987	97.3430	60
FoCotton	JH658128.1	22048	14581	16488	NC_030997.1	2233407	1191999	1193849	opposite	1735	1907	1850	90.9806	60
FoCotton	JH657975.1	181325	83696	108108	NC_030997.1	2233407	1197915	1222317	opposite	23892	24453	24402	97.7058	60
FoCotton	JH657975.1	181325	80743	82667	NC_030997.1	2233407	1223400	1225324	opposite	1896	1924	1924	98.5447	60
FoCotton	JH657975.1	181325	37550	80644	NC_030997.1	2233407	1225433	1268314	opposite	41576	43245	42881	96.1406	60
FoCotton	JH657975.1	181325	10339	35346	NC_030997.1	2233407	1270482	1295335	opposite	24221	24942	24853	97.1093	60
FoCotton	JH657980.1	160715	126087	136835	NC_030997.1	2233407	1296364	1307101	opposite	10551	10760	10737	98.0576	60
FoCotton	JH657980.1	160715	115375	125895	NC_030997.1	2233407	1307282	1317776	opposite	10294	10522	10494	97.8331	60
FoCotton	JH657980.1	160715	113746	114907	NC_030997.1	2233407	1318241	1319403	opposite	1109	1163	1162	95.3568	60
FoCotton	JH657980.1	160715	110484	113625	NC_030997.1	2233407	1319820	1322769	opposite	2902	3144	2949	92.3028	60
FoCotton	JH657980.1	160715	102541	110276	NC_030997.1	2233407	1322987	1330661	opposite	7517	7749	7674	97.0061	60
FoCotton	JH657980.1	160715	66887	98185	NC_030997.1	2233407	1337290	1368592	opposite	30174	31447	31302	95.9519	60
FoCotton	JH657980.1	160715	33307	63343	NC_030997.1	2233407	1372130	1403274	opposite	28977	31382	31144	92.3364	60
FoCotton	JH657980.1	160715	28868	33173	NC_030997.1	2233407	1403405	1407711	opposite	4226	4306	4306	98.1421	60
FoCotton	JH657980.1	160715	27817	28648	NC_030997.1	2233407	1407931	1408762	opposite	762	831	831	91.6968	60
FoCotton	JH657980.1	160715	20324	27383	NC_030997.1	2233407	1409192	1416267	opposite	6884	7078	7075	97.2591	60
FoCotton	JH657980.1	160715	430	20022	NC_030997.1	2233407	1416561	1436305	opposite	19209	19751	19744	97.2558	60
FoCotton	JH658002.1	93126	90406	93078	NC_030997.1	2233407	1436326	1439013	opposite	2617	2688	2687	97.3586	60
FoCotton	JH658002.1	93126	6188	90156	NC_030997.1	2233407	1439277	1524546	opposite	79625	86866	85269	91.6642	60
FoCotton	JH658061.1	38139	15111	16075	NC_030997.1	2233407	1471453	1472416	same	906	966	963	93.7888	60
FoCotton	JH658002.1	93126	106	5878	NC_030997.1	2233407	1524949	1530698	opposite	5614	5776	5749	97.1953	60
FoCotton	JH657966.1	215476	126	12483	NC_030997.1	2233407	1530688	1542204	same	11174	12331	11516	90.6171	60
FoCotton	JH657966.1	215476	13297	37559	NC_030997.1	2233407	1542547	1565495	same	22250	23647	22948	94.0923	60
FoCotton	JH657966.1	215476	37901	72942	NC_030997.1	2233407	1565939	1601031	same	34227	34953	35092	97.9229	60
FoCotton	JH657966.1	215476	73349	123561	NC_030997.1	2233407	1601408	1651597	same	48236	50922	50189	94.7253	60
FoCotton	JH657966.1	215476	123697	197366	NC_030997.1	2233407	1651752	1729723	same	69168	78173	77971	88.4807	60
FoCotton	JH657966.1	215476	198368	199389	NC_030997.1	2233407	1735389	1736409	same	955	1021	1020	93.5357	60
FoCotton	JH657966.1	215476	200269	215393	NC_030997.1	2233407	1737307	1753841	same	14537	16469	16534	88.2689	60
FoCotton	KK035230.1	75149	42198	43465	NC_030997.1	2233407	1738636	1739926	same	1247	1291	1290	96.5918	1
FoCotton	JH657950.1	316556	0	14522	NC_030997.1	2233407	1753837	1767647	same	13176	14093	13810	93.4932	60
FoCotton	JH657950.1	316556	15146	29042	NC_030997.1	2233407	1768268	1781257	same	11807	14640	12989	80.6489	60
FoCotton	JH657950.1	316556	33805	51700	NC_030997.1	2233407	1786688	1803561	same	16239	17813	16873	91.1638	60
FoCotton	JH657950.1	316556	52066	71243	NC_030997.1	2233407	1804039	1831695	same	18311	27135	27656	67.4811	60
FoCotton	JH657950.1	316556	72781	76022	NC_030997.1	2233407	1834190	1837434	same	3149	3244	3244	97.0715	60
FoCotton	JH658261.1	4230	2656	3742	NC_030997.1	2233407	1837464	1838552	opposite	1037	1088	1088	95.3125	60
FoCotton	JH657950.1	316556	76395	86362	NC_030997.1	2233407	1837803	1847782	same	9613	9990	9979	96.2262	60
FoCotton	JH657950.1	316556	88952	91644	NC_030997.1	2233407	1850379	1853097	same	2558	2723	2718	93.9405	60
FoCotton	JH657950.1	316556	94528	95073	NC_030997.1	2233407	1856348	1856892	same	519	545	544	95.2294	60
FoCotton	JH657950.1	316556	95470	97502	NC_030997.1	2233407	1857339	1859444	same	1944	2106	2105	92.3077	60
FoCotton	JH657950.1	316556	98073	102973	NC_030997.1	2233407	1859954	1867145	same	4683	7215	7191	64.9064	60
FoCotton	JH657950.1	316556	107759	121416	NC_030997.1	2233407	1870753	1884730	same	13114	13902	13977	94.3318	60
FoCotton	JH657950.1	316556	121685	143870	NC_030997.1	2233407	1885119	1905128	same	19498	22243	20009	87.6590	60
FoCotton	JH657950.1	316556	144354	153566	NC_030997.1	2233407	1905510	1914361	same	8553	9224	8851	92.7255	60
FoCotton	JH657950.1	316556	153672	157046	NC_030997.1	2233407	1914485	1917858	same	3239	3374	3373	95.9988	60
FoCotton	JH657950.1	316556	157299	160404	NC_030997.1	2233407	1918682	1921625	same	2795	3113	2943	89.7848	60
FoCotton	JH657950.1	316556	164841	167606	NC_030997.1	2233407	1928653	1931409	same	2649	2775	2756	95.4595	60
FoCotton	JH657950.1	316556	167927	183048	NC_030997.1	2233407	1931851	1945150	same	12830	14888	13299	86.1768	60
FoCotton	JH657950.1	316556	183372	184665	NC_030997.1	2233407	1945562	1946853	same	1198	1293	1291	92.6527	60
FoCotton	JH657950.1	316556	185922	193289	NC_030997.1	2233407	1947309	1952925	same	5408	7370	5616	73.3786	60
FoCotton	JH657950.1	316556	193538	198509	NC_030997.1	2233407	1953186	1958332	same	4777	5168	5146	92.4342	60
FoCotton	JH657950.1	316556	198514	199640	NC_030997.1	2233407	1959241	1960387	same	1095	1146	1146	95.5497	60
FoCotton	JH657950.1	316556	201534	215189	NC_030997.1	2233407	1962631	1976270	same	13080	13659	13639	95.7610	60
FoCotton	JH657950.1	316556	216963	219134	NC_030997.1	2233407	1976480	1978650	same	2023	2171	2170	93.1829	60
FoCotton	JH657950.1	316556	220356	240226	NC_030997.1	2233407	1980035	2000129	same	19016	20138	20094	94.4284	60
FoCotton	JH657950.1	316556	272457	274847	NC_030997.1	2233407	2011021	2013387	same	2245	2391	2366	93.8938	60
FoCotton	JH657950.1	316556	275055	276016	NC_030997.1	2233407	2014233	2015194	same	910	962	961	94.5946	60
FoCotton	JH657950.1	316556	276941	297069	NC_030997.1	2233407	2016080	2038113	same	18940	22506	22033	84.1553	60
FoCotton	JH657950.1	316556	313473	316001	NC_030997.1	2233407	2038172	2040700	same	2452	2528	2528	96.9937	60
FoCotton	KK035247.1	35540	29478	35379	NC_030997.1	2233407	2041206	2047321	opposite	5680	6120	6115	92.8105	60
FoCotton	KK035247.1	35540	25361	29134	NC_030997.1	2233407	2047713	2051484	opposite	3521	3775	3771	93.2715	60
FoCotton	KK035306.1	14385	1644	4543	NC_030997.1	2233407	2140081	2142980	opposite	2680	2900	2899	92.4138	60
FoCotton	JH657999.1	99110	19363	21520	NC_030997.1	2233407	2141154	2143310	opposite	2001	2157	2156	92.7677	60
FoCotton	KK035247.1	35540	12472	25367	NC_030997.1	2233407	2144125	2156685	opposite	11858	13116	12560	90.4087	60
FoCotton	JH658054.1	40292	4591	6133	NC_030997.1	2233407	2149942	2151484	opposite	1470	1542	1542	95.3307	60
FoCotton	KK035250.1	32035	15534	27592	NC_030997.1	2233407	2159896	2173435	opposite	11397	13751	13539	82.8812	60
FoCotton	KK035250.1	32035	9389	9846	NC_030997.1	2233407	2173674	2174120	opposite	430	457	446	94.0919	60
FoCotton	KK035250.1	32035	92	9102	NC_030997.1	2233407	2174538	2182447	opposite	7229	9365	7909	77.1917	60
FoCotton	JH657976.1	181406	180879	181324	NC_030997.1	2233407	2185330	2185770	opposite	424	445	440	95.2809	60
FoCotton	JH657976.1	181406	176984	180622	NC_030997.1	2233407	2186107	2189741	opposite	3479	3643	3634	95.4982	60
FoCotton	JH657976.1	181406	162447	170932	NC_030997.1	2233407	2190522	2199103	opposite	8092	8483	8581	95.3908	60
FoCotton	JH657976.1	181406	154809	162006	NC_030997.1	2233407	2200819	2211294	opposite	6960	10490	10475	66.3489	60
FoCotton	JH658069.1	34732	33400	34594	NC_030997.1	2233407	2208602	2209796	same	1136	1194	1194	95.1424	60
FoCotton	JH657976.1	181406	140436	153030	NC_030997.1	2233407	2214160	2226717	opposite	12163	12614	12557	96.4246	60
FoCotton	JH657976.1	181406	130574	136066	NC_030997.1	2233407	2227906	2233407	opposite	5304	5503	5501	96.3838	60
FoCotton	JH657983.1	148325	48499	55892	NC_030998.1	1751499	7675	15130	opposite	7028	7481	7455	93.9447	60
FoCotton	JH657983.1	148325	44214	48250	NC_030998.1	1751499	15391	19407	opposite	3886	4052	4016	95.9033	60
FoCotton	JH657983.1	148325	34612	35831	NC_030998.1	1751499	19957	21178	opposite	1181	1221	1221	96.7240	60
FoCotton	JH657983.1	148325	7785	32776	NC_030998.1	1751499	36714	64488	opposite	23473	28032	27774	83.7364	60
FoCotton	KK035293.1	15746	0	703	NC_030998.1	1751499	49630	50333	opposite	699	703	703	99.4310	18
FoCotton	JH658265.1	5262	4713	5262	NC_030998.1	1751499	49996	50545	opposite	540	549	549	98.3607	37
FoCotton	JH658265.1	5262	0	348	NC_030998.1	1751499	50546	50894	opposite	347	348	348	99.7126	60
FoCotton	JH657983.1	148325	3221	7042	NC_030998.1	1751499	65980	69810	opposite	3677	3833	3830	95.9301	60
FoCotton	JH657983.1	148325	198	2023	NC_030998.1	1751499	94943	96774	opposite	1790	1831	1831	97.7608	60
FoCotton	JH658020.1	75263	350	3347	NC_030998.1	1751499	96771	99759	same	2896	2997	2988	96.6300	60
FoCotton	JH658020.1	75263	3690	28060	NC_030998.1	1751499	101384	124818	same	22753	23953	23434	94.9902	60
FoCotton	JH658020.1	75263	40125	47376	NC_030998.1	1751499	127325	134576	same	6918	7254	7251	95.3681	60
FoCotton	KK035480.1	4394	2556	4073	NC_030998.1	1751499	135437	136954	opposite	1424	1517	1517	93.8695	60
FoCotton	JH658020.1	75263	64359	66500	NC_030998.1	1751499	141544	143681	same	1940	2145	2137	90.4429	60
FoCotton	JH658020.1	75263	69789	75154	NC_030998.1	1751499	148371	153736	same	5272	5365	5365	98.2665	60
FoCotton	JH657962.1	222635	169	8455	NC_030998.1	1751499	154383	162413	same	7832	8288	8030	94.4981	60
FoCotton	JH657962.1	222635	24322	27571	NC_030998.1	1751499	179976	183250	same	3153	3276	3274	96.2454	60
FoCotton	JH657962.1	222635	27703	31636	NC_030998.1	1751499	183397	187338	same	3846	3942	3941	97.5647	60
FoCotton	JH657962.1	222635	33551	37553	NC_030998.1	1751499	188770	192773	same	3847	4003	4003	96.1029	60
FoCotton	JH657962.1	222635	37869	40225	NC_030998.1	1751499	193098	195447	same	2165	2360	2349	91.7373	60
FoCotton	JH657962.1	222635	40618	60364	NC_030998.1	1751499	195747	215499	same	19388	19769	19752	98.0727	60
FoCotton	JH657962.1	222635	60744	107511	NC_030998.1	1751499	215839	262661	same	45524	46858	46822	97.1531	60
FoCotton	JH657962.1	222635	115789	167130	NC_030998.1	1751499	267637	318891	same	50335	51373	51254	97.9795	60
FoCotton	JH657962.1	222635	168135	185734	NC_030998.1	1751499	319900	337495	same	17141	17620	17595	97.2815	60
FoCotton	JH657962.1	222635	186745	222449	NC_030998.1	1751499	338525	375583	same	34162	37858	37058	90.2372	60
FoCotton	JH657969.1	200265	70	5908	NC_030998.1	1751499	375578	381400	same	5683	5846	5822	97.2118	60
FoCotton	JH657969.1	200265	7628	9445	NC_030998.1	1751499	381398	383231	same	1780	1834	1833	97.0556	60
FoCotton	JH657969.1	200265	10843	19134	NC_030998.1	1751499	384700	394406	same	8060	9712	9706	82.9901	60
FoCotton	JH657969.1	200265	22394	41939	NC_030998.1	1751499	401028	420514	same	18847	19602	19486	96.1484	60
FoCotton	JH657969.1	200265	41927	42424	NC_030998.1	1751499	421131	421628	same	483	497	497	97.1831	60
FoCotton	JH657969.1	200265	42850	43377	NC_030998.1	1751499	421643	422170	same	505	527	527	95.8254	60
FoCotton	JH657969.1	200265	45801	62209	NC_030998.1	1751499	424815	441238	same	16009	16425	16423	97.4673	60
FoCotton	JH657969.1	200265	62446	77340	NC_030998.1	1751499	441490	456359	same	14523	14901	14869	97.4633	60
FoCotton	JH657969.1	200265	77649	90045	NC_030998.1	1751499	456476	473769	same	12109	17309	17293	69.9578	60
FoCotton	JH657969.1	200265	92959	106079	NC_030998.1	1751499	473774	486604	same	12299	13240	12830	92.8927	60
FoCotton	JH657969.1	200265	106581	125051	NC_030998.1	1751499	487099	505555	same	17930	18497	18456	96.9346	60
FoCotton	JH657969.1	200265	126490	150769	NC_030998.1	1751499	505807	530171	same	23581	24384	24364	96.7069	60
FoCotton	JH657969.1	200265	150807	152581	NC_030998.1	1751499	538216	539990	same	1669	1775	1774	94.0282	60
FoCotton	JH657963.1	219320	179	2617	NC_030998.1	1751499	540005	542447	opposite	2388	2442	2442	97.7887	60
FoCotton	JH657969.1	200265	160424	200088	NC_030998.1	1751499	542439	594336	opposite	38740	51715	51897	74.9106	60
FoCotton	JH657963.1	219320	6366	8743	NC_030998.1	1751499	594331	596702	same	2270	2377	2371	95.4985	60
FoCotton	JH657963.1	219320	15972	18760	NC_030998.1	1751499	599685	602455	same	2716	2789	2770	97.3826	60
FoCotton	JH657963.1	219320	21057	31297	NC_030998.1	1751499	606614	616868	same	9959	10280	10254	96.8774	60
FoCotton	JH657963.1	219320	42089	55903	NC_030998.1	1751499	622808	636596	same	13392	13879	13788	96.4911	60
FoCotton	JH657963.1	219320	56161	66480	NC_030998.1	1751499	636857	647207	same	9908	10368	10350	95.5633	60
FoCotton	JH657963.1	219320	66984	80558	NC_030998.1	1751499	647972	661530	same	13106	13594	13558	96.4102	60
FoCotton	JH657963.1	219320	83210	90767	NC_030998.1	1751499	663944	671551	same	7380	7612	7607	96.9522	60
FoCotton	JH657963.1	219320	91253	116488	NC_030998.1	1751499	673163	696863	same	23299	25176	23700	92.5445	60
FoCotton	JH657963.1	219320	116955	219103	NC_030998.1	1751499	697333	799909	same	98979	102848	102576	96.2381	60
FoCotton	KK035218.1	114276	39768	114071	NC_030998.1	1751499	800496	870268	opposite	68265	74371	69772	91.7898	60
FoCotton	KK035228.1	75402	65288	65915	NC_030998.1	1751499	870270	870897	opposite	616	627	627	98.2456	60
FoCotton	KK035228.1	75402	36193	63274	NC_030998.1	1751499	872909	899976	opposite	26590	27126	27067	98.0240	60
FoCotton	KK035228.1	75402	6131	36050	NC_030998.1	1751499	900097	930024	opposite	29269	29965	29927	97.6773	60
FoCotton	KK035228.1	75402	110	4096	NC_030998.1	1751499	932794	936799	opposite	3828	4029	4005	95.0112	60
FoCotton	KK035214.1	150345	147032	150173	NC_030998.1	1751499	936798	939944	opposite	3034	3146	3146	96.4399	60
FoCotton	KK035214.1	150345	83316	144325	NC_030998.1	1751499	942697	1003668	opposite	59360	61582	60971	96.3918	60
FoCotton	KK035214.1	150345	65557	83190	NC_030998.1	1751499	1003788	1021153	opposite	16821	17911	17365	93.9144	60
FoCotton	KK035214.1	150345	54895	65299	NC_030998.1	1751499	1021513	1031920	opposite	10240	10412	10407	98.3481	60
FoCotton	KK035214.1	150345	53864	54881	NC_030998.1	1751499	1032811	1033825	opposite	951	1017	1014	93.5103	60
FoCotton	KK035214.1	150345	45057	53646	NC_030998.1	1751499	1034454	1043047	opposite	8406	8596	8593	97.7897	60
FoCotton	KK035214.1	150345	43498	44476	NC_030998.1	1751499	1043619	1044598	opposite	903	981	979	92.0489	60
FoCotton	KK035214.1	150345	187	43171	NC_030998.1	1751499	1044925	1088106	opposite	42189	43256	43181	97.5333	60
FoCotton	JH657994.1	106602	54157	106207	NC_030998.1	1751499	1088105	1139384	opposite	50400	51740	51279	97.4101	60
FoCotton	JH657994.1	106602	24534	53170	NC_030998.1	1751499	1140524	1170000	opposite	27682	29355	29476	94.3008	60
FoCotton	JH657994.1	106602	11709	22949	NC_030998.1	1751499	1171588	1182833	opposite	11002	11256	11245	97.7434	60
FoCotton	JH657994.1	106602	95	6433	NC_030998.1	1751499	1186924	1193281	opposite	6264	6357	6357	98.5370	60
FoCotton	JH657971.1	198351	131232	198349	NC_030998.1	1751499	1193272	1261278	opposite	65657	68137	68006	96.3603	60
FoCotton	JH657971.1	198351	127340	130634	NC_030998.1	1751499	1261626	1264922	opposite	3255	3296	3296	98.7561	60
FoCotton	JH657971.1	198351	62476	126793	NC_030998.1	1751499	1265523	1327804	opposite	59650	64738	62281	92.1406	60
FoCotton	JH657971.1	198351	56417	62160	NC_030998.1	1751499	1328118	1333895	opposite	5527	5778	5777	95.6559	60
FoCotton	JH657971.1	198351	47720	55924	NC_030998.1	1751499	1334383	1342588	opposite	7931	8216	8205	96.5312	60
FoCotton	JH657971.1	198351	20008	45842	NC_030998.1	1751499	1344420	1366963	opposite	21990	25864	22543	85.0217	60
FoCotton	JH657971.1	198351	3368	13433	NC_030998.1	1751499	1367174	1377191	opposite	9760	10094	10017	96.6911	60
FoCotton	JH658045.1	50911	15283	18155	NC_030998.1	1751499	1378232	1381104	same	2814	2873	2872	97.9464	60
FoCotton	JH658045.1	50911	18683	21579	NC_030998.1	1751499	1381662	1384556	same	2858	2897	2894	98.6538	60
FoCotton	JH658045.1	50911	21868	29884	NC_030998.1	1751499	1384903	1392912	same	7837	8033	8009	97.5601	60
FoCotton	JH658045.1	50911	30090	49154	NC_030998.1	1751499	1393110	1412158	same	18614	19076	19048	97.5781	60
FoCotton	JH658045.1	50911	49646	50815	NC_030998.1	1751499	1412645	1413814	same	1140	1169	1169	97.5192	60
FoCotton	JH658032.1	59947	40504	58242	NC_030998.1	1751499	1413809	1431346	opposite	16989	17762	17537	95.6480	60
FoCotton	JH658032.1	59947	28914	40268	NC_030998.1	1751499	1431579	1442809	opposite	10839	11415	11230	94.9540	60
FoCotton	JH658032.1	59947	130	28445	NC_030998.1	1751499	1443496	1471034	opposite	26755	28318	27538	94.4805	60
FoCotton	JH657945.1	346831	45	17358	NC_030998.1	1751499	1471344	1487101	same	15433	15985	15757	96.5468	60
FoCotton	JH657945.1	346831	17577	23968	NC_030998.1	1751499	1487326	1493719	same	6238	6397	6393	97.5145	60
FoCotton	JH657945.1	346831	25911	36046	NC_030998.1	1751499	1495628	1505767	same	9942	10139	10139	98.0570	60
FoCotton	JH657945.1	346831	36477	54260	NC_030998.1	1751499	1506217	1523993	same	17450	17789	17776	98.0943	60
FoCotton	JH657945.1	346831	54436	64674	NC_030998.1	1751499	1524182	1534377	same	9837	10258	10195	95.8959	60
FoCotton	JH657945.1	346831	64907	92979	NC_030998.1	1751499	1534619	1562186	same	26873	28124	27567	95.5518	60
FoCotton	JH657945.1	346831	93765	95368	NC_030998.1	1751499	1562777	1564380	same	1532	1604	1603	95.5112	60
FoCotton	JH657945.1	346831	101877	137507	NC_030998.1	1751499	1577056	1619866	same	34747	42643	42810	81.4835	60
FoCotton	JH657945.1	346831	139604	141685	NC_030998.1	1751499	1621979	1624074	same	2048	2097	2095	97.6633	60
FoCotton	JH657945.1	346831	143143	149384	NC_030998.1	1751499	1630467	1636010	same	5327	6151	5543	86.6038	60
FoCotton	JH657945.1	346831	153534	157022	NC_030998.1	1751499	1643500	1646127	same	2520	2642	2627	95.3823	60
FoCotton	JH657945.1	346831	157381	190641	NC_030998.1	1751499	1646326	1688307	same	31581	37320	41981	84.6222	60
FoCotton	JH657945.1	346831	194399	197949	NC_030998.1	1751499	1689205	1692756	same	3495	3551	3551	98.4230	60
FoCotton	JH657945.1	346831	198407	221219	NC_030998.1	1751499	1693557	1717576	same	22130	24054	24019	92.0013	60
FoCotton	JH657945.1	346831	223796	235929	NC_030998.1	1751499	1720161	1732308	same	11754	12180	12147	96.5025	60
FoCotton	JH657945.1	346831	236332	251927	NC_030998.1	1751499	1732708	1748307	same	14961	15657	15599	95.5547	60
FoCotton	JH658125.1	22170	19585	20947	NC_030999.1	1838362	626	1979	opposite	1313	1362	1353	96.4023	60
FoCotton	JH658205.1	9991	0	2497	NC_030999.1	1838362	10923	13491	opposite	2371	2376	2568	99.7896	60
FoCotton	JH658017.1	87296	5722	7886	NC_030999.1	1838362	33141	35919	same	2018	2679	2778	75.3266	60
FoCotton	JH658011.1	86016	10232	12870	NC_030999.1	1838362	36443	39079	opposite	2537	2639	2636	96.1349	60
FoCotton	KK035668.1	1996	411	1987	NC_030999.1	1838362	37507	39080	opposite	1512	1576	1573	95.9391	60
FoCotton	KK035348.1	9703	4827	7191	NC_030999.1	1838362	44289	46647	opposite	2233	2364	2358	94.4585	60
FoCotton	JH658197.1	10237	193	2029	NC_030999.1	1838362	44291	46204	opposite	1703	1914	1913	88.9760	60
FoCotton	JH658072.1	34314	18671	18963	NC_030999.1	1838362	68488	68780	same	289	292	292	98.9726	60
FoCotton	KK035663.1	2007	599	908	NC_030999.1	1838362	68495	68803	opposite	302	310	308	97.4194	60
FoCotton	KK035268.1	20918	19468	20918	NC_030999.1	1838362	68929	70378	same	1423	1450	1449	98.1379	60
FoCotton	JH658000.1	99639	1305	3037	NC_030999.1	1838362	68929	70661	opposite	1696	1732	1732	97.9215	60
FoCotton	KK035230.1	75149	61655	63391	NC_030999.1	1838362	68929	70666	same	1711	1737	1737	98.5032	60
FoCotton	JH658084.1	33835	31996	33721	NC_030999.1	1838362	68941	70666	same	1562	1735	1725	90.0288	40
FoCotton	JH658103.1	32432	9633	11072	NC_030999.1	1838362	68945	70383	same	1307	1439	1438	90.8270	24
FoCotton	JH658091.1	28983	21779	22691	NC_030999.1	1838362	69209	70121	same	832	915	912	90.9290	21
FoCotton	JH657946.1	357253	355507	356520	NC_030999.1	1838362	69369	70382	opposite	927	1013	1013	91.5104	60
FoCotton	JH658161.1	15983	1878	5494	NC_030999.1	1838362	82718	86294	opposite	3212	3592	3576	89.4209	60
FoCotton	JH658103.1	32432	23632	26934	NC_030999.1	1838362	82729	86054	same	3034	3370	3325	90.0297	28
FoCotton	JH658233.1	7470	3988	6238	NC_030999.1	1838362	89641	91891	same	2239	2250	2250	99.5111	51
FoCotton	JH658079.1	32220	26158	28135	NC_030999.1	1838362	97141	99118	opposite	1970	1977	1977	99.6459	60
FoCotton	JH658050.1	42973	28020	30237	NC_030999.1	1838362	112618	114841	opposite	2157	2223	2223	97.0310	60
FoCotton	KK035255.1	27702	12126	13393	NC_030999.1	1838362	125101	126360	same	1188	1267	1259	93.7648	60
FoCotton	JH658050.1	42973	13498	20523	NC_030999.1	1838362	125101	132014	opposite	6828	7025	6913	97.1957	60
FoCotton	JH658077.1	32478	19034	22240	NC_030999.1	1838362	128190	131332	same	3021	3206	3142	94.2296	60
FoCotton	JH658106.1	25158	4847	9495	NC_030999.1	1838362	140218	144871	same	4340	4660	4653	93.1330	60
FoCotton	JH658259.1	5520	1227	4879	NC_030999.1	1838362	154675	158891	same	3444	4220	4216	81.6114	56
FoCotton	KK035471.1	4549	4088	4549	NC_030999.1	1838362	155104	155564	opposite	446	461	460	96.7462	60
FoCotton	KK035651.1	2133	0	1902	NC_030999.1	1838362	155273	157176	opposite	1862	1904	1903	97.7941	60
FoCotton	KK035314.1	12897	994	2366	NC_030999.1	1838362	161060	162432	opposite	1347	1372	1372	98.1778	60
FoCotton	KK035617.1	2456	116	2456	NC_030999.1	1838362	170909	173251	same	2336	2342	2342	99.7438	60
FoCotton	JH658198.1	10210	9866	10210	NC_030999.1	1838362	173205	173549	same	344	344	344	100.0000	1
FoCotton	KK035748.1	1488	0	1488	NC_030999.1	1838362	174042	175529	same	1485	1488	1487	99.7984	60
FoCotton	KK035251.1	31739	16490	19867	NC_030999.1	1838362	175014	178412	opposite	3149	3412	3398	92.2919	60
FoCotton	KK035812.1	1186	0	1186	NC_030999.1	1838362	189957	191148	same	1181	1191	1191	99.1604	60
FoCotton	KK035404.1	6590	0	3442	NC_030999.1	1838362	191612	195059	same	3418	3449	3447	99.1012	60
FoCotton	KK035513.1	3728	1452	2153	NC_030999.1	1838362	198213	198921	same	671	708	708	94.7740	60
FoCotton	KK035508.1	3828	2123	3796	NC_030999.1	1838362	198628	200338	same	1608	1718	1710	93.5972	60
FoCotton	KK035679.1	1936	0	1875	NC_030999.1	1838362	201357	203231	opposite	1795	1877	1874	95.6313	60
FoCotton	JH658267.1	4371	1315	4259	NC_030999.1	1838362	204111	207247	same	2783	3173	3136	87.7088	60
FoCotton	JH658142.1	22586	1711	2997	NC_030999.1	1838362	206600	208146	same	1184	1565	1546	75.6550	38
FoCotton	JH658189.1	10695	1780	2519	NC_030999.1	1838362	223143	223882	opposite	694	739	739	93.9107	0
FoCotton	JH658188.1	11767	5045	8302	NC_030999.1	1838362	231739	234985	opposite	3118	3258	3246	95.7029	60
FoCotton	KK035471.1	4549	0	3924	NC_030999.1	1838362	241203	245116	opposite	3897	3924	3913	99.3119	60
FoCotton	KK035754.1	1458	75	1458	NC_030999.1	1838362	247240	248623	same	1374	1383	1383	99.3492	60
FoCotton	KK035579.1	2870	0	2862	NC_030999.1	1838362	248528	251390	same	2852	2862	2862	99.6506	60
FoCotton	KK035624.1	2361	1281	2361	NC_030999.1	1838362	252169	253250	opposite	1075	1081	1081	99.4450	60
FoCotton	KK035666.1	2012	104	2012	NC_030999.1	1838362	268667	270578	opposite	1827	1911	1911	95.6044	60
FoCotton	KK035624.1	2361	0	294	NC_030999.1	1838362	278658	278952	opposite	294	294	294	100.0000	60
FoCotton	KK035682.1	1900	0	1900	NC_030999.1	1838362	278857	280742	opposite	1866	1900	1885	98.2105	60
FoCotton	JH658009.1	89445	43908	44746	NC_030999.1	1838362	280923	281735	same	769	838	812	91.7661	60
FoCotton	JH658009.1	89445	44774	48001	NC_030999.1	1838362	281827	285009	same	2925	3254	3182	89.8894	60
FoCotton	JH658011.1	86016	85610	86016	NC_030999.1	1838362	286833	287239	opposite	404	406	406	99.5074	0
FoCotton	KK035462.1	4687	0	286	NC_030999.1	1838362	286953	287239	same	284	286	286	99.3007	0
FoCotton	KK035314.1	12897	9735	12897	NC_030999.1	1838362	297096	300242	opposite	3057	3176	3146	96.2531	60
FoCotton	KK035813.1	1185	0	1185	NC_030999.1	1838362	311571	312756	same	1177	1185	1185	99.3249	0
FoCotton	JH658076.1	33158	16978	17479	NC_030999.1	1838362	343430	343931	opposite	473	501	501	94.4112	0
FoCotton	KK035532.1	3475	2000	3475	NC_030999.1	1838362	347716	349191	opposite	1361	1475	1475	92.2712	1
FoCotton	JH657972.1	191548	148345	149077	NC_030999.1	1838362	353778	354510	same	677	732	732	92.4863	0
FoCotton	JH658263.1	4057	1597	1978	NC_030999.1	1838362	373303	373677	opposite	366	381	374	96.0630	17
FoCotton	JH658050.1	42973	6717	8305	NC_030999.1	1838362	395852	397440	same	1574	1588	1588	99.1184	60
FoCotton	KK035421.1	6031	287	1378	NC_030999.1	1838362	398138	399229	opposite	1079	1091	1091	98.9001	60
FoCotton	JH658050.1	42973	8990	9854	NC_030999.1	1838362	398143	399011	same	821	868	868	94.5853	60
FoCotton	JH658035.1	58475	18115	22706	NC_030999.1	1838362	399220	403810	opposite	4550	4594	4590	99.0422	60
FoCotton	JH658035.1	58475	6809	13267	NC_030999.1	1838362	418318	424780	opposite	6338	6465	6462	98.0356	60
FoCotton	JH658035.1	58475	187	2429	NC_030999.1	1838362	430148	432434	opposite	2160	2287	2286	94.4469	60
FoCotton	JH658023.1	73102	11664	17984	NC_030999.1	1838362	447688	454020	same	6077	6345	6332	95.7762	60
FoCotton	JH657991.1	111555	77396	82729	NC_030999.1	1838362	459245	464578	opposite	4872	5372	5333	90.6925	60
FoCotton	JH657991.1	111555	65459	66074	NC_030999.1	1838362	472761	473415	opposite	590	654	654	90.2141	60
FoCotton	JH658215.1	9107	1708	5891	NC_030999.1	1838362	474056	478175	same	4053	4188	4119	96.7765	60
FoCotton	JH658215.1	9107	6048	8010	NC_030999.1	1838362	479189	481150	same	1874	1963	1961	95.4661	60
FoCotton	JH657991.1	111555	56424	58074	NC_030999.1	1838362	479591	481241	opposite	1571	1650	1650	95.2121	60
FoCotton	JH657991.1	111555	46964	53685	NC_030999.1	1838362	481928	488657	opposite	6284	6738	6729	93.2621	60
FoCotton	JH657991.1	111555	22391	24900	NC_030999.1	1838362	506187	508701	opposite	2330	2530	2514	92.0949	60
FoCotton	JH658039.1	55499	1266	2885	NC_030999.1	1838362	520577	522217	same	1507	1642	1640	91.7783	60
FoCotton	JH658039.1	55499	3525	8930	NC_030999.1	1838362	522765	528156	same	5075	5407	5391	93.8598	60
FoCotton	JH658039.1	55499	14658	16270	NC_030999.1	1838362	534340	535817	same	1424	1612	1477	88.3375	60
FoCotton	KK035454.1	4876	97	2724	NC_030999.1	1838362	539805	542433	opposite	2541	2628	2628	96.6895	1
FoCotton	JH658195.1	10462	3148	6359	NC_030999.1	1838362	604041	607531	opposite	3171	3490	3490	90.8596	60
FoCotton	KK035389.1	7318	6319	7318	NC_030999.1	1838362	604198	605199	opposite	958	1001	1001	95.7043	60
FoCotton	JH658131.1	21696	14331	14581	NC_030999.1	1838362	610365	610615	opposite	246	250	250	98.4000	60
FoCotton	JH658037.1	58229	30794	31997	NC_030999.1	1838362	614192	615903	same	1181	1711	1711	69.0240	4
FoCotton	KK035646.1	2111	0	1749	NC_030999.1	1838362	618967	620714	same	1649	1749	1747	94.2824	60
FoCotton	JH658161.1	15983	0	660	NC_030999.1	1838362	621054	621714	same	649	660	660	98.3333	27
FoCotton	KK035550.1	3184	2782	3044	NC_030999.1	1838362	622074	622336	same	258	262	262	98.4733	1
FoCotton	KK035312.1	13076	237	1004	NC_030999.1	1838362	622128	622895	opposite	755	767	767	98.4355	51
FoCotton	JH658101.1	27360	24878	25342	NC_030999.1	1838362	623237	623701	opposite	460	464	464	99.1379	58
FoCotton	JH658144.1	20737	0	472	NC_030999.1	1838362	625928	626400	same	467	472	472	98.9407	26
FoCotton	JH658089.1	31401	5180	5634	NC_030999.1	1838362	625931	626401	same	453	470	470	96.3830	25
FoCotton	JH658234.1	7080	0	206	NC_030999.1	1838362	627800	628006	same	206	206	206	100.0000	0
FoCotton	KK035384.1	7399	6814	7396	NC_030999.1	1838362	638941	639522	same	571	582	581	98.1100	60
FoCotton	KK035412.1	6326	5385	6326	NC_030999.1	1838362	639520	640461	same	941	941	941	100.0000	56
FoCotton	JH658261.1	4230	0	467	NC_030999.1	1838362	641701	642168	same	461	467	467	98.7152	60
FoCotton	KK035674.1	1968	235	1089	NC_030999.1	1838362	649196	650050	same	838	854	854	98.1265	60
FoCotton	JH658144.1	20737	608	2738	NC_030999.1	1838362	650670	652722	same	1954	2130	2052	91.7371	60
FoCotton	JH658144.1	20737	3934	5089	NC_030999.1	1838362	653828	654945	same	1010	1056	1117	95.6439	60
FoCotton	KK035303.1	14572	762	998	NC_030999.1	1838362	655083	655319	same	234	236	236	99.1525	60
FoCotton	KK035400.1	6736	2	1653	NC_030999.1	1838362	663429	665080	same	1585	1651	1651	96.0024	21
FoCotton	KK035432.1	5683	1420	4288	NC_030999.1	1838362	666012	668877	same	2648	2888	2865	91.6898	60
FoCotton	KK035722.1	1678	402	1678	NC_030999.1	1838362	667721	668998	opposite	1187	1277	1277	92.9522	60
FoCotton	KK035727.1	1666	1	390	NC_030999.1	1838362	669863	670255	same	376	392	392	95.9184	29
FoCotton	JH657991.1	111555	21913	22236	NC_030999.1	1838362	671164	671487	opposite	319	323	323	98.7616	60
FoCotton	JH658204.1	9736	9192	9734	NC_030999.1	1838362	671165	671707	same	532	542	542	98.1550	60
FoCotton	JH658226.1	7747	1423	2282	NC_030999.1	1838362	671165	672024	same	843	859	859	98.1374	60
FoCotton	KK035561.1	3081	1443	3081	NC_030999.1	1838362	672994	674724	opposite	1553	1740	1730	89.2529	60
FoCotton	KK035354.1	9053	7608	8006	NC_030999.1	1838362	675525	675913	opposite	376	398	388	94.4724	60
FoCotton	JH658090.1	30509	12510	13330	NC_030999.1	1838362	691631	692445	opposite	791	820	814	96.4634	60
FoCotton	JH658241.1	6138	215	1550	NC_030999.1	1838362	700906	702248	same	1274	1342	1342	94.9329	60
FoCotton	JH658090.1	30509	11581	12512	NC_030999.1	1838362	702245	703178	opposite	894	933	933	95.8199	60
FoCotton	JH658207.1	9628	5039	5880	NC_030999.1	1838362	702365	703206	opposite	813	841	841	96.6706	60
FoCotton	KK035535.1	3417	1973	3417	NC_030999.1	1838362	717475	718919	opposite	1426	1444	1444	98.7535	60
FoCotton	JH658205.1	9991	2515	6747	NC_030999.1	1838362	719563	723471	opposite	3859	4134	3908	93.3478	60
FoCotton	KK035535.1	3417	147	1739	NC_030999.1	1838362	728041	729722	opposite	1573	1681	1681	93.5753	60
FoCotton	KK035261.1	24093	11782	13903	NC_030999.1	1838362	745987	748110	same	1962	2123	2123	92.4164	60
FoCotton	JH658108.1	24796	21602	23810	NC_030999.1	1838362	745987	748197	same	2097	2211	2210	94.8440	60
FoCotton	JH657995.1	102212	100396	102212	NC_030999.1	1838362	770262	772074	same	1742	1816	1812	95.9251	60
FoCotton	JH658107.1	24886	1753	3838	NC_030999.1	1838362	770996	773080	same	1985	2085	2084	95.2038	60
FoCotton	JH658107.1	24886	4682	11103	NC_030999.1	1838362	773965	783369	same	6062	9411	9404	64.4140	60
FoCotton	JH658266.1	5447	2542	3711	NC_030999.1	1838362	778429	779598	opposite	1139	1169	1169	97.4337	60
FoCotton	JH658224.1	8620	4473	4931	NC_030999.1	1838362	780118	780576	same	450	458	458	98.2533	60
FoCotton	JH658105.1	25194	17691	18057	NC_030999.1	1838362	781012	781378	opposite	356	366	366	97.2678	60
FoCotton	JH658107.1	24886	22125	24886	NC_030999.1	1838362	784410	787168	same	2582	2767	2758	93.3141	60
FoCotton	JH658190.1	10861	9303	10861	NC_030999.1	1838362	790014	791525	opposite	1474	1558	1511	94.6085	60
FoCotton	JH658224.1	8620	8190	8599	NC_030999.1	1838362	798289	798698	opposite	402	409	409	98.2885	1
FoCotton	JH658144.1	20737	17215	18375	NC_030999.1	1838362	799282	800434	same	1069	1166	1152	91.6810	60
FoCotton	JH658144.1	20737	7119	9912	NC_030999.1	1838362	801014	803434	same	2229	2807	2420	79.4086	60
FoCotton	JH658185.1	11053	3613	6386	NC_030999.1	1838362	811203	813949	opposite	2707	2779	2746	97.4091	60
FoCotton	JH658011.1	86016	30025	30878	NC_030999.1	1838362	814892	815745	opposite	815	853	853	95.5451	60
FoCotton	JH658237.1	6443	3218	3526	NC_030999.1	1838362	818811	819119	opposite	305	308	308	99.0260	60
FoCotton	KK035389.1	7318	1661	2652	NC_030999.1	1838362	830643	831634	opposite	958	991	991	96.6700	60
FoCotton	JH658095.1	27527	5141	6287	NC_030999.1	1838362	833958	835104	opposite	1138	1146	1146	99.3019	60
FoCotton	JH658145.1	18732	7846	12401	NC_030999.1	1838362	837311	841866	opposite	4543	4555	4555	99.7366	60
FoCotton	JH658145.1	18732	927	1844	NC_030999.1	1838362	841863	842780	same	911	917	917	99.3457	60
FoCotton	JH658145.1	18732	4811	6628	NC_030999.1	1838362	842831	844584	opposite	1697	1727	1753	98.2629	60
FoCotton	JH658036.1	60600	0	1313	NC_030999.1	1838362	845156	846463	opposite	1232	1313	1307	93.8309	18
FoCotton	JH657995.1	102212	97631	100402	NC_030999.1	1838362	857675	860402	opposite	2556	2774	2727	92.1413	29
FoCotton	JH657995.1	102212	95902	97610	NC_030999.1	1838362	866377	868092	opposite	1595	1733	1715	92.0369	27
FoCotton	JH657995.1	102212	94408	95732	NC_030999.1	1838362	868266	869595	opposite	1289	1332	1329	96.7718	31
FoCotton	JH657995.1	102212	87199	94230	NC_030999.1	1838362	870016	877106	opposite	6568	7223	7090	90.9317	34
FoCotton	JH657995.1	102212	84389	86444	NC_030999.1	1838362	878688	880746	opposite	1984	2059	2058	96.3575	32
FoCotton	JH657995.1	102212	63045	63402	NC_030999.1	1838362	901534	901891	opposite	347	357	357	97.1989	60
FoCotton	JH657995.1	102212	48835	50058	NC_030999.1	1838362	914230	915421	opposite	1092	1229	1191	88.8527	1
FoCotton	JH657995.1	102212	39233	42923	NC_030999.1	1838362	918216	921909	opposite	3545	3699	3693	95.8367	60
FoCotton	JH657995.1	102212	26562	28715	NC_030999.1	1838362	931876	934014	opposite	2006	2185	2138	91.8078	29
FoCotton	KK035209.1	488579	1625	4744	NC_030999.1	1838362	982038	985145	same	3048	3119	3107	97.7236	60
FoCotton	KK035209.1	488579	4736	5284	NC_030999.1	1838362	988430	988969	same	512	550	539	93.0909	60
FoCotton	JH658076.1	33158	4002	6175	NC_030999.1	1838362	990217	992385	same	1960	2179	2168	89.9495	60
FoCotton	JH658111.1	26171	19839	22212	NC_030999.1	1838362	1044274	1047153	opposite	2268	2779	2879	81.6121	1
FoCotton	JH658106.1	25158	22964	24375	NC_030999.1	1838362	1045742	1047153	opposite	1407	1411	1411	99.7165	1
FoCotton	JH658204.1	9736	4700	7464	NC_030999.1	1838362	1056027	1059084	same	2637	2957	3057	89.1782	0
FoCotton	JH657978.1	171404	70212	70795	NC_030999.1	1838362	1062641	1063211	same	535	584	570	91.6096	60
FoCotton	JH658058.1	38863	29852	32008	NC_030999.1	1838362	1119064	1121218	opposite	2103	2156	2154	97.5417	60
FoCotton	JH658058.1	38863	22595	29407	NC_030999.1	1838362	1121666	1126335	opposite	4465	5061	4669	88.2237	60
FoCotton	JH658009.1	89445	17945	21365	NC_030999.1	1838362	1126336	1130151	opposite	3318	3825	3815	86.7451	60
FoCotton	JH658009.1	89445	16162	17169	NC_030999.1	1838362	1133680	1134693	opposite	964	1014	1013	95.0690	60
FoCotton	JH658161.1	15983	11231	12291	NC_030999.1	1838362	1144899	1145952	same	1012	1065	1053	95.0235	60
FoCotton	JH658195.1	10462	7591	8457	NC_030999.1	1838362	1144902	1145777	opposite	830	875	875	94.8571	33
FoCotton	JH658011.1	86016	5266	5922	NC_030999.1	1838362	1159263	1159919	same	627	656	656	95.5793	0
FoCotton	JH658265.1	5262	3828	4568	NC_030999.1	1838362	1164767	1165514	opposite	615	647	747	95.0541	0
FoCotton	JH658188.1	11767	10704	11635	NC_030999.1	1838362	1170859	1171902	same	902	1047	1043	86.1509	60
FoCotton	KK035518.1	3607	1481	1764	NC_030999.1	1838362	1172885	1173168	same	279	283	283	98.5866	60
FoCotton	KK035312.1	13076	1031	2563	NC_030999.1	1838362	1177339	1178862	same	1431	1536	1523	93.1641	60
FoCotton	KK035469.1	4548	627	1827	NC_030999.1	1838362	1177831	1178982	opposite	1132	1200	1151	94.3333	60
FoCotton	KK035490.1	4209	2519	3719	NC_030999.1	1838362	1177831	1178982	opposite	1132	1200	1151	94.3333	60
FoCotton	JH658237.1	6443	1762	2309	NC_030999.1	1838362	1177991	1178536	opposite	520	549	545	94.7177	60
FoCotton	JH658237.1	6443	764	1423	NC_030999.1	1838362	1179199	1179735	opposite	519	660	536	78.6364	60
FoCotton	KK035312.1	13076	2644	4356	NC_030999.1	1838362	1179199	1180824	same	1481	1772	1625	83.5779	60
FoCotton	KK035490.1	4209	911	2252	NC_030999.1	1838362	1179340	1180849	opposite	1121	1705	1509	65.7478	60
FoCotton	JH658086.1	31686	8698	8973	NC_030999.1	1838362	1202951	1203226	opposite	270	275	275	98.1818	54
FoCotton	JH658208.1	9286	3535	3944	NC_030999.1	1838362	1233034	1233395	same	352	412	361	85.4369	0
FoCotton	JH658079.1	32220	3628	25755	NC_030999.1	1838362	1242215	1272095	same	20612	30507	29880	67.5648	60
FoCotton	KK035309.1	13988	8174	9726	NC_030999.1	1838362	1293415	1294969	same	1547	1554	1554	99.5495	60
FoCotton	JH658131.1	21696	7795	8423	NC_030999.1	1838362	1294415	1294969	opposite	526	528	554	99.6212	60
FoCotton	JH658144.1	20737	8579	15770	NC_030999.1	1838362	1295000	1303511	same	6697	8551	8511	78.3183	60
FoCotton	JH658187.1	10936	9263	10514	NC_030999.1	1838362	1295030	1296278	opposite	1149	1262	1248	91.0460	42
FoCotton	JH658157.1	15005	248	1322	NC_030999.1	1838362	1302136	1303210	opposite	1020	1074	1074	94.9721	60
FoCotton	JH658100.1	30125	8763	10687	NC_030999.1	1838362	1310900	1312824	same	1904	1924	1924	98.9605	52
FoCotton	KK035597.1	2694	1795	2595	NC_030999.1	1838362	1313379	1314179	same	789	800	800	98.6250	60
FoCotton	JH658060.1	38410	12839	14502	NC_030999.1	1838362	1313379	1315023	same	1569	1669	1644	94.0084	60
FoCotton	KK035348.1	9703	2666	4822	NC_030999.1	1838362	1315144	1317292	opposite	2105	2162	2148	97.3636	60
FoCotton	JH658167.1	12569	12037	12569	NC_030999.1	1838362	1320235	1320767	same	512	532	532	96.2406	1
FoCotton	JH658103.1	32432	29259	30742	NC_030999.1	1838362	1346948	1349298	same	1329	2251	2350	59.0404	60
FoCotton	JH658214.1	9445	3986	4882	NC_030999.1	1838362	1355856	1356751	opposite	826	900	895	91.7778	60
FoCotton	JH658167.1	12569	1329	2191	NC_030999.1	1838362	1355876	1356738	opposite	792	862	862	91.8794	60
FoCotton	JH658214.1	9445	2334	3203	NC_030999.1	1838362	1355876	1356751	opposite	813	879	875	92.4915	60
FoCotton	JH658082.1	31385	0	361	NC_030999.1	1838362	1363811	1364174	opposite	354	363	363	97.5207	60
FoCotton	JH658136.1	19609	3	555	NC_030999.1	1838362	1363811	1364365	opposite	545	554	554	98.3755	57
FoCotton	JH658009.1	89445	65210	65673	NC_030999.1	1838362	1380893	1381396	same	450	504	503	89.2857	60
FoCotton	JH658056.1	44044	24020	24516	NC_030999.1	1838362	1392030	1392525	same	469	496	495	94.5565	53
FoCotton	JH658056.1	44044	24785	29382	NC_030999.1	1838362	1392777	1397374	same	4321	4597	4597	93.9961	60
FoCotton	JH658245.1	5985	164	1369	NC_030999.1	1838362	1396529	1397800	same	1160	1275	1271	90.9804	0
FoCotton	JH658065.1	36326	32392	33628	NC_030999.1	1838362	1399496	1400730	same	1158	1241	1234	93.3118	25
FoCotton	KK035338.1	10677	595	1347	NC_030999.1	1838362	1400015	1400767	opposite	709	755	752	93.9073	60
FoCotton	JH658008.1	87225	22603	22881	NC_030999.1	1838362	1400509	1400787	same	275	279	278	98.5663	30
FoCotton	JH658232.1	7464	0	520	NC_030999.1	1838362	1404778	1405298	opposite	507	520	520	97.5000	0
FoCotton	KK035334.1	10972	0	579	NC_030999.1	1838362	1415509	1416092	same	569	583	583	97.5986	60
FoCotton	KK035348.1	9703	9165	9703	NC_030999.1	1838362	1415680	1416222	opposite	522	542	542	96.3100	60
FoCotton	JH658156.1	16479	16233	16479	NC_030999.1	1838362	1415975	1416221	opposite	242	246	246	98.3740	60
FoCotton	JH658057.1	40519	0	287	NC_030999.1	1838362	1442666	1442953	same	284	287	287	98.9547	60
FoCotton	KK035338.1	10677	4863	6069	NC_030999.1	1838362	1446804	1447984	opposite	1126	1207	1180	93.2891	60
FoCotton	KK035338.1	10677	4389	4854	NC_030999.1	1838362	1454116	1454576	opposite	448	465	460	96.3441	60
FoCotton	JH658129.1	21255	20211	21247	NC_030999.1	1838362	1462404	1463440	opposite	993	1036	1036	95.8494	21
FoCotton	JH658103.1	32432	28749	29864	NC_030999.1	1838362	1462836	1463744	opposite	848	1115	908	76.0538	60
FoCotton	JH658216.1	8975	7269	7749	NC_030999.1	1838362	1464173	1464650	same	413	530	477	77.9245	18
FoCotton	JH658161.1	15983	6538	6954	NC_030999.1	1838362	1470634	1471050	same	397	416	416	95.4327	60
FoCotton	KK035315.1	12826	8553	12826	NC_030999.1	1838362	1543736	1548015	same	4232	4279	4279	98.9016	0
FoCotton	JH658265.1	5262	633	3467	NC_030999.1	1838362	1549066	1551933	opposite	2584	2900	2867	89.1034	60
FoCotton	JH658100.1	30125	10790	12394	NC_030999.1	1838362	1549847	1551451	opposite	1582	1604	1604	98.6284	1
FoCotton	JH658154.1	16210	13427	16151	NC_030999.1	1838362	1554500	1557223	opposite	2655	2724	2723	97.4670	54
FoCotton	JH658138.1	21495	7502	7745	NC_030999.1	1838362	1558770	1559013	same	241	243	243	99.1770	0
FoCotton	JH658044.1	55790	37596	37922	NC_030999.1	1838362	1558824	1559151	opposite	317	327	327	96.9419	37
FoCotton	JH658009.1	89445	23225	23789	NC_030999.1	1838362	1561164	1561727	same	556	564	563	98.5816	23
FoCotton	KK035626.1	2296	0	2296	NC_030999.1	1838362	1577750	1580046	opposite	2191	2296	2296	95.4268	1
FoCotton	KK035709.1	1700	0	1700	NC_030999.1	1838362	1578423	1580123	same	1625	1700	1700	95.5882	24
FoCotton	KK035338.1	10677	7667	8931	NC_030999.1	1838362	1579032	1580313	opposite	1241	1283	1281	96.7264	60
FoCotton	KK035823.1	1137	0	1137	NC_030999.1	1838362	1588113	1589272	same	1089	1161	1159	93.7984	60
FoCotton	KK035251.1	31739	20793	24538	NC_030999.1	1838362	1615530	1619204	same	3596	3754	3674	95.7912	60
FoCotton	KK035251.1	31739	25585	31681	NC_030999.1	1838362	1619707	1625805	same	6002	6118	6098	98.1040	60
FoCotton	JH658193.1	10737	8280	10737	NC_030999.1	1838362	1632098	1634551	opposite	2404	2458	2453	97.8031	60
FoCotton	JH658193.1	10737	7196	8126	NC_030999.1	1838362	1634727	1635658	opposite	902	931	931	96.8851	60
FoCotton	KK035662.1	2030	0	2030	NC_030999.1	1838362	1635120	1637147	opposite	1976	2031	2027	97.2920	60
FoCotton	JH658193.1	10737	3168	5436	NC_030999.1	1838362	1637937	1639832	opposite	1844	2272	1895	81.1620	60
FoCotton	KK035511.1	3703	0	2621	NC_030999.1	1838362	1639879	1642501	same	2549	2623	2622	97.1788	60
FoCotton	JH658193.1	10737	148	2795	NC_030999.1	1838362	1640293	1642861	opposite	2479	2648	2568	93.6178	60
FoCotton	JH658101.1	27360	11642	24634	NC_030999.1	1838362	1644914	1657442	opposite	12354	12893	12528	95.8194	60
FoCotton	KK035593.1	2703	0	2703	NC_030999.1	1838362	1651060	1653742	same	2618	2705	2682	96.7837	60
FoCotton	KK035493.1	4147	2046	4147	NC_030999.1	1838362	1652651	1654753	opposite	2055	2102	2102	97.7640	60
FoCotton	KK035482.1	4332	1595	2932	NC_030999.1	1838362	1668919	1670274	opposite	1297	1360	1355	95.3676	60
FoCotton	JH658033.1	59173	53821	55578	NC_030999.1	1838362	1676271	1677978	same	1665	1757	1707	94.7638	60
FoCotton	KK035526.1	3539	253	1974	NC_030999.1	1838362	1676309	1677978	opposite	1539	1723	1669	89.3210	60
FoCotton	KK035732.1	1636	243	1450	NC_030999.1	1838362	1676773	1677978	opposite	1120	1209	1205	92.6385	60
FoCotton	JH658070.1	34555	33396	34555	NC_030999.1	1838362	1699515	1700674	same	1136	1159	1159	98.0155	59
FoCotton	KK035319.1	12418	10058	12418	NC_030999.1	1838362	1699517	1701880	same	2269	2363	2363	96.0220	60
FoCotton	JH658000.1	99639	73977	78303	NC_030999.1	1838362	1700366	1704692	opposite	3932	4326	4326	90.8923	60
FoCotton	KK035414.1	6295	2393	6290	NC_030999.1	1838362	1715801	1719710	same	3792	3927	3909	96.5623	60
FoCotton	JH658110.1	24603	0	2501	NC_030999.1	1838362	1717436	1719940	opposite	2447	2507	2504	97.6067	60
FoCotton	KK035702.1	1672	0	1672	NC_030999.1	1838362	1721437	1723108	opposite	1658	1672	1671	99.1627	60
FoCotton	KK035283.1	17083	7916	8804	NC_030999.1	1838362	1722352	1723240	opposite	842	888	888	94.8198	60
FoCotton	KK035423.1	5983	2435	5833	NC_030999.1	1838362	1738485	1741904	same	3365	3419	3419	98.4206	60
FoCotton	KK035230.1	75149	46392	50375	NC_030999.1	1838362	1762754	1766743	opposite	3710	3996	3989	92.8428	60
FoCotton	KK035424.1	5910	3037	4991	NC_030999.1	1838362	1763153	1765116	same	1823	1967	1963	92.6792	60
FoCotton	KK035230.1	75149	43527	45788	NC_030999.1	1838362	1767335	1769587	opposite	2140	2261	2252	94.6484	60
FoCotton	JH658062.1	38271	33712	37014	NC_030999.1	1838362	1767422	1770728	same	3095	3306	3306	93.6177	60
FoCotton	JH658089.1	31401	5633	12938	NC_030999.1	1838362	1780897	1788202	opposite	7274	7305	7305	99.5756	60
FoCotton	JH658028.1	66907	34405	36016	NC_030999.1	1838362	1788829	1790440	opposite	1504	1618	1611	92.9543	0
FoCotton	JH658077.1	32478	8028	9761	NC_030999.1	1838362	1836471	1838188	opposite	1629	1753	1717	92.9264	1
FoCotton	JH658200.1	10198	2277	2768	NC_031000.1	2434640	17703	18194	opposite	472	491	491	96.1303	0
FoCotton	KK035653.1	2119	47	2119	NC_031000.1	2434640	26843	28914	opposite	2037	2073	2071	98.2634	0
FoCotton	JH658024.1	70476	32079	32964	NC_031000.1	2434640	30453	31338	same	835	885	885	94.3503	31
FoCotton	JH658053.1	44137	1743	2192	NC_031000.1	2434640	35770	36219	same	439	449	449	97.7728	0
FoCotton	JH657978.1	171404	168710	169986	NC_031000.1	2434640	40106	41403	opposite	1200	1304	1297	92.0245	0
FoCotton	JH658093.1	28369	17924	18877	NC_031000.1	2434640	40424	41400	opposite	893	979	976	91.2155	0
FoCotton	JH658084.1	33835	134	1815	NC_031000.1	2434640	57017	58691	opposite	1628	1681	1674	96.8471	0
FoCotton	JH658163.1	14682	13926	14589	NC_031000.1	2434640	58679	59339	opposite	645	663	660	97.2851	0
FoCotton	JH658017.1	87296	39289	43056	NC_031000.1	2434640	75113	78885	same	3505	3777	3772	92.7985	5
FoCotton	JH658057.1	40519	14450	16295	NC_031000.1	2434640	89274	91120	same	1755	1846	1846	95.0704	0
FoCotton	JH658017.1	87296	61564	61812	NC_031000.1	2434640	91137	91385	opposite	244	248	248	98.3871	0
FoCotton	JH658081.1	32516	200	1912	NC_031000.1	2434640	91190	92906	same	1694	1716	1716	98.7179	0
FoCotton	JH658192.1	10557	5425	7293	NC_031000.1	2434640	99785	101648	same	1784	1870	1863	95.4011	0
FoCotton	JH658093.1	28369	10205	11852	NC_031000.1	2434640	119900	121602	same	1530	1709	1702	89.5260	0
FoCotton	KK035318.1	12633	5064	7142	NC_031000.1	2434640	161211	163294	opposite	2017	2084	2083	96.7850	0
FoCotton	JH658034.1	67929	46346	49992	NC_031000.1	2434640	167036	170678	same	3602	3647	3642	98.7661	26
FoCotton	KK035441.1	5474	0	3059	NC_031000.1	2434640	167578	170632	opposite	3027	3059	3054	98.9539	0
FoCotton	JH658019.1	79820	52712	54555	NC_031000.1	2434640	190023	191865	same	1797	1843	1842	97.5041	0
FoCotton	KK035230.1	75149	13586	15432	NC_031000.1	2434640	190023	191865	same	1804	1846	1842	97.7248	0
FoCotton	JH658027.1	69246	5846	7110	NC_031000.1	2434640	190024	191288	opposite	1182	1264	1264	93.5127	0
FoCotton	KK035306.1	14385	10029	10828	NC_031000.1	2434640	199177	199972	same	748	799	795	93.6170	0
FoCotton	JH658143.1	17739	12829	13967	NC_031000.1	2434640	200366	201504	same	1085	1138	1138	95.3427	0
FoCotton	JH658205.1	9991	9740	9991	NC_031000.1	2434640	201523	201774	same	248	251	251	98.8048	0
FoCotton	JH658224.1	8620	2779	3472	NC_031000.1	2434640	212824	213538	same	669	714	714	93.6975	0
FoCotton	JH658058.1	38863	35285	37609	NC_031000.1	2434640	216585	218908	same	2291	2324	2323	98.5800	0
FoCotton	JH658190.1	10861	7201	8177	NC_031000.1	2434640	217933	218909	opposite	956	976	976	97.9508	0
FoCotton	JH658215.1	9107	8110	8334	NC_031000.1	2434640	226734	226958	opposite	223	224	224	99.5536	0
FoCotton	JH657946.1	357253	282335	284439	NC_031000.1	2434640	230289	232352	same	1921	2107	2063	91.1723	0
FoCotton	JH658054.1	40292	16773	17121	NC_031000.1	2434640	243726	244074	same	348	348	348	100.0000	0
FoCotton	KK035400.1	6736	5330	6736	NC_031000.1	2434640	244184	245590	opposite	1403	1406	1406	99.7866	0
FoCotton	JH658099.1	26636	1719	2545	NC_031000.1	2434640	252909	253735	same	763	826	826	92.3729	0
FoCotton	JH658017.1	87296	4574	5176	NC_031000.1	2434640	270483	271085	opposite	592	602	602	98.3389	0
FoCotton	JH658040.1	55028	13318	27297	NC_031000.1	2434640	280084	293677	opposite	12917	13887	13593	93.0151	60
FoCotton	KK035398.1	6949	6474	6949	NC_031000.1	2434640	296500	296974	same	470	475	474	98.9474	0
FoCotton	JH658085.1	36572	13515	14495	NC_031000.1	2434640	319270	320250	same	911	980	980	92.9592	0
FoCotton	JH658085.1	36572	11197	12185	NC_031000.1	2434640	319270	320258	same	895	988	988	90.5870	0
FoCotton	JH657931.1	857877	3601	5426	NC_031000.1	2434640	319270	321095	opposite	1752	1825	1825	96.0000	0
FoCotton	KK035255.1	27702	5623	7487	NC_031000.1	2434640	361521	363385	opposite	1794	1864	1864	96.2446	0
FoCotton	JH658049.1	43179	16261	17447	NC_031000.1	2434640	374581	375767	opposite	1106	1186	1186	93.2546	0
FoCotton	JH658082.1	31385	22091	23608	NC_031000.1	2434640	390367	391884	opposite	1436	1517	1517	94.6605	16
FoCotton	KK035635.1	2297	0	279	NC_031000.1	2434640	392665	392944	same	274	279	279	98.2079	0
FoCotton	KK035515.1	3715	87	3396	NC_031000.1	2434640	395934	399283	same	3196	3376	3349	94.6682	2
FoCotton	JH658138.1	21495	282	1212	NC_031000.1	2434640	399975	400874	same	863	931	899	92.6960	12
FoCotton	JH658116.1	23159	21859	22398	NC_031000.1	2434640	410625	411166	same	524	541	541	96.8577	0
FoCotton	JH658137.1	19633	13590	14174	NC_031000.1	2434640	413219	413804	same	543	585	585	92.8205	0
FoCotton	KK035265.1	21175	10458	12300	NC_031000.1	2434640	429752	431596	opposite	1692	1845	1844	91.7073	0
FoCotton	KK035261.1	24093	16160	16400	NC_031000.1	2434640	454556	454796	opposite	237	240	240	98.7500	0
FoCotton	JH658074.1	35225	13630	14307	NC_031000.1	2434640	465324	466001	same	656	677	677	96.8981	0
FoCotton	KK035312.1	13076	4356	5128	NC_031000.1	2434640	478377	479148	same	769	772	771	99.6114	0
FoCotton	JH658100.1	30125	7344	7853	NC_031000.1	2434640	480534	481043	same	485	509	509	95.2849	0
FoCotton	JH658100.1	30125	8262	8748	NC_031000.1	2434640	481451	481937	same	458	486	486	94.2387	0
FoCotton	JH658100.1	30125	12516	16492	NC_031000.1	2434640	481957	485938	same	3817	3988	3981	95.7121	4
FoCotton	JH658057.1	40519	7526	8785	NC_031000.1	2434640	501612	502873	same	1162	1261	1261	92.1491	60
FoCotton	JH658000.1	99639	59293	60354	NC_031000.1	2434640	546633	547952	same	969	1324	1319	73.1873	0
FoCotton	JH658095.1	27527	12937	18147	NC_031000.1	2434640	549198	553887	same	4480	5222	4689	85.7909	60
FoCotton	KK035260.1	24340	2032	9329	NC_031000.1	2434640	549388	556188	opposite	6423	7359	6800	87.2809	19
FoCotton	KK035266.1	21374	3906	5650	NC_031000.1	2434640	565232	566975	opposite	1649	1744	1743	94.5528	0
FoCotton	KK035431.1	5726	4229	4895	NC_031000.1	2434640	574399	575071	opposite	631	675	672	93.4815	0
FoCotton	KK035265.1	21175	16557	17850	NC_031000.1	2434640	575347	576640	same	1243	1293	1293	96.1330	0
FoCotton	JH658037.1	58229	14709	16000	NC_031000.1	2434640	575349	576640	opposite	1236	1291	1291	95.7397	0
FoCotton	JH658259.1	5520	0	240	NC_031000.1	2434640	576658	576898	opposite	239	240	240	99.5833	0
FoCotton	JH658026.1	71206	13941	14574	NC_031000.1	2434640	576659	577292	same	622	633	633	98.2622	0
FoCotton	JH658106.1	25158	24373	25158	NC_031000.1	2434640	576659	577445	same	775	786	786	98.6005	0
FoCotton	JH658000.1	99639	67698	69918	NC_031000.1	2434640	594045	596264	opposite	2183	2220	2219	98.3333	0
FoCotton	KK035363.1	8250	281	2120	NC_031000.1	2434640	594242	596066	same	1677	1845	1824	90.8943	0
FoCotton	KK035244.1	36771	13961	14862	NC_031000.1	2434640	617459	618363	same	830	904	904	91.8142	0
FoCotton	JH658136.1	19609	12208	12655	NC_031000.1	2434640	625458	625904	opposite	438	447	446	97.9866	29
FoCotton	KK035261.1	24093	16748	17248	NC_031000.1	2434640	639488	639988	opposite	476	500	500	95.2000	0
FoCotton	KK035350.1	9342	7627	9223	NC_031000.1	2434640	639488	641087	same	1489	1599	1599	93.1207	60
FoCotton	JH658090.1	30509	29905	30509	NC_031000.1	2434640	645457	646047	opposite	571	604	590	94.5364	0
FoCotton	JH658148.1	18046	17442	18046	NC_031000.1	2434640	645457	646047	opposite	571	604	590	94.5364	0
FoCotton	JH658124.1	24113	22181	24113	NC_031000.1	2434640	746148	748085	opposite	1841	1937	1937	95.0439	0
FoCotton	JH658155.1	20552	11404	11678	NC_031000.1	2434640	749193	749467	opposite	271	274	274	98.9051	12
FoCotton	KK035242.1	42187	41657	42187	NC_031000.1	2434640	767826	768356	same	518	530	530	97.7358	0
FoCotton	KK035248.1	35043	6997	10013	NC_031000.1	2434640	772103	775313	opposite	2958	3210	3210	92.1495	5
FoCotton	KK035746.1	1435	5	1435	NC_031000.1	2434640	773117	774547	same	1378	1430	1430	96.3636	22
FoCotton	KK035283.1	17083	1360	1985	NC_031000.1	2434640	789816	790461	opposite	611	645	645	94.7287	60
FoCotton	JH658154.1	16210	59	443	NC_031000.1	2434640	797543	797927	opposite	380	384	384	98.9583	0
FoCotton	JH658169.1	16349	0	224	NC_031000.1	2434640	799180	799404	same	223	224	224	99.5536	0
FoCotton	JH658150.1	17467	8800	9608	NC_031000.1	2434640	799638	800446	opposite	748	810	808	92.3457	0
FoCotton	KK035373.1	7741	0	423	NC_031000.1	2434640	801343	801766	opposite	409	423	423	96.6903	0
FoCotton	KK035266.1	21374	1374	3216	NC_031000.1	2434640	801343	803185	same	1759	1842	1842	95.4940	0
FoCotton	JH658122.1	21967	11151	11546	NC_031000.1	2434640	802817	803212	opposite	388	395	395	98.2278	0
FoCotton	JH658126.1	23475	23225	23475	NC_031000.1	2434640	802952	803202	opposite	247	250	250	98.8000	0
FoCotton	JH658075.1	33105	4725	4976	NC_031000.1	2434640	802958	803209	opposite	247	251	251	98.4064	0
FoCotton	KK035487.1	4301	927	4059	NC_031000.1	2434640	804721	807822	same	2849	3137	3101	90.8193	0
FoCotton	JH658125.1	22170	2605	3334	NC_031000.1	2434640	831476	832205	opposite	694	729	729	95.1989	0
FoCotton	JH658024.1	70476	12233	13615	NC_031000.1	2434640	834395	835711	opposite	1282	1382	1316	92.7641	1
FoCotton	JH658194.1	11323	9499	10579	NC_031000.1	2434640	867637	868717	opposite	1050	1080	1080	97.2222	0
FoCotton	JH658067.1	35415	9907	10533	NC_031000.1	2434640	877892	878518	opposite	603	626	626	96.3259	0
FoCotton	JH658083.1	31903	13140	14320	NC_031000.1	2434640	878023	879211	opposite	1093	1188	1188	92.0034	0
FoCotton	JH658093.1	28369	577	1704	NC_031000.1	2434640	889412	890537	same	1047	1127	1125	92.9015	0
FoCotton	JH658250.1	5614	4687	5600	NC_031000.1	2434640	889632	890540	opposite	864	919	908	94.0152	0
FoCotton	JH658087.1	30642	18075	18923	NC_031000.1	2434640	889648	890495	same	820	848	847	96.6981	0
FoCotton	KK035255.1	27702	11309	12785	NC_031000.1	2434640	890820	892297	opposite	1418	1477	1477	96.0054	0
FoCotton	KK035261.1	24093	6460	12002	NC_031000.1	2434640	892621	898172	opposite	5375	5559	5551	96.6901	0
FoCotton	JH658108.1	24796	19766	21726	NC_031000.1	2434640	892717	894673	opposite	1886	1962	1956	96.1264	0
FoCotton	JH657951.1	293070	279933	280366	NC_031000.1	2434640	1042785	1043218	opposite	416	433	433	96.0739	55
FoCotton	JH657970.1	202139	178306	178739	NC_031000.1	2434640	1042785	1043218	same	416	433	433	96.0739	55
FoCotton	JH657976.1	181406	97861	98295	NC_031000.1	2434640	1042785	1043219	same	417	434	434	96.0829	55
FoCotton	JH658195.1	10462	461	1983	NC_031000.1	2434640	1043630	1045152	opposite	1430	1522	1522	93.9553	60
FoCotton	JH658000.1	99639	54174	56827	NC_031000.1	2434640	1045370	1048025	same	2496	2655	2655	94.0113	60
FoCotton	JH657946.1	357253	278340	280638	NC_031000.1	2434640	1046271	1048615	opposite	2225	2344	2344	94.9232	60
FoCotton	JH658033.1	59173	34816	35256	NC_031000.1	2434640	1055471	1055911	opposite	421	440	440	95.6818	60
FoCotton	KK035306.1	14385	9373	9722	NC_031000.1	2434640	1070552	1070901	opposite	339	349	349	97.1347	0
FoCotton	KK035378.1	7630	2267	2915	NC_031000.1	2434640	1093940	1094587	same	625	650	647	96.1538	0
FoCotton	JH658034.1	67929	37861	42191	NC_031000.1	2434640	1097566	1101870	opposite	4094	4330	4304	94.5497	6
FoCotton	KK035316.1	12782	12388	12781	NC_031000.1	2434640	1119024	1119417	opposite	385	393	393	97.9644	0
FoCotton	JH658016.1	79893	42280	46180	NC_031000.1	2434640	1134814	1138192	same	3202	3904	3378	82.0184	60
FoCotton	JH658019.1	79820	24710	28725	NC_031000.1	2434640	1134814	1138315	opposite	3329	4018	3501	82.8522	60
FoCotton	JH658018.1	77205	62189	67091	NC_031000.1	2434640	1138313	1143213	same	4673	4908	4900	95.2119	0
FoCotton	JH658091.1	28983	25087	26355	NC_031000.1	2434640	1142159	1143429	same	1179	1277	1270	92.3258	0
FoCotton	JH658018.1	77205	69658	70110	NC_031000.1	2434640	1146053	1146506	same	435	453	453	96.0265	1
FoCotton	JH658088.1	30123	0	403	NC_031000.1	2434640	1171712	1172113	opposite	395	403	401	98.0149	0
FoCotton	KK035393.1	7135	2614	4615	NC_031000.1	2434640	1177389	1179390	opposite	1919	2001	2001	95.9020	0
FoCotton	JH658133.1	20702	17894	20597	NC_031000.1	2434640	1187152	1189855	same	2617	2703	2703	96.8183	0
FoCotton	JH658125.1	22170	7134	8761	NC_031000.1	2434640	1196936	1198563	same	1601	1627	1627	98.4020	0
FoCotton	JH657976.1	181406	89628	91909	NC_031000.1	2434640	1203821	1206102	opposite	2125	2281	2281	93.1609	0
FoCotton	JH658127.1	21339	17520	19529	NC_031000.1	2434640	1233982	1235990	opposite	1902	2009	2008	94.6740	1
FoCotton	JH658056.1	44044	41544	43377	NC_031000.1	2434640	1234140	1235992	opposite	1711	1854	1852	92.2869	10
FoCotton	JH657976.1	181406	65976	67825	NC_031000.1	2434640	1256764	1258648	opposite	1674	1900	1884	88.1053	60
FoCotton	KK035318.1	12633	7767	8734	NC_031000.1	2434640	1256774	1257753	same	906	979	979	92.5434	0
FoCotton	JH658012.1	85819	8678	10924	NC_031000.1	2434640	1259624	1261882	same	2144	2260	2258	94.8673	0
FoCotton	KK035561.1	3081	193	1061	NC_031000.1	2434640	1261579	1262448	same	846	869	869	97.3533	0
FoCotton	JH657986.1	120035	45494	47998	NC_031000.1	2434640	1264702	1267195	opposite	2434	2504	2493	97.2045	23
FoCotton	JH658224.1	8620	3877	4478	NC_031000.1	2434640	1334608	1335209	opposite	596	601	601	99.1681	0
FoCotton	JH657978.1	171404	132830	136780	NC_031000.1	2434640	1361023	1365602	same	3736	4479	4579	83.4115	0
FoCotton	KK035280.1	17440	7822	17440	NC_031000.1	2434640	1364070	1373700	opposite	9364	9668	9630	96.8556	5
FoCotton	JH658073.1	33558	1775	2037	NC_031000.1	2434640	1365340	1365602	opposite	256	262	262	97.7099	0
FoCotton	JH658019.1	79820	15555	16136	NC_031000.1	2434640	1373980	1374546	opposite	535	582	566	91.9244	0
FoCotton	KK035385.1	7315	6465	7315	NC_031000.1	2434640	1390230	1391081	same	836	851	851	98.2374	0
FoCotton	KK035230.1	75149	23674	24689	NC_031000.1	2434640	1390231	1391240	opposite	928	1016	1009	91.3386	0
FoCotton	JH658041.1	58569	43306	58569	NC_031000.1	2434640	1397220	1413755	opposite	14635	16928	16535	86.4544	0
FoCotton	JH658069.1	34732	5797	6306	NC_031000.1	2434640	1406640	1407149	same	479	509	509	94.1061	0
FoCotton	JH658125.1	22170	10352	13864	NC_031000.1	2434640	1407665	1411182	opposite	3295	3523	3517	93.5282	0
FoCotton	JH658076.1	33158	31159	32611	NC_031000.1	2434640	1411835	1413286	opposite	1356	1465	1451	92.5597	0
FoCotton	JH658249.1	5837	1658	2050	NC_031000.1	2434640	1415091	1415483	opposite	388	392	392	98.9796	0
FoCotton	JH658011.1	86016	20061	21345	NC_031000.1	2434640	1419165	1420420	same	1215	1284	1255	94.6262	0
FoCotton	JH658034.1	67929	8069	8307	NC_031000.1	2434640	1439769	1440007	opposite	236	238	238	99.1597	0
FoCotton	JH658095.1	27527	23116	23360	NC_031000.1	2434640	1439769	1440013	opposite	242	244	244	99.1803	0
FoCotton	KK035533.1	3454	296	1547	NC_031000.1	2434640	1441223	1442477	same	1221	1254	1254	97.3684	0
FoCotton	JH658153.1	15756	4812	6705	NC_031000.1	2434640	1441674	1443566	same	1802	1893	1892	95.1928	0
FoCotton	KK035533.1	3454	3003	3454	NC_031000.1	2434640	1442469	1442920	same	426	451	451	94.4568	0
FoCotton	JH658084.1	33835	5044	6320	NC_031000.1	2434640	1445640	1446916	opposite	1219	1280	1276	95.2344	0
FoCotton	JH657990.1	113886	1864	3216	NC_031000.1	2434640	1445681	1447033	opposite	1235	1352	1352	91.3462	0
FoCotton	JH657946.1	357253	63836	65427	NC_031000.1	2434640	1445901	1447491	same	1510	1595	1590	94.6708	0
FoCotton	KK035296.1	15047	5192	15022	NC_031000.1	2434640	1450302	1459039	same	8299	9886	8737	83.9470	1
FoCotton	JH658049.1	43179	22760	36651	NC_031000.1	2434640	1453727	1467782	opposite	13092	14037	14055	93.2678	60
FoCotton	JH658123.1	23641	20560	23346	NC_031000.1	2434640	1456293	1459039	opposite	2680	2793	2746	95.9542	16
FoCotton	JH658123.1	23641	8698	19105	NC_031000.1	2434640	1460706	1471373	opposite	10115	10605	10667	95.3795	60
FoCotton	JH658102.1	26335	22860	26316	NC_031000.1	2434640	1463556	1467012	opposite	3361	3456	3456	97.2512	60
FoCotton	JH658100.1	30125	16694	18282	NC_031000.1	2434640	1476544	1478133	same	1464	1592	1589	91.9598	0
FoCotton	JH658135.1	20451	16062	16776	NC_031000.1	2434640	1484301	1485015	opposite	711	714	714	99.5798	60
FoCotton	JH658053.1	44137	26369	28128	NC_031000.1	2434640	1486761	1488538	opposite	1724	1777	1777	97.0174	60
FoCotton	JH658011.1	86016	66850	67551	NC_031000.1	2434640	1487895	1488596	same	661	701	701	94.2939	0
FoCotton	JH658061.1	38139	17901	19508	NC_031000.1	2434640	1504990	1506596	same	1475	1610	1606	91.6149	0
FoCotton	JH658163.1	14682	2860	3628	NC_031000.1	2434640	1533794	1534559	opposite	748	768	765	97.3958	49
FoCotton	JH658271.1	3552	2388	3350	NC_031000.1	2434640	1545167	1546129	same	925	963	962	96.0540	0
FoCotton	JH658129.1	21255	14019	15300	NC_031000.1	2434640	1545167	1546447	opposite	1239	1282	1280	96.6459	0
FoCotton	JH658112.1	23896	15513	17229	NC_031000.1	2434640	1549416	1551132	same	1677	1716	1716	97.7273	6
FoCotton	JH658138.1	21495	0	212	NC_031000.1	2434640	1581151	1581363	opposite	211	212	212	99.5283	0
FoCotton	JH658204.1	9736	3237	4384	NC_031000.1	2434640	1587364	1588514	same	1131	1152	1150	98.1771	0
FoCotton	JH658137.1	19633	9044	10487	NC_031000.1	2434640	1650768	1652205	opposite	1346	1446	1437	93.0844	0
FoCotton	KK035691.1	1850	8	1843	NC_031000.1	2434640	1673071	1674906	opposite	1765	1835	1835	96.1853	0
FoCotton	JH658087.1	30642	23301	27981	NC_031000.1	2434640	1683541	1688216	opposite	4632	4681	4675	98.9532	60
FoCotton	JH658111.1	26171	3867	6665	NC_031000.1	2434640	1691457	1693997	opposite	2428	2807	2540	86.4980	3
FoCotton	KK035240.1	44318	20747	22942	NC_031000.1	2434640	1698676	1700875	same	2044	2202	2199	92.8247	60
FoCotton	KK035240.1	44318	10989	12198	NC_031000.1	2434640	1710460	1711667	opposite	1114	1209	1207	92.1423	60
FoCotton	JH658004.1	98198	33518	42024	NC_031000.1	2434640	1713469	1721747	same	7855	8530	8278	92.0868	60
FoCotton	KK035240.1	44318	1812	7924	NC_031000.1	2434640	1715368	1721454	opposite	5761	6116	6086	94.1956	60
FoCotton	JH657930.1	906049	904967	905887	NC_031000.1	2434640	1763266	1764186	opposite	870	920	920	94.5652	41
FoCotton	KK035688.1	1864	0	707	NC_031000.1	2434640	1763479	1764186	same	696	707	707	98.4441	20
FoCotton	JH658081.1	32516	2192	2902	NC_031000.1	2434640	1763479	1764189	same	697	710	710	98.1690	44
FoCotton	JH658026.1	71206	1104	2417	NC_031000.1	2434640	1764404	1765717	opposite	1281	1313	1313	97.5628	60
FoCotton	JH658004.1	98198	88587	89870	NC_031000.1	2434640	1764435	1765717	same	1255	1283	1282	97.8176	60
FoCotton	JH658004.1	98198	94507	95051	NC_031000.1	2434640	1770318	1770862	same	523	544	544	96.1397	51
FoCotton	JH658004.1	98198	95471	96637	NC_031000.1	2434640	1771270	1772388	same	1040	1178	1118	88.2852	47
FoCotton	KK035443.1	5165	2780	3759	NC_031000.1	2434640	1909439	1910418	same	930	979	979	94.9949	60
FoCotton	JH658112.1	23896	216	1495	NC_031000.1	2434640	1916090	1917373	opposite	1217	1283	1283	94.8558	60
FoCotton	JH658061.1	38139	32562	33841	NC_031000.1	2434640	1927159	1928405	same	1203	1284	1246	93.6916	60
FoCotton	KK035248.1	35043	5799	6373	NC_031000.1	2434640	1935491	1936065	same	537	574	574	93.5540	60
FoCotton	KK035397.1	7533	5040	5360	NC_031000.1	2434640	1936095	1936415	opposite	317	320	320	99.0625	14
FoCotton	JH658098.1	27399	8815	14041	NC_031000.1	2434640	1936423	1941259	opposite	4729	5127	4836	92.2372	60
FoCotton	JH658098.1	27399	7797	8513	NC_031000.1	2434640	1941516	1942208	opposite	647	722	692	89.6122	60
FoCotton	JH658098.1	27399	5780	7462	NC_031000.1	2434640	1942543	1944228	opposite	1587	1685	1685	94.1840	60
FoCotton	JH658021.1	74742	67456	70017	NC_031000.1	2434640	1954416	1956977	opposite	2464	2564	2561	96.0998	27
FoCotton	KK035550.1	3184	158	2344	NC_031000.1	2434640	1954715	1956980	opposite	2068	2273	2265	90.9811	4
FoCotton	JH658017.1	87296	0	436	NC_031000.1	2434640	1966138	1966574	opposite	433	436	436	99.3119	60
FoCotton	JH658210.1	9888	9078	9888	NC_031000.1	2434640	1968472	1969283	opposite	786	811	811	96.9174	60
FoCotton	JH658261.1	4230	3925	4195	NC_031000.1	2434640	1969013	1969283	opposite	269	270	270	99.6296	4
FoCotton	KK035735.1	1490	0	1490	NC_031000.1	2434640	1981040	1982530	same	1483	1490	1490	99.5302	16
FoCotton	JH658011.1	86016	43553	65005	NC_031000.1	2434640	2001628	2019415	opposite	17197	21454	17787	80.1575	60
FoCotton	JH657951.1	293070	268367	274389	NC_031000.1	2434640	2008673	2015123	opposite	5659	6518	6450	86.8211	60
FoCotton	JH658021.1	74742	56342	61487	NC_031000.1	2434640	2018749	2023869	opposite	5051	5146	5120	98.1539	60
FoCotton	JH657978.1	171404	64051	65415	NC_031000.1	2434640	2025072	2026443	same	1339	1371	1371	97.6659	60
FoCotton	KK035280.1	17440	1	1360	NC_031000.1	2434640	2025080	2026448	opposite	1335	1368	1368	97.5877	60
FoCotton	JH657946.1	357253	258097	259267	NC_031000.1	2434640	2030127	2031299	same	1085	1172	1172	92.5768	60
FoCotton	JH658018.1	77205	15386	17769	NC_031000.1	2434640	2032384	2034761	same	2235	2388	2377	93.5930	60
FoCotton	JH658084.1	33835	13713	15518	NC_031000.1	2434640	2033220	2035026	opposite	1719	1814	1806	94.7630	60
FoCotton	KK035369.1	7907	3834	6774	NC_031000.1	2434640	2036691	2039631	opposite	2760	2944	2940	93.7500	60
FoCotton	JH658016.1	79893	62432	65007	NC_031000.1	2434640	2055497	2058073	same	2365	2576	2576	91.8090	60
FoCotton	JH658029.1	68105	43466	45125	NC_031000.1	2434640	2064644	2066303	same	1553	1659	1659	93.6106	60
FoCotton	JH658054.1	40292	24608	26409	NC_031000.1	2434640	2064721	2066522	opposite	1724	1801	1801	95.7246	60
FoCotton	JH658152.1	16208	6460	8402	NC_031000.1	2434640	2064721	2066663	opposite	1832	1952	1942	93.8525	60
FoCotton	JH658029.1	68105	45293	47216	NC_031000.1	2434640	2064912	2066835	same	1808	1923	1923	94.0198	60
FoCotton	JH658016.1	79893	75303	79713	NC_031000.1	2434640	2066832	2071227	same	4321	4413	4395	97.9153	60
FoCotton	JH658057.1	40519	29255	32010	NC_031000.1	2434640	2071263	2074018	opposite	2741	2755	2755	99.4918	60
FoCotton	JH658134.1	22707	20779	21765	NC_031000.1	2434640	2074139	2075120	same	915	986	981	92.7992	21
FoCotton	JH658000.1	99639	28561	30572	NC_031000.1	2434640	2075311	2077342	opposite	1921	2031	2031	94.5839	60
FoCotton	JH658162.1	13325	2733	3984	NC_031000.1	2434640	2078190	2079446	same	1191	1260	1256	94.5238	60
FoCotton	JH658200.1	10198	8868	9381	NC_031000.1	2434640	2079618	2080130	opposite	496	513	512	96.6862	60
FoCotton	JH658033.1	59173	36475	37019	NC_031000.1	2434640	2079619	2080163	opposite	517	545	544	94.8624	29
FoCotton	JH657978.1	171404	132255	132720	NC_031000.1	2434640	2089627	2090092	same	455	465	465	97.8495	60
FoCotton	JH658163.1	14682	10633	11372	NC_031000.1	2434640	2118903	2119636	same	707	739	733	95.6698	60
FoCotton	JH658089.1	31401	25275	25644	NC_031000.1	2434640	2127972	2128340	opposite	365	369	368	98.9160	21
FoCotton	JH658000.1	99639	69914	70500	NC_031000.1	2434640	2128954	2129543	same	577	589	589	97.9626	60
FoCotton	JH657983.1	148325	92248	97175	NC_031000.1	2434640	2133737	2139762	same	4733	6035	6025	78.4258	60
FoCotton	JH657946.1	357253	259656	259878	NC_031000.1	2434640	2135630	2135852	opposite	221	222	222	99.5495	35
FoCotton	JH657976.1	181406	74508	76315	NC_031000.1	2434640	2140988	2142795	opposite	1647	1807	1807	91.1455	60
FoCotton	JH657983.1	148325	101896	103257	NC_031000.1	2434640	2145499	2146870	same	1317	1371	1371	96.0613	60
FoCotton	JH657983.1	148325	104052	105326	NC_031000.1	2434640	2150355	2151640	same	1215	1289	1285	94.2591	60
FoCotton	JH657983.1	148325	105453	107541	NC_031000.1	2434640	2151778	2153866	same	2039	2088	2088	97.6533	60
FoCotton	KK035483.1	4331	3429	4137	NC_031000.1	2434640	2163796	2164502	same	695	708	706	98.1638	60
FoCotton	JH658224.1	8620	7792	8139	NC_031000.1	2434640	2166635	2166983	opposite	337	348	348	96.8391	53
FoCotton	JH658000.1	99639	53050	53294	NC_031000.1	2434640	2178370	2178614	same	240	244	244	98.3607	1
FoCotton	KK035595.1	2700	0	1872	NC_031000.1	2434640	2180821	2182692	opposite	1777	1872	1871	94.9252	21
FoCotton	JH658021.1	74742	62915	64057	NC_031000.1	2434640	2181919	2183063	opposite	1115	1144	1144	97.4650	60
FoCotton	KK035239.1	45350	20663	21236	NC_031000.1	2434640	2280384	2280957	same	552	573	573	96.3351	1
FoCotton	JH657978.1	171404	63637	64318	NC_031000.1	2434640	2283356	2284035	opposite	638	682	679	93.5484	60
FoCotton	JH658124.1	24113	19975	22020	NC_031000.1	2434640	2287511	2289553	same	1979	2049	2042	96.5837	1
FoCotton	JH658037.1	58229	9586	11462	NC_031000.1	2434640	2287514	2289553	same	1687	1945	2039	86.7352	14
FoCotton	JH657996.1	99969	6528	7925	NC_031000.1	2434640	2291937	2293335	opposite	1357	1398	1398	97.0672	60
FoCotton	KK035671.1	1951	1380	1951	NC_031000.1	2434640	2294683	2295254	opposite	558	571	571	97.7233	60
FoCotton	JH658182.1	11353	6834	7618	NC_031000.1	2434640	2295268	2296052	same	723	784	784	92.2194	60
FoCotton	JH658256.1	5207	0	1112	NC_031000.1	2434640	2296057	2297168	opposite	1102	1112	1111	99.1007	60
FoCotton	JH658133.1	20702	0	1280	NC_031000.1	2434640	2296057	2297337	opposite	1265	1280	1280	98.8281	60
FoCotton	JH658184.1	11433	7315	8633	NC_031000.1	2434640	2300410	2301728	same	1256	1318	1318	95.2959	18
FoCotton	JH658110.1	24603	5389	6295	NC_031000.1	2434640	2300801	2301707	same	888	906	906	98.0132	23
FoCotton	JH658016.1	79893	1964	2455	NC_031000.1	2434640	2301217	2301708	same	475	491	491	96.7413	1
FoCotton	JH658226.1	7747	762	1408	NC_031000.1	2434640	2318588	2319239	opposite	633	654	651	96.7890	60
FoCotton	KK035248.1	35043	2286	2728	NC_031000.1	2434640	2332660	2333102	opposite	432	442	442	97.7376	0
FoCotton	JH658029.1	68105	60742	62581	NC_031000.1	2434640	2337841	2339681	same	1790	1840	1840	97.2826	60
FoCotton	JH658037.1	58229	38856	40456	NC_031000.1	2434640	2337903	2339514	same	1528	1611	1611	94.8479	60
FoCotton	JH658061.1	38139	35348	37944	NC_031000.1	2434640	2359344	2361934	opposite	2462	2596	2590	94.8382	60
FoCotton	JH658073.1	33558	8345	9854	NC_031000.1	2434640	2362058	2363574	same	1421	1517	1516	93.6717	60
FoCotton	JH658167.1	12569	3797	5983	NC_031000.1	2434640	2375114	2377298	opposite	2105	2188	2184	96.2066	60
FoCotton	JH658090.1	30509	223	9436	NC_031000.1	2434640	2395659	2405302	opposite	8954	9560	9643	93.6611	24
FoCotton	JH658118.1	24356	2975	6072	NC_031000.1	2434640	2399723	2402834	opposite	2958	3111	3111	95.0820	0
FoCotton	KK035643.1	3642	3093	3338	NC_031000.1	2434640	2426559	2426804	opposite	244	245	245	99.5918	1
